lot_url,ah_price,ah_bp_price,ah_price_usd,ah_bp_price_usd,ah_low_estimate,ah_high_estimate,ah_low_estimate_usd,ah_high_estimate_usd,checked_currency,checked_house,memorabilia_type,sport,title,sale_date,auction_url,currency_inferred,source_rows,midpoint_ape_pct,midpoint_bias_pct
https://www.bonhams.com/auction/32329/lot/4/television-a-rare-early-cbgbs-new-york-city-concert-poster-1975/,800.0,1024.0,1012.54,1296.05,1000.0,1500.0,1265.67,1898.51,GBP,Bonhams,Pop Culture,N/A,"Television: A Rare Early CBGB's New York City Concert Poster, 1975,",2026-04-30,https://www.bonhams.com/auction/32329/50-years-of-punk/,False,1,56.25,56.25
https://www.bonhams.com/auction/32329/lot/5/patti-smith-a-group-of-early-promotional-items-1975-qty/,140.0,179.2,177.19,226.81,400.0,600.0,506.27,759.4,GBP,Bonhams,Pop Culture,N/A,"Patti Smith: A Group of Early Promotional Items, 1975, Qty",2026-04-30,https://www.bonhams.com/auction/32329/50-years-of-punk/,False,1,257.14285714285717,257.14285714285717
https://www.bonhams.com/auction/32329/lot/6/patti-smith-an-original-concert-poster-from-her-first-uk-concert-1976/,1700.0,2176.0,2151.65,2754.11,600.0,800.0,759.4,1012.54,GBP,Bonhams,Pop Culture,N/A,"Patti Smith: An Original Concert Poster from her First UK Concert, 1976,",2026-04-30,https://www.bonhams.com/auction/32329/50-years-of-punk/,False,1,58.8235294117647,-58.8235294117647
https://www.bonhams.com/auction/32329/lot/7/kathy-acker-a-vivienne-westwood-and-malcolm-mclaren-long-sleeved-destroy-muslin-shirt-circa-1975/,1800.0,2304.0,2278.21,2916.11,800.0,1200.0,1012.54,1518.81,GBP,Bonhams,Pop Culture,N/A,"Kathy Acker: A Vivienne Westwood & Malcolm McLaren long-sleeved 'Destroy' Muslin Shirt, circa 1975,",2026-04-30,https://www.bonhams.com/auction/32329/50-years-of-punk/,False,1,44.44444444444444,-44.44444444444444
https://www.bonhams.com/auction/32329/lot/9/talking-heads-a-rare-tour-blank-poster-and-a-talking-heads-and-television-concert-poster-1976-1977-2/,600.0,768.0,759.4,972.04,800.0,1200.0,1012.54,1518.81,GBP,Bonhams,Pop Culture,N/A,"Talking Heads: A Rare 'Tour Blank' Poster and a Talking Heads & Television Concert Poster, 1976-1977, 2",2026-04-30,https://www.bonhams.com/auction/32329/50-years-of-punk/,False,1,66.66666666666667,66.66666666666667
https://www.bonhams.com/auction/32329/lot/10/the-ramones-an-original-sire-records-baseball-bat-used-to-promote-blitzkrieg-bop-1976/,3800.0,4864.0,4809.56,6156.24,1500.0,2500.0,1898.51,3164.19,GBP,Bonhams,Pop Culture,N/A,"The Ramones: An Original Sire Records Baseball Bat used to Promote Blitzkrieg Bop, 1976,",2026-04-30,https://www.bonhams.com/auction/32329/50-years-of-punk/,False,1,47.36842105263158,-47.36842105263158
https://www.bonhams.com/auction/32329/lot/12/punk-magazine-usa-a-group-of-early-issues-1976-1979-9/,400.0,512.0,506.27,648.03,400.0,600.0,506.27,759.4,GBP,Bonhams,Pop Culture,N/A,"Punk Magazine USA: A Group of Early Issues, 1976-1979, 9",2026-04-30,https://www.bonhams.com/auction/32329/50-years-of-punk/,False,1,25.0,25.0
https://www.bonhams.com/auction/32329/lot/13/richard-hell-and-the-voidoidsthe-clash-a-uk-tour-poster-for-blank-generation-1977/,1600.0,2048.0,2025.08,2592.1,1000.0,1500.0,1265.67,1898.51,GBP,Bonhams,Pop Culture,N/A,"Richard Hell & The Voidoids/The Clash: A UK Tour Poster for Blank Generation, 1977,",2026-04-30,https://www.bonhams.com/auction/32329/50-years-of-punk/,False,1,21.875,-21.875
https://www.bonhams.com/auction/32329/lot/14/roxy-club-an-original-xerox-flyer-for-wayne-county-1977/,2200.0,2816.0,2784.48,3564.14,1500.0,2500.0,1898.51,3164.19,GBP,Bonhams,Pop Culture,N/A,"Roxy Club: An Original Xerox Flyer for Wayne County, 1977,",2026-04-30,https://www.bonhams.com/auction/32329/50-years-of-punk/,False,1,9.090909090909092,-9.090909090909092
https://www.bonhams.com/auction/32329/lot/15/roxy-club-an-original-xerox-flyer-for-the-heartbreakers-1977/,1000.0,1280.0,1265.67,1620.06,1500.0,2500.0,1898.51,3164.19,GBP,Bonhams,Pop Culture,N/A,"Roxy Club: An Original Xerox Flyer for The Heartbreakers, 1977,",2026-04-30,https://www.bonhams.com/auction/32329/50-years-of-punk/,False,1,100.0,100.0
https://www.bonhams.com/auction/32329/lot/17/roxy-club-an-original-xerox-flyer-for-cherry-vanilla-and-the-police-1977/,2000.0,2560.0,2531.35,3240.13,2000.0,3000.0,2531.35,3797.02,GBP,Bonhams,Pop Culture,N/A,"Roxy Club: An Original Xerox Flyer for Cherry Vanilla and The Police, 1977,",2026-04-30,https://www.bonhams.com/auction/32329/50-years-of-punk/,False,1,25.0,25.0
https://www.bonhams.com/auction/32329/lot/18/plasmatics-a-concert-poster-for-their-first-live-public-performance-at-cbgbs-1978/,850.0,1088.0,1075.82,1377.05,800.0,1200.0,1012.54,1518.81,GBP,Bonhams,Pop Culture,N/A,"Plasmatics: A Concert Poster for their first live public performance at CBGB's, 1978,",2026-04-30,https://www.bonhams.com/auction/32329/50-years-of-punk/,False,1,17.647058823529413,17.647058823529413
https://www.bonhams.com/auction/32329/lot/19/mick-rock-british-1944-2021-two-prints-of-debbie-harry-1978-printed-later-2/,1600.0,2048.0,2025.08,2592.1,1500.0,2500.0,1898.51,3164.19,GBP,Bonhams,Pop Culture,N/A,"Mick Rock (British, 1944-2021): Two Prints of Debbie Harry, 1978, printed later, 2",2026-04-30,https://www.bonhams.com/auction/32329/50-years-of-punk/,False,1,25.0,25.0
https://www.bonhams.com/auction/32329/lot/21/martyn-goddard-british-born-1951-debbie-harry-recording-parallel-lines-at-the-record-plant-new-york-1978-printed-later/,950.0,1216.0,1202.39,1539.06,800.0,1200.0,1012.54,1518.81,GBP,Bonhams,Pop Culture,N/A,"Martyn Goddard (British, born 1951): Debbie Harry recording Parallel Lines at the Record Plant, New York, 1978, printed later,",2026-04-30,https://www.bonhams.com/auction/32329/50-years-of-punk/,False,1,5.2631578947368425,5.2631578947368425
https://www.bonhams.com/auction/32329/lot/24/mick-rock-british-1944-2021-david-bowie-iggy-pop-and-lou-reed-1972/,1300.0,1664.0,1645.38,2106.08,1500.0,2500.0,1898.51,3164.19,GBP,Bonhams,Pop Culture,N/A,"Mick Rock (British, 1944-2021): David Bowie, Iggy Pop and Lou Reed, 1972,",2026-04-30,https://www.bonhams.com/auction/32329/50-years-of-punk/,False,1,53.84615384615385,53.84615384615385
https://www.bonhams.com/auction/32329/lot/25/lou-reed-a-noah-slim-aluminium-electric-guitar-circa-2000s/,6000.0,7680.0,7594.05,9720.38,6000.0,8000.0,7594.05,10125.4,GBP,Bonhams,Pop Culture,N/A,"Lou Reed: A Noah 'Slim' Aluminium Electric Guitar, circa 2000s,",2026-04-30,https://www.bonhams.com/auction/32329/50-years-of-punk/,False,1,16.666666666666668,16.666666666666668
https://www.bonhams.com/auction/32329/lot/26/lou-reed-a-tour-used-rick-kelly-silver-sparkle-telecaster-style-electric-guitar-circa-early-2000s/,16000.0,20480.0,20250.79,25921.01,7000.0,9000.0,8859.72,11391.07,GBP,Bonhams,Pop Culture,N/A,"Lou Reed: A Tour-Used Rick Kelly 'Silver Sparkle' Telecaster-Style Electric Guitar, circa early 2000s,",2026-04-30,https://www.bonhams.com/auction/32329/50-years-of-punk/,False,1,50.0,-50.0
https://www.bonhams.com/auction/32329/lot/29/repo-man-two-signed-posters-1984-2/,500.0,640.0,632.84,810.03,600.0,800.0,759.4,1012.54,GBP,Bonhams,Pop Culture,N/A,"Repo Man: Two Signed Posters, 1984, 2",2026-04-30,https://www.bonhams.com/auction/32329/50-years-of-punk/,False,1,40.0,40.0
https://www.bonhams.com/auction/32329/lot/30/vivienne-westwood-and-malcolm-mclaren-a-rock-n-roll-elvis-t-shirt-circa-1974/,2800.0,3584.0,3543.89,4536.18,3000.0,3500.0,3797.02,4429.86,GBP,Bonhams,Pop Culture,N/A,"Vivienne Westwood & Malcolm McLaren: A Rock N Roll Elvis t-shirt, circa 1974,",2026-04-30,https://www.bonhams.com/auction/32329/50-years-of-punk/,False,1,16.071428571428573,16.071428571428573
https://www.bonhams.com/auction/32329/lot/31/william-english-british-born-1951-a-large-format-venus-with-a-severed-leg-portrait-of-vivienne-westwood-at-sex-1975-printed-later/,2000.0,2560.0,2531.35,3240.13,2000.0,3000.0,2531.35,3797.02,GBP,Bonhams,Pop Culture,N/A,"William English (British, born 1951): A Large Format Venus with a Severed Leg Portrait of Vivienne Westwood at SEX, 1975, printed later,",2026-04-30,https://www.bonhams.com/auction/32329/50-years-of-punk/,False,1,25.0,25.0
https://www.bonhams.com/auction/32329/lot/32/vivienne-westwood-and-malcolm-mclaren-a-sex-naked-footballer-pillowcase-t-shirt-circa-1976/,1400.0,1792.0,1771.94,2268.09,1000.0,1500.0,1265.67,1898.51,GBP,Bonhams,Pop Culture,N/A,"Vivienne Westwood & Malcolm McLaren: A SEX 'Naked Footballer' Pillowcase T-shirt, circa 1976,",2026-04-30,https://www.bonhams.com/auction/32329/50-years-of-punk/,False,1,10.714285714285714,-10.714285714285714
https://www.bonhams.com/auction/32329/lot/33/vivienne-westwood-and-malcolm-mclaren-a-rare-i-groaned-with-pain-t-shirt-circa-1976/,2200.0,2816.0,2784.48,3564.14,2000.0,3000.0,2531.35,3797.02,GBP,Bonhams,Pop Culture,N/A,"Vivienne Westwood & Malcolm McLaren: A Rare 'I Groaned with Pain' T-Shirt, circa 1976,",2026-04-30,https://www.bonhams.com/auction/32329/50-years-of-punk/,False,1,13.636363636363637,13.636363636363637
https://www.bonhams.com/auction/32329/lot/34/sex-pistols-and-the-damned-a-concert-handbill-for-the-100-club-1976/,1600.0,2048.0,2025.08,2592.1,800.0,1200.0,1012.54,1518.81,GBP,Bonhams,Pop Culture,N/A,"Sex Pistols & The Damned: A Concert Handbill for the 100 Club, 1976,",2026-04-30,https://www.bonhams.com/auction/32329/50-years-of-punk/,False,1,37.5,-37.5
https://www.bonhams.com/auction/32329/lot/35/the-damnedbrian-james-original-and-unique-handwritten-lyrics-for-new-rose-1976/,12000.0,15360.0,15188.09,19440.76,8000.0,12000.0,10125.4,15188.09,GBP,Bonhams,Pop Culture,N/A,"The Damned/Brian James: Original and Unique Handwritten Lyrics for New Rose, 1976,",2026-04-30,https://www.bonhams.com/auction/32329/50-years-of-punk/,False,1,16.666666666666668,-16.666666666666668
https://www.bonhams.com/auction/32329/lot/37/the-damnedbrian-james-the-gibson-sg-standard-electric-guitar-used-extensively-on-damned-damned-damned-and-music-for-pleasure-1964/,55000.0,70250.0,69612.09,88913.63,12000.0,15000.0,15188.09,18985.12,GBP,Bonhams,Pop Culture,N/A,"The Damned/Brian James: The Gibson SG Standard Electric Guitar used extensively on Damned Damned Damned and Music For Pleasure, 1964,",2026-04-30,https://www.bonhams.com/auction/32329/50-years-of-punk/,False,1,75.45454545454545,-75.45454545454545
https://www.bonhams.com/auction/32329/lot/39/malcolm-mclaren-his-personal-cartier-watch-circa-1980s/,2200.0,2816.0,2784.48,3564.14,800.0,1200.0,1012.54,1518.81,GBP,Bonhams,Pop Culture,N/A,"Malcolm McLaren: His Personal Cartier Watch, circa 1980s,",2026-04-30,https://www.bonhams.com/auction/32329/50-years-of-punk/,False,1,54.54545454545455,-54.54545454545455
https://www.bonhams.com/auction/32329/lot/40/sex-pistols-a-rare-and-early-promotional-poster-1976/,3200.0,4096.0,4050.16,5184.2,1200.0,1800.0,1518.81,2278.21,GBP,Bonhams,Pop Culture,N/A,"Sex Pistols: A rare and early promotional poster, 1976,",2026-04-30,https://www.bonhams.com/auction/32329/50-years-of-punk/,False,1,53.125,-53.125
https://www.bonhams.com/auction/32329/lot/41/sex-pistols-a-concert-flyer-for-the-el-paradise-club-on-4th-april-1976/,1100.0,1408.0,1392.24,1782.07,800.0,1200.0,1012.54,1518.81,GBP,Bonhams,Pop Culture,N/A,"Sex Pistols: A Concert Flyer for the El Paradise Club on 4th April, 1976,",2026-04-30,https://www.bonhams.com/auction/32329/50-years-of-punk/,False,1,9.090909090909092,-9.090909090909092
https://www.bonhams.com/auction/32329/lot/42/sex-pistols-a-rare-flyer-from-the-nags-head-in-high-wycombe-1976/,2600.0,3328.0,3290.75,4212.16,1000.0,1500.0,1265.67,1898.51,GBP,Bonhams,Pop Culture,N/A,"Sex Pistols: A Rare Flyer from The Nag's Head in High Wycombe, 1976,",2026-04-30,https://www.bonhams.com/auction/32329/50-years-of-punk/,False,1,51.92307692307692,-51.92307692307692
https://www.bonhams.com/auction/32329/lot/44/sex-pistols-an-original-pistols-in-prison-handout-1976/,600.0,768.0,759.4,972.04,800.0,1200.0,1012.54,1518.81,GBP,Bonhams,Pop Culture,N/A,"Sex Pistols: An Original 'Pistols In Prison' Handout, 1976,",2026-04-30,https://www.bonhams.com/auction/32329/50-years-of-punk/,False,1,66.66666666666667,66.66666666666667
https://www.bonhams.com/auction/32329/lot/45/sex-pistols-an-anarchy-in-the-uk-newspaper-fanzine-1976/,550.0,704.0,696.12,891.03,600.0,800.0,759.4,1012.54,GBP,Bonhams,Pop Culture,N/A,"Sex Pistols: An Anarchy In The UK Newspaper Fanzine, 1976,",2026-04-30,https://www.bonhams.com/auction/32329/50-years-of-punk/,False,1,27.272727272727273,27.272727272727273
https://www.bonhams.com/auction/32329/lot/46/sex-pistols-jamie-reid-and-sophie-richmond-bulletin-poster-for-anarchy-in-the-uk-1976/,1000.0,1280.0,1265.67,1620.06,1500.0,2500.0,1898.51,3164.19,GBP,Bonhams,Pop Culture,N/A,"Sex Pistols: Jamie Reid and Sophie Richmond Bulletin Poster for Anarchy in the UK, 1976,",2026-04-30,https://www.bonhams.com/auction/32329/50-years-of-punk/,False,1,100.0,100.0
https://www.bonhams.com/auction/32329/lot/47/sex-pistols-an-original-anarchy-in-the-uk-single-poster-late-1976/,1200.0,1536.0,1518.81,1944.08,1000.0,1500.0,1265.67,1898.51,GBP,Bonhams,Pop Culture,N/A,"Sex Pistols: An Original Anarchy In The UK Single Poster, late 1976,",2026-04-30,https://www.bonhams.com/auction/32329/50-years-of-punk/,False,1,4.166666666666667,4.166666666666667
https://www.bonhams.com/auction/32329/lot/48/sex-pistols-a-rare-anarchy-in-the-uk-tour-poster-for-the-cancelled-show-at-norwich-university-1976/,2400.0,3072.0,3037.62,3888.15,2000.0,3000.0,2531.35,3797.02,GBP,Bonhams,Pop Culture,N/A,"Sex Pistols: A Rare Anarchy in the UK Tour Poster for the Cancelled Show at Norwich University, 1976,",2026-04-30,https://www.bonhams.com/auction/32329/50-years-of-punk/,False,1,4.166666666666667,4.166666666666667
https://www.bonhams.com/auction/32329/lot/49/sex-pistols-a-rare-emi-promotional-board-1976/,1100.0,1408.0,1392.24,1782.07,800.0,1200.0,1012.54,1518.81,GBP,Bonhams,Pop Culture,N/A,"Sex Pistols: A Rare EMI Promotional Board, 1976,",2026-04-30,https://www.bonhams.com/auction/32329/50-years-of-punk/,False,1,9.090909090909092,-9.090909090909092
https://www.bonhams.com/auction/32329/lot/50/sex-pistols-a-rare-anarchy-in-the-uk-tour-poster-for-the-cancelled-show-in-liverpool-1976/,2600.0,3328.0,3290.75,4212.16,2000.0,3000.0,2531.35,3797.02,GBP,Bonhams,Pop Culture,N/A,"Sex Pistols: A Rare Anarchy In The UK tour poster for the Cancelled Show in Liverpool, 1976,",2026-04-30,https://www.bonhams.com/auction/32329/50-years-of-punk/,False,1,3.8461538461538463,-3.8461538461538463
https://www.bonhams.com/auction/32329/lot/51/mick-rock-british-1944-2021-a-pair-of-john-lydon-prints-taken-at-the-100-club-1976-printed-later-2/,800.0,1024.0,1012.54,1296.05,1000.0,1500.0,1265.67,1898.51,GBP,Bonhams,Pop Culture,N/A,"Mick Rock (British, 1944-2021): A Pair of John Lydon Prints taken at the 100 Club, 1976, printed later, 2",2026-04-30,https://www.bonhams.com/auction/32329/50-years-of-punk/,False,1,56.25,56.25
https://www.bonhams.com/auction/32329/lot/52/a-group-of-punk-fanzines-artists-including-sex-pistols-the-stranglers-the-damned-elvis-costello-x-ray-spex-the-jam-1976-1983-12/,420.0,537.6,531.58,680.43,800.0,1200.0,1012.54,1518.81,GBP,Bonhams,Pop Culture,N/A,"A Group of Punk Fanzines, artists including Sex Pistols, The Stranglers, The Damned, Elvis Costello, X-Ray Spex, The Jam, 1976-1983, 12",2026-04-30,https://www.bonhams.com/auction/32329/50-years-of-punk/,False,1,138.0952380952381,138.0952380952381
https://www.bonhams.com/auction/32329/lot/53/sex-pistols-a-rare-anarchy-in-the-uk-tour-poster-for-the-cancelled-show-at-the-400-ballroom-in-torquay-1976-2/,2400.0,3072.0,3037.62,3888.15,2000.0,3000.0,2531.35,3797.02,GBP,Bonhams,Pop Culture,N/A,"Sex Pistols: A Rare Anarchy In The UK Tour Poster For The Cancelled Show At The 400 Ballroom In Torquay, 1976, 2",2026-04-30,https://www.bonhams.com/auction/32329/50-years-of-punk/,False,1,4.166666666666667,4.166666666666667
https://www.bonhams.com/auction/32329/lot/54/sex-pistols-an-original-large-format-electric-circus-manchester-concert-poster-dated-sunday-19th-december-1976/,500.0,640.0,632.84,810.03,800.0,1200.0,1012.54,1518.81,GBP,Bonhams,Pop Culture,N/A,"Sex Pistols: An original large format 'Electric Circus, Manchester' concert poster, dated Sunday 19th (December 1976),",2026-04-30,https://www.bonhams.com/auction/32329/50-years-of-punk/,False,1,100.0,100.0
https://www.bonhams.com/auction/32329/lot/56/sex-pistols-a-rare-aandm-single-of-god-save-the-queen-1977/,13000.0,16640.0,16453.77,21060.82,15000.0,20000.0,18985.12,25313.49,GBP,Bonhams,Pop Culture,N/A,"Sex Pistols: A Rare A&M Single of God Save The Queen, 1977,",2026-04-30,https://www.bonhams.com/auction/32329/50-years-of-punk/,False,1,34.61538461538461,34.61538461538461
https://www.bonhams.com/auction/32329/lot/57/sex-pistols-a-rare-original-aandm-records-god-save-the-queen-promotional-poster-1977/,3800.0,4864.0,4809.56,6156.24,1000.0,1500.0,1265.67,1898.51,GBP,Bonhams,Pop Culture,N/A,"Sex Pistols: A Rare Original A&M Records God Save The Queen Promotional Poster, 1977,",2026-04-30,https://www.bonhams.com/auction/32329/50-years-of-punk/,False,1,67.10526315789474,-67.10526315789474
https://www.bonhams.com/auction/32329/lot/60/sex-pistols-an-original-promotional-poster-for-god-save-the-queen-1977/,2200.0,2816.0,2784.48,3564.14,3000.0,5000.0,3797.02,6328.37,GBP,Bonhams,Pop Culture,N/A,"Sex Pistols: An Original Promotional Poster For God Save The Queen, 1977,",2026-04-30,https://www.bonhams.com/auction/32329/50-years-of-punk/,False,1,81.81818181818181,81.81818181818181
https://www.bonhams.com/auction/32329/lot/61/sex-pistols-a-large-french-god-save-the-queen-poster-1977/,600.0,768.0,759.4,972.04,800.0,1200.0,1012.54,1518.81,GBP,Bonhams,Pop Culture,N/A,"Sex Pistols: A Large French God Save The Queen Poster, 1977,",2026-04-30,https://www.bonhams.com/auction/32329/50-years-of-punk/,False,1,66.66666666666667,66.66666666666667
https://www.bonhams.com/auction/32329/lot/62/sex-pistols-an-original-acetate-recording-of-the-single-pretty-vacant-1977/,3400.0,4352.0,4303.29,5508.21,3000.0,5000.0,3797.02,6328.37,GBP,Bonhams,Pop Culture,N/A,"Sex Pistols: An Original Acetate Recording of the Single Pretty Vacant, 1977,",2026-04-30,https://www.bonhams.com/auction/32329/50-years-of-punk/,False,1,17.647058823529413,17.647058823529413
https://www.bonhams.com/auction/32329/lot/64/sex-pistols-an-original-promotional-poster-for-pretty-vacant-1977/,800.0,1024.0,1012.54,1296.05,600.0,800.0,759.4,1012.54,GBP,Bonhams,Pop Culture,N/A,"Sex Pistols: An Original Promotional Poster for Pretty Vacant, 1977,",2026-04-30,https://www.bonhams.com/auction/32329/50-years-of-punk/,False,1,12.5,-12.5
https://www.bonhams.com/auction/32329/lot/66/sex-pistols-two-promotional-banners-1977-2/,600.0,768.0,759.4,972.04,600.0,800.0,759.4,1012.54,GBP,Bonhams,Pop Culture,N/A,"Sex Pistols: Two Promotional Banners, 1977, 2",2026-04-30,https://www.bonhams.com/auction/32329/50-years-of-punk/,False,1,16.666666666666668,16.666666666666668
https://www.bonhams.com/auction/32329/lot/69/sex-pistols-a-large-promotional-poster-for-never-mind-the-bollocks-1977/,2200.0,2816.0,2784.48,3564.14,2000.0,3000.0,2531.35,3797.02,GBP,Bonhams,Pop Culture,N/A,"Sex Pistols: A Large Promotional Poster for Never Mind The Bollocks, 1977,",2026-04-30,https://www.bonhams.com/auction/32329/50-years-of-punk/,False,1,13.636363636363637,13.636363636363637
https://www.bonhams.com/auction/32329/lot/72/sex-pistols-a-rare-never-mind-the-bans-sex-pistols-will-play-advertising-poster-and-two-tickets-1977-3/,1400.0,1792.0,1771.94,2268.09,1500.0,2500.0,1898.51,3164.19,GBP,Bonhams,Pop Culture,N/A,"Sex Pistols: A Rare Never Mind The Bans, Sex Pistols Will Play Advertising Poster and Two Tickets, 1977, 3",2026-04-30,https://www.bonhams.com/auction/32329/50-years-of-punk/,False,1,42.857142857142854,42.857142857142854
https://www.bonhams.com/auction/32329/lot/74/sex-pistols-a-holidays-in-the-sun-promotional-poster-for-the-single-1977/,600.0,768.0,759.4,972.04,600.0,800.0,759.4,1012.54,GBP,Bonhams,Pop Culture,N/A,"Sex Pistols: A Holidays In The Sun promotional poster for the single, 1977,",2026-04-30,https://www.bonhams.com/auction/32329/50-years-of-punk/,False,1,16.666666666666668,16.666666666666668
https://www.bonhams.com/auction/32329/lot/75/sex-pistols-a-promotional-poster-for-holidays-in-the-sun-1977/,400.0,512.0,506.27,648.03,800.0,1200.0,1012.54,1518.81,GBP,Bonhams,Pop Culture,N/A,"Sex Pistols: A Promotional Poster For Holidays In The Sun, 1977,",2026-04-30,https://www.bonhams.com/auction/32329/50-years-of-punk/,False,1,150.0,150.0
https://www.bonhams.com/auction/32329/lot/77/sex-pistols-a-group-of-ronnie-biggs-posters-circa-1978-3/,1000.0,1280.0,1265.67,1620.06,800.0,1200.0,1012.54,1518.81,GBP,Bonhams,Pop Culture,N/A,"Sex Pistols: A group of Ronnie Biggs posters, circa 1978, 3",2026-04-30,https://www.bonhams.com/auction/32329/50-years-of-punk/,False,1,0.0,0.0
https://www.bonhams.com/auction/32329/lot/78/sid-vicious-a-pair-of-my-way-posters-circa-1978-2/,400.0,512.0,506.27,648.03,500.0,700.0,632.84,885.97,GBP,Bonhams,Pop Culture,N/A,"Sid Vicious: A Pair of My Way Posters, circa 1978, 2",2026-04-30,https://www.bonhams.com/auction/32329/50-years-of-punk/,False,1,50.0,50.0
https://www.bonhams.com/auction/32329/lot/79/sex-pistols-an-animation-cel-of-film-set-and-sid-vicious-for-the-great-rock-n-roll-swindle-virgin-films-1978/,1100.0,1408.0,1392.24,1782.07,800.0,1200.0,1012.54,1518.81,GBP,Bonhams,Pop Culture,N/A,"Sex Pistols: An animation cel of film set and Sid Vicious for The Great Rock 'n' Roll Swindle, Virgin Films, 1978,",2026-04-30,https://www.bonhams.com/auction/32329/50-years-of-punk/,False,1,9.090909090909092,-9.090909090909092
https://www.bonhams.com/auction/32329/lot/80/sex-pistols-an-animation-cel-of-johnny-rotten-from-the-great-rock-n-roll-swindle-virgin-films-circa-1978/,600.0,768.0,759.4,972.04,700.0,1000.0,885.97,1265.67,GBP,Bonhams,Pop Culture,N/A,"Sex Pistols: An Animation Cel of Johnny Rotten from The Great Rock 'n' Roll Swindle, Virgin Films, circa 1978,",2026-04-30,https://www.bonhams.com/auction/32329/50-years-of-punk/,False,1,41.666666666666664,41.666666666666664
https://www.bonhams.com/auction/32329/lot/81/sex-pistols-an-animation-cel-of-sid-vicious-with-chain-for-the-great-rock-n-roll-swindle-virgin-films-1978/,1600.0,2048.0,2025.08,2592.1,800.0,1200.0,1012.54,1518.81,GBP,Bonhams,Pop Culture,N/A,"Sex Pistols: An animation cel of Sid Vicious with chain for The Great Rock 'n' Roll Swindle, Virgin Films, 1978,",2026-04-30,https://www.bonhams.com/auction/32329/50-years-of-punk/,False,1,37.5,-37.5
https://www.bonhams.com/auction/32329/lot/82/sex-pistols-an-original-animation-production-cel-of-johnny-rotten-from-the-great-rock-n-roll-swindle-virgin-films-1978/,650.0,832.0,822.69,1053.04,600.0,800.0,759.4,1012.54,GBP,Bonhams,Pop Culture,N/A,"Sex Pistols: An Original Animation Production Cel of Johnny Rotten from The Great Rock 'n' Roll Swindle, Virgin Films, 1978,",2026-04-30,https://www.bonhams.com/auction/32329/50-years-of-punk/,False,1,7.6923076923076925,7.6923076923076925
https://www.bonhams.com/auction/32329/lot/83/sex-pistols-an-animation-cel-of-sid-vicious-sequence-for-the-great-rock-n-roll-swindle-virgin-films-1978/,700.0,896.0,885.97,1134.04,800.0,1200.0,1012.54,1518.81,GBP,Bonhams,Pop Culture,N/A,"Sex Pistols: An animation cel of Sid Vicious sequence for The Great Rock 'n' Roll Swindle, Virgin Films, 1978,",2026-04-30,https://www.bonhams.com/auction/32329/50-years-of-punk/,False,1,42.857142857142854,42.857142857142854
https://www.bonhams.com/auction/32329/lot/84/sex-pistols-an-animation-cel-of-johnny-rotten-from-the-great-rock-n-roll-swindle-virgin-films-circa-1978/,600.0,768.0,759.4,972.04,700.0,1000.0,885.97,1265.67,GBP,Bonhams,Pop Culture,N/A,"Sex Pistols: An Animation Cel of Johnny Rotten from The Great Rock 'n' Roll Swindle, Virgin Films, circa 1978,",2026-04-30,https://www.bonhams.com/auction/32329/50-years-of-punk/,False,1,41.666666666666664,41.666666666666664
https://www.bonhams.com/auction/32329/lot/85/sex-pistols-an-animation-cel-of-sid-vicious-for-the-great-rock-n-roll-swindle-virgin-films-1978/,2600.0,3328.0,3290.75,4212.16,800.0,1200.0,1012.54,1518.81,GBP,Bonhams,Pop Culture,N/A,"Sex Pistols: An Animation Cel of Sid Vicious for The Great Rock 'n' Roll Swindle, Virgin Films, 1978,",2026-04-30,https://www.bonhams.com/auction/32329/50-years-of-punk/,False,1,61.53846153846154,-61.53846153846154
https://www.bonhams.com/auction/32329/lot/87/sex-pistols-a-rare-banned-poster-young-flesh-required-1979/,600.0,768.0,759.4,972.04,1000.0,1500.0,1265.67,1898.51,GBP,Bonhams,Pop Culture,N/A,"Sex Pistols: A Rare Banned Poster Young Flesh Required, 1979,",2026-04-30,https://www.bonhams.com/auction/32329/50-years-of-punk/,False,1,108.33333333333333,108.33333333333333
https://www.bonhams.com/auction/32329/lot/88/sex-pistolssid-vicious-a-vicious-burger-poster-for-the-single-cmon-everybody-1979/,400.0,512.0,506.27,648.03,600.0,800.0,759.4,1012.54,GBP,Bonhams,Pop Culture,N/A,"Sex Pistols/Sid Vicious: A Vicious Burger Poster for the single C'mon Everybody, 1979,",2026-04-30,https://www.bonhams.com/auction/32329/50-years-of-punk/,False,1,75.0,75.0
https://www.bonhams.com/auction/32329/lot/90/sex-pistols-the-great-rock-n-roll-swindle-newspaper-1980-may-15th/,90.0,115.2,113.91,145.81,400.0,600.0,506.27,759.4,GBP,Bonhams,Pop Culture,N/A,"Sex Pistols: The Great Rock 'n' Roll Swindle Newspaper, 1980, May 15th,",2026-04-30,https://www.bonhams.com/auction/32329/50-years-of-punk/,False,1,455.55555555555554,455.55555555555554
https://www.bonhams.com/auction/32329/lot/91/sex-pistols-a-complete-set-of-six-promotional-banners-for-the-great-rock-n-rock-swindle-1980-6/,800.0,1024.0,1012.54,1296.05,800.0,1200.0,1012.54,1518.81,GBP,Bonhams,Pop Culture,N/A,"Sex Pistols: A Complete Set of Six Promotional Banners for The Great Rock 'n' Rock Swindle, 1980, 6",2026-04-30,https://www.bonhams.com/auction/32329/50-years-of-punk/,False,1,25.0,25.0
https://www.bonhams.com/auction/32329/lot/92/the-great-rock-n-roll-swindlela-grande-truffa-del-rocknroll-1981/,400.0,512.0,506.27,648.03,600.0,800.0,759.4,1012.54,GBP,Bonhams,Pop Culture,N/A,"The Great Rock 'n' Roll Swindle/La Grande Truffa del Rock'n'Roll, 1981,",2026-04-30,https://www.bonhams.com/auction/32329/50-years-of-punk/,False,1,75.0,75.0
https://www.bonhams.com/auction/32329/lot/94/sex-pistols-an-anarchy-in-the-uk-single-electric-circus-manchester-poster-1980s/,300.0,384.0,379.7,486.02,500.0,700.0,632.84,885.97,GBP,Bonhams,Pop Culture,N/A,"Sex Pistols: An Anarchy In The UK Single Electric Circus Manchester Poster, 1980s,",2026-04-30,https://www.bonhams.com/auction/32329/50-years-of-punk/,False,1,100.0,100.0
https://www.bonhams.com/auction/32329/lot/95/peter-anderson-british-born-1954-john-lydon-in-notting-hill-1986-printed-later/,300.0,384.0,379.7,486.02,800.0,1200.0,1012.54,1518.81,GBP,Bonhams,Pop Culture,N/A,"Peter Anderson (British, born 1954): John Lydon in Notting Hill, 1986, printed later",2026-04-30,https://www.bonhams.com/auction/32329/50-years-of-punk/,False,1,233.33333333333334,233.33333333333334
https://www.bonhams.com/auction/32329/lot/96/sex-pistols-a-jamie-reid-fuck-forever-poster-1986/,440.0,563.2,556.9,712.83,600.0,800.0,759.4,1012.54,GBP,Bonhams,Pop Culture,N/A,"Sex Pistols: A Jamie Reid Fuck Forever Poster, 1986,",2026-04-30,https://www.bonhams.com/auction/32329/50-years-of-punk/,False,1,59.09090909090909,59.09090909090909
https://www.bonhams.com/auction/32329/lot/98/steve-jonessex-pistols-an-riaa-platinum-sales-award-for-never-mind-the-bollocks-heres-the-sex-pistols-2006/,1600.0,2048.0,2025.08,2592.1,3000.0,5000.0,3797.02,6328.37,GBP,Bonhams,Pop Culture,N/A,"Steve Jones/Sex Pistols: An RIAA 'Platinum' Sales Award for Never Mind The Bollocks Here's The Sex Pistols, 2006,",2026-04-30,https://www.bonhams.com/auction/32329/50-years-of-punk/,False,1,150.0,150.0
https://www.bonhams.com/auction/32329/lot/99/sex-pistols-a-poster-for-god-save-the-queen-eyes-circa-1997/,500.0,640.0,632.84,810.03,600.0,800.0,759.4,1012.54,GBP,Bonhams,Pop Culture,N/A,"Sex Pistols: A Poster for God Save the Queen 'Eyes', circa 1997,",2026-04-30,https://www.bonhams.com/auction/32329/50-years-of-punk/,False,1,40.0,40.0
https://www.bonhams.com/auction/32329/lot/102/punk-a-complete-set-of-rock-news-french-punk-magazine-1976-7-7/,300.0,384.0,379.7,486.02,600.0,800.0,759.4,1012.54,GBP,Bonhams,Pop Culture,N/A,"Punk: A Complete Set of Rock News French Punk Magazine, 1976-7, 7",2026-04-30,https://www.bonhams.com/auction/32329/50-years-of-punk/,False,1,133.33333333333334,133.33333333333334
https://www.bonhams.com/auction/32329/lot/103/the-stranglers-the-bands-first-promotional-poster-titled-coming-your-way-circa-late-1976early-1977/,800.0,1024.0,1012.54,1296.05,1000.0,1500.0,1265.67,1898.51,GBP,Bonhams,Pop Culture,N/A,"The Stranglers: The Band's First Promotional Poster titled Coming Your Way, circa late 1976/early 1977,",2026-04-30,https://www.bonhams.com/auction/32329/50-years-of-punk/,False,1,56.25,56.25
https://www.bonhams.com/auction/32329/lot/105/generation-x-an-original-roxy-club-flyer-and-banner-1977-2/,600.0,768.0,759.4,972.04,800.0,1200.0,1012.54,1518.81,GBP,Bonhams,Pop Culture,N/A,"Generation X: An Original Roxy Club Flyer and Banner, 1977, 2",2026-04-30,https://www.bonhams.com/auction/32329/50-years-of-punk/,False,1,66.66666666666667,66.66666666666667
https://www.bonhams.com/auction/32329/lot/106/roxy-club-an-original-generation-x-flyer-1977/,650.0,832.0,822.69,1053.04,600.0,800.0,759.4,1012.54,GBP,Bonhams,Pop Culture,N/A,"Roxy Club: An Original Generation X Flyer, 1977,",2026-04-30,https://www.bonhams.com/auction/32329/50-years-of-punk/,False,1,7.6923076923076925,7.6923076923076925
https://www.bonhams.com/auction/32329/lot/107/punk-rare-first-five-editions-of-temporary-hoarding-1977-5/,170.0,217.6,215.16,275.41,400.0,600.0,506.27,759.4,GBP,Bonhams,Pop Culture,N/A,"Punk: Rare First Five Editions of Temporary Hoarding, 1977, 5",2026-04-30,https://www.bonhams.com/auction/32329/50-years-of-punk/,False,1,194.11764705882354,194.11764705882354
https://www.bonhams.com/auction/32329/lot/108/roxy-club-two-original-flyers-for-cherry-vanillathe-police-and-the-heartbreakers-1977-2/,400.0,512.0,506.27,648.03,600.0,800.0,759.4,1012.54,GBP,Bonhams,Pop Culture,N/A,"Roxy Club: Two Original Flyers for Cherry Vanilla/The Police, and The Heartbreakers, 1977, 2",2026-04-30,https://www.bonhams.com/auction/32329/50-years-of-punk/,False,1,75.0,75.0
https://www.bonhams.com/auction/32329/lot/110/roxy-club-an-original-xerox-flyer-for-eater-1977/,1000.0,1280.0,1265.67,1620.06,1500.0,2500.0,1898.51,3164.19,GBP,Bonhams,Pop Culture,N/A,"Roxy Club: An Original Xerox Flyer for Eater, 1977,",2026-04-30,https://www.bonhams.com/auction/32329/50-years-of-punk/,False,1,100.0,100.0
https://www.bonhams.com/auction/32329/lot/111/punk-two-early-foundational-books-documenting-the-london-punk-scene-1977-78-2/,150.0,192.0,189.85,243.01,400.0,600.0,506.27,759.4,GBP,Bonhams,Pop Culture,N/A,"Punk: Two Early Foundational Books Documenting the London Punk Scene, 1977-78, 2",2026-04-30,https://www.bonhams.com/auction/32329/50-years-of-punk/,False,1,233.33333333333334,233.33333333333334
https://www.bonhams.com/auction/32329/lot/112/the-clash-concert-flyer-from-the-coliseum-london-1977/,900.0,1152.0,1139.11,1458.06,800.0,1200.0,1012.54,1518.81,GBP,Bonhams,Pop Culture,N/A,"The Clash: Concert Flyer from The Coliseum, London, 1977,",2026-04-30,https://www.bonhams.com/auction/32329/50-years-of-punk/,False,1,11.11111111111111,11.11111111111111
https://www.bonhams.com/auction/32329/lot/113/the-clash-the-clash-a-promotional-poster-for-their-give-em-enough-rope-debut-american-tour-1979/,850.0,1088.0,1075.82,1377.05,800.0,1200.0,1012.54,1518.81,GBP,Bonhams,Pop Culture,N/A,"The Clash: The Clash: A promotional poster for their Give 'Em Enough Rope debut American Tour, 1979,",2026-04-30,https://www.bonhams.com/auction/32329/50-years-of-punk/,False,1,17.647058823529413,17.647058823529413
https://www.bonhams.com/auction/32329/lot/114/the-clash-an-original-promotional-poster-for-london-calling-1979/,1100.0,1408.0,1392.24,1782.07,1000.0,1500.0,1265.67,1898.51,GBP,Bonhams,Pop Culture,N/A,"The Clash: An Original Promotional Poster for London Calling, 1979,",2026-04-30,https://www.bonhams.com/auction/32329/50-years-of-punk/,False,1,13.636363636363637,13.636363636363637
https://www.bonhams.com/auction/32329/lot/115/the-clash-a-fully-signed-copy-of-london-calling-1979/,1600.0,2048.0,2025.08,2592.1,1000.0,1500.0,1265.67,1898.51,GBP,Bonhams,Pop Culture,N/A,"The Clash: A Fully-Signed Copy of London Calling, 1979,",2026-04-30,https://www.bonhams.com/auction/32329/50-years-of-punk/,False,1,21.875,-21.875
https://www.bonhams.com/auction/32329/lot/117/the-clash-a-rare-acklam-hall-christmas-dinner-dance-poster-and-flyer-1979-2/,1600.0,2048.0,2025.08,2592.1,1200.0,1800.0,1518.81,2278.21,GBP,Bonhams,Pop Culture,N/A,"The Clash: A Rare Acklam Hall Christmas Dinner Dance Poster and Flyer, 1979, 2",2026-04-30,https://www.bonhams.com/auction/32329/50-years-of-punk/,False,1,6.25,-6.25
https://www.bonhams.com/auction/32329/lot/118/the-clash-a-large-london-calling-album-poster-1980/,500.0,640.0,632.84,810.03,800.0,1200.0,1012.54,1518.81,GBP,Bonhams,Pop Culture,N/A,"The Clash: A Large London Calling Album Poster, 1980,",2026-04-30,https://www.bonhams.com/auction/32329/50-years-of-punk/,False,1,100.0,100.0
https://www.bonhams.com/auction/32329/lot/119/the-clash-poster-for-the-bond-international-casino-new-york-city-1981/,1500.0,1920.0,1898.51,2430.09,1500.0,2500.0,1898.51,3164.19,GBP,Bonhams,Pop Culture,N/A,"The Clash: Poster for The Bond International Casino, New York City, 1981,",2026-04-30,https://www.bonhams.com/auction/32329/50-years-of-punk/,False,1,33.333333333333336,33.333333333333336
https://www.bonhams.com/auction/32329/lot/121/terry-chimesthe-clashblack-sabbath-the-extensively-used-ludwig-snare-drum-circa-1980/,2400.0,3072.0,3037.62,3888.15,3000.0,5000.0,3797.02,6328.37,GBP,Bonhams,Pop Culture,N/A,"Terry Chimes/The Clash/Black Sabbath: The Extensively-Used Ludwig Snare Drum, circa 1980,",2026-04-30,https://www.bonhams.com/auction/32329/50-years-of-punk/,False,1,66.66666666666667,66.66666666666667
https://www.bonhams.com/auction/32329/lot/122/the-clash-a-cbs-records-in-house-gold-sales-award-for-the-clash-circa-1982/,700.0,896.0,885.97,1134.04,800.0,1200.0,1012.54,1518.81,GBP,Bonhams,Pop Culture,N/A,"The Clash: A CBS Records in-house 'Gold' Sales award for The Clash, circa 1982,",2026-04-30,https://www.bonhams.com/auction/32329/50-years-of-punk/,False,1,42.857142857142854,42.857142857142854
https://www.bonhams.com/auction/32329/lot/124/mick-jones-a-signed-bond-electraglide-electric-guitar-1984-1986/,1500.0,1920.0,1898.51,2430.09,1500.0,2000.0,1898.51,2531.35,GBP,Bonhams,Pop Culture,N/A,"Mick Jones: A Signed Bond Electraglide Electric Guitar, 1984-1986,",2026-04-30,https://www.bonhams.com/auction/32329/50-years-of-punk/,False,1,16.666666666666668,16.666666666666668
https://www.bonhams.com/auction/32329/lot/127/sir-peter-blake-british-born-1932-the-clash-lovers-rock-2004/,600.0,768.0,759.4,972.04,800.0,1200.0,1012.54,1518.81,GBP,Bonhams,Pop Culture,N/A,"Sir Peter Blake (British, born 1932): The Clash, Lover's Rock, 2004,",2026-04-30,https://www.bonhams.com/auction/32329/50-years-of-punk/,False,1,66.66666666666667,66.66666666666667
https://www.bonhams.com/auction/32329/lot/128/martyn-goddard-british-born-1951-the-jam-in-the-city-contact-sheet-london-1977-printed-later/,600.0,768.0,759.4,972.04,800.0,1200.0,1012.54,1518.81,GBP,Bonhams,Pop Culture,N/A,"Martyn Goddard (British, born 1951): The Jam In The City Contact Sheet, London, 1977, printed later,",2026-04-30,https://www.bonhams.com/auction/32329/50-years-of-punk/,False,1,66.66666666666667,66.66666666666667
https://www.bonhams.com/auction/32329/lot/131/sham-69dave-parsons-a-used-les-paul-guitar-flightcase-circa-1979-qty/,320.0,409.6,405.02,518.42,600.0,800.0,759.4,1012.54,GBP,Bonhams,Pop Culture,N/A,"Sham 69/Dave Parsons: A Used Les Paul Guitar Flightcase, circa 1979, Qty",2026-04-30,https://www.bonhams.com/auction/32329/50-years-of-punk/,False,1,118.75,118.75
https://www.bonhams.com/auction/32329/lot/133/roxy-club-an-original-flyer-for-april-77-1977/,600.0,768.0,759.4,972.04,800.0,1200.0,1012.54,1518.81,GBP,Bonhams,Pop Culture,N/A,"Roxy Club: An Original Flyer for April '77, 1977,",2026-04-30,https://www.bonhams.com/auction/32329/50-years-of-punk/,False,1,66.66666666666667,66.66666666666667
https://www.bonhams.com/auction/32329/lot/135/i-d-magazine-a-large-collection-of-i-d-magazines-1980-1988-qty/,1200.0,1536.0,1518.81,1944.08,1500.0,2500.0,1898.51,3164.19,GBP,Bonhams,Pop Culture,N/A,"i-D Magazine: A Large Collection of i-D Magazines, 1980-1988, Qty",2026-04-30,https://www.bonhams.com/auction/32329/50-years-of-punk/,False,1,66.66666666666667,66.66666666666667
https://www.bonhams.com/auction/32329/lot/136/uk-subs-original-signed-album-artwork-for-diminished-responsibility-1981/,4000.0,5120.0,5062.7,6480.25,800.0,1200.0,1012.54,1518.81,GBP,Bonhams,Pop Culture,N/A,"UK Subs: Original Signed Album Artwork for Diminished Responsibility, 1981,",2026-04-30,https://www.bonhams.com/auction/32329/50-years-of-punk/,False,1,75.0,-75.0
https://www.bonhams.com/auction/32329/lot/140/the-marquee-club-an-original-panel-from-the-dressing-room-circa-1970s80s/,2800.0,3584.0,3543.89,4536.18,2000.0,3000.0,2531.35,3797.02,GBP,Bonhams,Pop Culture,N/A,"The Marquee Club: An Original Panel from the Dressing Room, circa 1970s/80s,",2026-04-30,https://www.bonhams.com/auction/32329/50-years-of-punk/,False,1,10.714285714285714,-10.714285714285714
https://www.bonhams.com/auction/32329/lot/143/vivienne-westwood-and-malcolm-mclaren-a-seditionaries-destroy-muslin-shirt-1978/,950.0,1216.0,1202.39,1539.06,800.0,1200.0,1012.54,1518.81,GBP,Bonhams,Pop Culture,N/A,"Vivienne Westwood & Malcolm McLaren: A Seditionaries 'Destroy' Muslin Shirt, 1978,",2026-04-30,https://www.bonhams.com/auction/32329/50-years-of-punk/,False,1,5.2631578947368425,5.2631578947368425
https://www.bonhams.com/auction/32329/lot/145/vivienne-westwood-and-malcolm-mclaren-a-worlds-end-pirate-ensemble-1980s-4/,1250.0,1600.0,1582.09,2025.08,2000.0,3000.0,2531.35,3797.02,GBP,Bonhams,Pop Culture,N/A,"Vivienne Westwood & Malcolm McLaren: A Worlds End 'Pirate' Ensemble, 1980s, 4",2026-04-30,https://www.bonhams.com/auction/32329/50-years-of-punk/,False,1,100.0,100.0
https://www.bonhams.com/auction/32329/lot/146/vivienne-westwood-and-malcolm-mclaren-a-worlds-end-pirate-suit-ensemble-1981-4/,1600.0,2048.0,2025.08,2592.1,1200.0,1800.0,1518.81,2278.21,GBP,Bonhams,Pop Culture,N/A,"Vivienne Westwood & Malcolm McLaren: A Worlds End 'Pirate' Suit Ensemble, 1981, 4",2026-04-30,https://www.bonhams.com/auction/32329/50-years-of-punk/,False,1,6.25,-6.25
https://www.bonhams.com/auction/32329/lot/147/vivienne-westwood-and-malcolm-mclaren-a-matching-worlds-end-pirate-coat-and-shirt-1981-2/,600.0,768.0,759.4,972.04,600.0,800.0,759.4,1012.54,GBP,Bonhams,Pop Culture,N/A,"Vivienne Westwood & Malcolm McLaren: A Matching Worlds End 'Pirate' Coat and Shirt, 1981, 2",2026-04-30,https://www.bonhams.com/auction/32329/50-years-of-punk/,False,1,16.666666666666668,16.666666666666668
https://www.bonhams.com/auction/32329/lot/148/vivienne-westwood-and-malcolm-mclaren-matching-worlds-end-pirate-trousers-and-waistcoat-1981-2/,700.0,896.0,885.97,1134.04,600.0,800.0,759.4,1012.54,GBP,Bonhams,Pop Culture,N/A,"Vivienne Westwood & Malcolm McLaren: Matching Worlds End 'Pirate' trousers and waistcoat, 1981, 2",2026-04-30,https://www.bonhams.com/auction/32329/50-years-of-punk/,False,1,0.0,0.0
https://www.bonhams.com/auction/32329/lot/149/vivienne-westwood-and-malcolm-mclaren-a-pair-of-worlds-end-pirate-garments-1981-2/,750.0,960.0,949.26,1215.05,600.0,800.0,759.4,1012.54,GBP,Bonhams,Pop Culture,N/A,"Vivienne Westwood & Malcolm McLaren: A pair of Worlds End 'Pirate' Garments, 1981, 2",2026-04-30,https://www.bonhams.com/auction/32329/50-years-of-punk/,False,1,6.666666666666667,-6.666666666666667
https://www.bonhams.com/auction/32329/lot/150/vivienne-westwood-and-malcolm-mclaren-a-worlds-end-pirate-squiggle-top-circa-1981/,850.0,1088.0,1075.82,1377.05,600.0,800.0,759.4,1012.54,GBP,Bonhams,Pop Culture,N/A,"Vivienne Westwood & Malcolm McLaren: A Worlds End 'Pirate' Squiggle Top, circa 1981,",2026-04-30,https://www.bonhams.com/auction/32329/50-years-of-punk/,False,1,17.647058823529413,-17.647058823529413
https://www.bonhams.com/auction/32329/lot/151/vivienne-westwood-and-malcolm-mclaren-worlds-end-pirate-matching-waistcoat-trousers-and-scarf-1981-3/,800.0,1024.0,1012.54,1296.05,800.0,1200.0,1012.54,1518.81,GBP,Bonhams,Pop Culture,N/A,"Vivienne Westwood & Malcolm McLaren: Worlds End 'Pirate' matching Waistcoat, Trousers, and Scarf, 1981, 3",2026-04-30,https://www.bonhams.com/auction/32329/50-years-of-punk/,False,1,25.0,25.0
https://www.bonhams.com/auction/32329/lot/152/vivienne-westwood-and-malcolm-mclaren-a-worlds-end-savage-jersey-and-navajo-print-shirt-1982-2/,400.0,512.0,506.27,648.03,600.0,800.0,759.4,1012.54,GBP,Bonhams,Pop Culture,N/A,"Vivienne Westwood & Malcolm McLaren: A Worlds End 'Savage' Jersey and 'Navajo' print shirt, 1982, 2",2026-04-30,https://www.bonhams.com/auction/32329/50-years-of-punk/,False,1,75.0,75.0
https://www.bonhams.com/auction/32329/lot/153/vivienne-westwood-and-malcolm-mclaren-three-nostalgia-of-mud-worlds-end-shirts-1982-83-3/,400.0,512.0,506.27,648.03,600.0,800.0,759.4,1012.54,GBP,Bonhams,Pop Culture,N/A,"Vivienne Westwood & Malcolm McLaren: Three 'Nostalgia of Mud' Worlds End Shirts, 1982-83, 3",2026-04-30,https://www.bonhams.com/auction/32329/50-years-of-punk/,False,1,75.0,75.0
https://www.bonhams.com/auction/32329/lot/154/vivienne-westwood-and-malcolm-mclaren-a-worlds-end-witches-jacket-1983-1984/,1800.0,2304.0,2278.21,2916.11,2500.0,3500.0,3164.19,4429.86,GBP,Bonhams,Pop Culture,N/A,"Vivienne Westwood & Malcolm McLaren: A Worlds End 'Witches' Jacket, 1983-1984,",2026-04-30,https://www.bonhams.com/auction/32329/50-years-of-punk/,False,1,66.66666666666667,66.66666666666667
https://www.bonhams.com/auction/32329/lot/155/vivienne-westwood-and-malcolm-mclaren-a-worlds-end-witches-keith-haring-print-jersey-circa-1983-84/,400.0,512.0,506.27,648.03,600.0,800.0,759.4,1012.54,GBP,Bonhams,Pop Culture,N/A,"Vivienne Westwood & Malcolm McLaren: A Worlds End 'Witches' Keith Haring Print Jersey, circa 1983-84,",2026-04-30,https://www.bonhams.com/auction/32329/50-years-of-punk/,False,1,75.0,75.0
https://www.bonhams.com/auction/32329/lot/157/vivienne-westwood-a-pair-of-super-elevated-court-shoes-autumnwinter-1993-anglomania-collection/,1500.0,1920.0,1898.51,2430.09,1200.0,1800.0,1518.81,2278.21,GBP,Bonhams,Pop Culture,N/A,"Vivienne Westwood: A Pair of Super Elevated Court Shoes, Autumn/Winter 1993 'Anglomania' Collection,",2026-04-30,https://www.bonhams.com/auction/32329/50-years-of-punk/,False,1,0.0,0.0
https://www.bonhams.com/auction/31979/lot/1/rolex-a-fine-and-rare-18k-rose-gold-diamond-set-automatic-chronograph-bracelet-watch-cosmograph-daytona-ref-116505-purchased-december-2017/,25000.0,32000.0,31641.86,40501.58,25000.0,35000.0,31641.86,44298.6,GBP,Bonhams,Automotive,N/A,"Rolex. A fine and rare 18K rose gold diamond set automatic chronograph bracelet watch Cosmograph Daytona, Ref: 116505, Purchased December 2017",2026-06-11,https://www.bonhams.com/auction/31979/london-fine-watches/,False,1,20.0,20.0
https://www.bonhams.com/auction/31979/lot/3/rolex-a-fine-and-rare-18k-rose-gold-automatic-calendar-bracelet-watch-day-date-ref-1803-purchased-9th-may-1965/,15000.0,19200.0,18985.12,24300.95,8000.0,12000.0,10125.4,15188.09,GBP,Bonhams,Automotive,N/A,"Rolex. A fine and rare 18K rose gold automatic calendar bracelet watch Day-Date, Ref: 1803, Purchased 9th May 1965",2026-06-11,https://www.bonhams.com/auction/31979/london-fine-watches/,False,1,33.333333333333336,-33.333333333333336
https://www.bonhams.com/auction/31979/lot/4/rolex-a-fine-and-rare-18k-gold-automatic-calendar-bracelet-watch-with-stella-dial-day-date-ref-1803-circa-1981/,30000.0,38400.0,37970.23,48601.9,30000.0,50000.0,37970.23,63283.72,GBP,Bonhams,Automotive,N/A,"Rolex. A fine and rare 18K gold automatic calendar bracelet watch with stella dial Day-Date, Ref: 1803, Circa 1981",2026-06-11,https://www.bonhams.com/auction/31979/london-fine-watches/,False,1,33.333333333333336,33.333333333333336
https://www.bonhams.com/auction/31979/lot/5/vacheron-constantin-a-fine-and-very-rare-18k-white-gold-manual-wind-calendar-wristwatch-with-power-reserve-malte-ref-83060000g-9432-no5050-purchased-21st-december-2009/,12000.0,15360.0,15188.09,19440.76,12000.0,18000.0,15188.09,22782.14,GBP,Bonhams,Pop Culture,N/A,"Vacheron Constantin. A fine and very rare 18K white gold manual wind calendar wristwatch with power reserve Malte, Ref: 83060/000G-9432, No.50/50, Purchased 21st December 2009",2026-06-11,https://www.bonhams.com/auction/31979/london-fine-watches/,False,1,25.0,25.0
https://www.bonhams.com/auction/31979/lot/6/michel-jordi-a-rare-and-unusual-limited-edition-18k-white-gold-swivelling-dual-time-zone-chronograph-wristwatch-squelette-hdv-no2828-circa-2007/,9000.0,11520.0,11391.07,14580.57,8000.0,12000.0,10125.4,15188.09,GBP,Bonhams,Pop Culture,N/A,"Michel Jordi. A rare and unusual Limited Edition 18K white gold swivelling dual time zone chronograph wristwatch Squelette HDV, No.28/28, Circa 2007",2026-06-11,https://www.bonhams.com/auction/31979/london-fine-watches/,False,1,11.11111111111111,11.11111111111111
https://www.bonhams.com/auction/31979/lot/7/a-lange-and-sohne-a-rare-and-unusual-limited-edition-18k-rose-gold-wristwatch-with-jumping-seconds-power-reserve-indication-remontoire-degalite-and-zero-reset-mechanism-richard-lange-jumping-seconds-no091100-ref-252032-circa-2017/,42000.0,53740.0,53158.32,68017.34,25000.0,35000.0,31641.86,44298.6,GBP,Bonhams,Pop Culture,N/A,"A. Lange & Söhne. A rare and unusual Limited Edition 18K rose gold wristwatch with jumping seconds, power reserve indication, remontoire d'égalité and zero-reset mechanism Richard Lange Jumping Seconds, No.091/100, Ref: 252.032, Circa 2017",2026-06-11,https://www.bonhams.com/auction/31979/london-fine-watches/,False,1,28.571428571428573,-28.571428571428573
https://www.bonhams.com/auction/31979/lot/8/a-lange-and-sohne-a-fine-18k-rose-gold-manual-wind-wristwatch-with-power-reserve-1815-updown-ref-234032-purchased-12th-march-2019/,13000.0,16640.0,16453.77,21060.82,12000.0,18000.0,15188.09,22782.14,GBP,Bonhams,Automotive,N/A,"A. Lange & Söhne. A fine 18K rose gold manual wind wristwatch with power reserve 1815 Up/Down, Ref: 234.032, Purchased 12th March 2019",2026-06-11,https://www.bonhams.com/auction/31979/london-fine-watches/,False,1,15.384615384615385,15.384615384615385
https://www.bonhams.com/auction/31979/lot/9/graff-a-fine-and-rare-18k-white-gold-diamond-set-automatic-calendar-wristwatch-ref-gxxix-circa-2010/,12000.0,15360.0,15188.09,19440.76,12000.0,18000.0,15188.09,22782.14,GBP,Bonhams,Pop Culture,N/A,"Graff. A fine and rare 18K white gold diamond set automatic calendar wristwatch Ref: GXXIX, Circa 2010",2026-06-11,https://www.bonhams.com/auction/31979/london-fine-watches/,False,1,25.0,25.0
https://www.bonhams.com/auction/31979/lot/10/graff-a-fine-ladys-18k-gold-diamond-set-quartz-bracelet-watch-circa-1990/,14000.0,17920.0,17719.44,22680.89,15000.0,20000.0,18985.12,25313.49,GBP,Bonhams,Pop Culture,N/A,Graff. A fine lady's 18K gold diamond set quartz bracelet watch Circa 1990,2026-06-11,https://www.bonhams.com/auction/31979/london-fine-watches/,False,1,25.0,25.0
https://www.bonhams.com/auction/31979/lot/11/cartier-an-18k-rose-gold-automatic-bracelet-watch-ballon-bleu-ref-3003-circa-2011/,7500.0,9600.0,9492.56,12150.47,8000.0,12000.0,10125.4,15188.09,GBP,Bonhams,Pop Culture,N/A,"Cartier. An 18K rose gold automatic bracelet watch Ballon Bleu, Ref: 3003, Circa 2011",2026-06-11,https://www.bonhams.com/auction/31979/london-fine-watches/,False,1,33.333333333333336,33.333333333333336
https://www.bonhams.com/auction/31979/lot/12/patek-philippe-a-fine-ladys-18k-rose-gold-diamond-set-quartz-calendar-bracelet-watch-nautilus-ref-70101r-010-purchased-23rd-december-2011/,38000.0,48640.0,48095.63,61562.4,30000.0,40000.0,37970.23,50626.98,GBP,Bonhams,Pop Culture,N/A,"Patek Philippe. A fine lady's 18K rose gold diamond set quartz calendar bracelet watch Nautilus, Ref: 7010/1R-010, Purchased 23rd December 2011",2026-06-11,https://www.bonhams.com/auction/31979/london-fine-watches/,False,1,7.894736842105263,-7.894736842105263
https://www.bonhams.com/auction/31979/lot/13/audemars-piguet-a-fine-and-rare-18k-gold-quartz-calendar-bracelet-watch-royal-oak-ref-56175ba-circa-1990/,15000.0,19200.0,18985.12,24300.95,12000.0,18000.0,15188.09,22782.14,GBP,Bonhams,Automotive,N/A,"Audemars Piguet. A fine and rare 18K gold quartz calendar bracelet watch Royal Oak, Ref: 56175BA, Circa 1990",2026-06-11,https://www.bonhams.com/auction/31979/london-fine-watches/,False,1,0.0,0.0
https://www.bonhams.com/auction/31979/lot/16/christiaan-van-der-klaauw-a-rare-and-unusual-18k-rose-gold-automatic-astrological-wristwatch-with-month-zodiacs-and-solar-and-lunar-positions-astrolabium-2000-circa-2005/,15000.0,19200.0,18985.12,24300.95,8000.0,12000.0,10125.4,15188.09,GBP,Bonhams,Pop Culture,N/A,"Christiaan van der Klaauw. A rare and unusual 18K rose gold automatic astrological wristwatch with month, Zodiacs and solar and lunar positions Astrolabium 2000, Circa 2005",2026-06-11,https://www.bonhams.com/auction/31979/london-fine-watches/,False,1,33.333333333333336,-33.333333333333336
https://www.bonhams.com/auction/31979/lot/17/roger-dubuis-a-rare-and-unusual-limited-edition-18k-white-gold-diamond-set-automatic-wristwatch-with-mother-of-pearl-dial-and-retrograde-hours-minutes-and-date-three-retrograde-no0228-circa-2000/,15000.0,19200.0,18985.12,24300.95,15000.0,20000.0,18985.12,25313.49,GBP,Bonhams,Pop Culture,N/A,"Roger Dubuis. A rare and unusual Limited Edition 18K white gold diamond set automatic wristwatch with mother of pearl dial and retrograde hours, minutes and date Three-Retrograde, No.02/28, Circa 2000",2026-06-11,https://www.bonhams.com/auction/31979/london-fine-watches/,False,1,16.666666666666668,16.666666666666668
https://www.bonhams.com/auction/31979/lot/18/roger-dubuis-an-18k-rose-gold-diamond-set-automatic-wristwatch-excalibur-ref-86160-purchased-3rd-november-2017/,16000.0,20480.0,20250.79,25921.01,12000.0,18000.0,15188.09,22782.14,GBP,Bonhams,Automotive,N/A,"Roger Dubuis. An 18K rose gold diamond set automatic wristwatch Excalibur, Ref: 86160, Purchased 3rd November 2017",2026-06-11,https://www.bonhams.com/auction/31979/london-fine-watches/,False,1,6.25,-6.25
https://www.bonhams.com/auction/31979/lot/19/glashutte-original-an-18k-white-gold-automatic-calendar-wristwatch-with-dual-time-zone-power-reserve-and-daynight-indication-senator-cosmopolite-ref-1-89-02-01-04-30-purchased-22nd-october-2016/,11000.0,14080.0,13922.42,17820.7,12000.0,18000.0,15188.09,22782.14,GBP,Bonhams,Automotive,N/A,"Glashütte Original. An 18K white gold automatic calendar wristwatch with dual time zone, power reserve and day/night indication Senator Cosmopolite, Ref: 1-89-02-01-04-30, Purchased 22nd October 2016",2026-06-11,https://www.bonhams.com/auction/31979/london-fine-watches/,False,1,36.36363636363637,36.36363636363637
https://www.bonhams.com/auction/31979/lot/21/iwc-a-fine-stainless-steel-automatic-perpetual-calendar-wristwatch-with-moon-phase-and-7-day-power-reserve-big-pilots-watch-perpetual-calendar-racing-green-ref-iw503608-purchased-18th-july-2023/,12000.0,15360.0,15188.09,19440.76,12000.0,18000.0,15188.09,22782.14,GBP,Bonhams,Pop Culture,N/A,"IWC. A fine stainless steel automatic perpetual calendar wristwatch with moon phase and 7 day power reserve Big Pilot's Watch Perpetual Calendar 'Racing Green', Ref: IW503608, Purchased 18th July 2023",2026-06-11,https://www.bonhams.com/auction/31979/london-fine-watches/,False,1,25.0,25.0
https://www.bonhams.com/auction/31979/lot/24/corum-a-fine-and-unusual-18k-white-gold-manual-wind-straight-line-wristwatch-golden-bridge-ref-050003-circa-2005/,6000.0,7680.0,7594.05,9720.38,6000.0,8000.0,7594.05,10125.4,GBP,Bonhams,Pop Culture,N/A,"Corum. A fine and unusual 18K white gold manual wind straight line wristwatch Golden Bridge, Ref: 05.0003, Circa 2005",2026-06-11,https://www.bonhams.com/auction/31979/london-fine-watches/,False,1,16.666666666666668,16.666666666666668
https://www.bonhams.com/auction/31979/lot/25/breguet-a-fine-and-rare-18k-gold-automatic-perpetual-calendar-wristwatch-with-moon-phase-and-power-reserve-indication-classique-ref-3310-circa-1990/,18000.0,23040.0,22782.14,29161.14,12000.0,18000.0,15188.09,22782.14,GBP,Bonhams,Pop Culture,N/A,"Breguet. A fine and rare 18K gold automatic perpetual calendar wristwatch with moon phase and power reserve indication Classique, Ref: 3310, Circa 1990",2026-06-11,https://www.bonhams.com/auction/31979/london-fine-watches/,False,1,16.666666666666668,-16.666666666666668
https://www.bonhams.com/auction/31979/lot/26/ulysse-nardin-a-rare-and-unusual-titanium-and-black-ceramic-automatic-astronomical-wristwatch-with-world-time-tidal-coefficients-and-positions-of-the-sun-and-moon-blast-moonstruck-ref-1063-400-purchased-15th-may-2022/,20000.0,25600.0,25313.49,32401.26,22000.0,28000.0,27844.84,35438.88,GBP,Bonhams,Pop Culture,N/A,"Ulysse Nardin. A rare and unusual titanium and black ceramic automatic astronomical wristwatch with world time, tidal coefficients and positions of the sun and moon Blast Moonstruck, Ref: 1063-400, Purchased 15th May 2022",2026-06-11,https://www.bonhams.com/auction/31979/london-fine-watches/,False,1,25.0,25.0
https://www.bonhams.com/auction/31979/lot/27/patek-philippe-a-fine-18k-rose-gold-automatic-calendar-wristwatch-with-dual-time-indication-calatrava-pilot-travel-time-ref-7234r-purchased-29th-december-2019/,16000.0,20480.0,20250.79,25921.01,15000.0,20000.0,18985.12,25313.49,GBP,Bonhams,Pop Culture,N/A,"Patek Philippe. A fine 18K rose gold automatic calendar wristwatch with dual time indication Calatrava Pilot Travel Time, Ref: 7234R, Purchased 29th December 2019",2026-06-11,https://www.bonhams.com/auction/31979/london-fine-watches/,False,1,9.375,9.375
https://www.bonhams.com/auction/31979/lot/28/patek-philippe-a-fine-18k-white-gold-automatic-perpetual-calendar-wristwatch-with-moon-phase-leap-year-indication-and-retrograde-date-grand-complications-ref-5159g-circa-2015/,18000.0,23040.0,22782.14,29161.14,18000.0,22000.0,22782.14,27844.84,GBP,Bonhams,Automotive,N/A,"Patek Philippe. A fine 18K white gold automatic perpetual calendar wristwatch with moon phase, leap year indication and retrograde date Grand Complications, Ref: 5159G, Circa 2015",2026-06-11,https://www.bonhams.com/auction/31979/london-fine-watches/,False,1,11.11111111111111,11.11111111111111
https://www.bonhams.com/auction/31979/lot/29/patek-philippe-a-very-fine-and-rare-mid-size-18k-rose-gold-automatic-minute-repeating-wristwatch-ref-7000r-001-purchased-20th-december-2017/,140000.0,178200.0,177194.42,225543.18,150000.0,250000.0,189851.16,316418.6,GBP,Bonhams,Pop Culture,N/A,"Patek Philippe. A very fine and rare mid-size 18K rose gold automatic minute repeating wristwatch Ref: 7000R-001, Purchased 20th December 2017",2026-06-11,https://www.bonhams.com/auction/31979/london-fine-watches/,False,1,42.857142857142854,42.857142857142854
https://www.bonhams.com/auction/31979/lot/30/patek-philippe-a-fine-and-rare-18k-diamond-set-manual-wind-bracelet-watch-with-lapis-lazuli-dial-ref-3727-circa-1970/,25000.0,32000.0,31641.86,40501.58,10000.0,15000.0,12656.74,18985.12,GBP,Bonhams,Pop Culture,N/A,"Patek Philippe. A fine and rare 18K diamond set manual wind bracelet watch with lapis lazuli dial Ref: 3727, Circa 1970",2026-06-11,https://www.bonhams.com/auction/31979/london-fine-watches/,False,1,50.0,-50.0
https://www.bonhams.com/auction/31979/lot/32/rolex-a-ladys-fine-and-rare-18k-gold-diamond-set-automatic-calendar-bracelet-watch-datejust-pearlmaster-ref-81338-circa-2006/,28000.0,35840.0,35438.88,45361.77,20000.0,30000.0,25313.49,37970.23,GBP,Bonhams,Automotive,N/A,"Rolex. A lady's fine and rare 18K gold diamond set automatic calendar bracelet watch Datejust Pearlmaster, Ref: 81338, Circa 2006",2026-06-11,https://www.bonhams.com/auction/31979/london-fine-watches/,False,1,10.714285714285714,-10.714285714285714
https://www.bonhams.com/auction/31979/lot/33/cartier-a-fine-and-extremely-rare-square-18k-gold-manual-wind-bracelet-watch-from-the-london-workshops-london-hallmark-for-1972/,18000.0,23040.0,22782.14,29161.14,15000.0,20000.0,18985.12,25313.49,GBP,Bonhams,Pop Culture,N/A,Cartier. A fine and extremely rare square 18K gold manual wind bracelet watch from the London workshops London Hallmark for 1972,2026-06-11,https://www.bonhams.com/auction/31979/london-fine-watches/,False,1,2.7777777777777777,-2.7777777777777777
https://www.bonhams.com/auction/31979/lot/34/cartier-a-fine-and-rare-limited-edition-18k-gold-manual-wind-wristwatch-made-as-part-of-the-paris-1991-edition-baignoire-allongee-no314400-circa-1991/,38000.0,48640.0,48095.63,61562.4,30000.0,50000.0,37970.23,63283.72,GBP,Bonhams,Pop Culture,N/A,"Cartier. A fine and rare Limited Edition 18K gold manual wind wristwatch made as part of the Paris 1991 edition Baignoire Allongée, No.314/400, Circa 1991",2026-06-11,https://www.bonhams.com/auction/31979/london-fine-watches/,False,1,5.2631578947368425,5.2631578947368425
https://www.bonhams.com/auction/31979/lot/35/cartier-a-fine-and-rare-18k-gold-manual-wind-wristwatch-bamboo-coussin-london-import-mark-for-1974/,75000.0,95650.0,94925.58,121061.76,60000.0,80000.0,75940.46,101253.95,GBP,Bonhams,Pop Culture,N/A,"Cartier. A fine and rare 18K gold manual wind wristwatch Bamboo Coussin, London Import mark for 1974",2026-06-11,https://www.bonhams.com/auction/31979/london-fine-watches/,False,1,6.666666666666667,-6.666666666666667
https://www.bonhams.com/auction/31979/lot/36/cartier-a-fine-and-rare-mid-size-18k-gold-manual-wind-wristwatch-bamboo-coussin-london-import-mark-for-1974/,42000.0,53740.0,53158.32,68017.34,30000.0,50000.0,37970.23,63283.72,GBP,Bonhams,Automotive,N/A,"Cartier. A fine and rare mid-size 18K gold manual wind wristwatch Bamboo Coussin, London Import mark for 1974",2026-06-11,https://www.bonhams.com/auction/31979/london-fine-watches/,False,1,4.761904761904762,-4.761904761904762
https://www.bonhams.com/auction/31979/lot/37/cartier-a-mid-size-recently-serviced-fine-and-rare-18k-gold-diamond-set-manual-wind-wristwatch-cristallor-circa-1990/,15000.0,19200.0,18985.12,24300.95,15000.0,20000.0,18985.12,25313.49,GBP,Bonhams,Pop Culture,N/A,"Cartier. A mid-size recently serviced fine and rare 18K gold diamond set manual wind wristwatch Cristallor, Circa 1990",2026-06-11,https://www.bonhams.com/auction/31979/london-fine-watches/,False,1,16.666666666666668,16.666666666666668
https://www.bonhams.com/auction/31979/lot/38/audemars-piguet-a-very-fine-and-rare-platinum-manual-wind-minute-repeating-jump-hour-wristwatch-ref-25723-no53-circa-1994/,120000.0,152800.0,151880.93,193395.05,40000.0,60000.0,50626.98,75940.46,GBP,Bonhams,Pop Culture,N/A,"Audemars Piguet. A very fine and rare platinum manual wind minute repeating jump hour wristwatch Ref: 25723, No.53, Circa 1994",2026-06-11,https://www.bonhams.com/auction/31979/london-fine-watches/,False,1,58.333333333333336,-58.333333333333336
https://www.bonhams.com/auction/31979/lot/39/fp-journe-a-fine-and-rare-platinum-automatic-calendar-wristwatch-octa-calendrier-circa-2010/,130000.0,165500.0,164537.67,209469.11,100000.0,150000.0,126567.44,189851.16,GBP,Bonhams,Pop Culture,N/A,"F.P Journe. A fine and rare platinum automatic calendar wristwatch Octa Calendrier, Circa 2010",2026-06-11,https://www.bonhams.com/auction/31979/london-fine-watches/,False,1,3.8461538461538463,-3.8461538461538463
https://www.bonhams.com/auction/31979/lot/40/patek-philippe-a-fine-and-rare-18k-rose-gold-diamond-set-automatic-calendar-bracelet-watch-nautilus-ref-71181200r-001-circa-2020/,70000.0,89300.0,88597.21,113024.72,70000.0,90000.0,88597.21,113910.7,GBP,Bonhams,Pop Culture,N/A,"Patek Philippe. A fine and rare 18K rose gold diamond set automatic calendar bracelet watch Nautilus, Ref: 7118/1200R-001, Circa 2020",2026-06-11,https://www.bonhams.com/auction/31979/london-fine-watches/,False,1,14.285714285714286,14.285714285714286
https://www.bonhams.com/auction/31979/lot/41/patek-philippe-a-ladys-stainless-steel-and-gold-quartz-calendar-bracelet-watch-with-sigma-dial-nautilus-ref-47001ja-circa-1980/,13000.0,16640.0,16453.77,21060.82,8000.0,12000.0,10125.4,15188.09,GBP,Bonhams,Pop Culture,N/A,"Patek Philippe. A lady's stainless steel and gold quartz calendar bracelet watch with sigma dial Nautilus, Ref: 4700/1JA, Circa 1980",2026-06-11,https://www.bonhams.com/auction/31979/london-fine-watches/,False,1,23.076923076923077,-23.076923076923077
https://www.bonhams.com/auction/31979/lot/42/patek-philippe-an-18k-white-gold-diamond-set-manual-wind-wristwatch-gondolo-ref-5112g-001-purchased-23nd-november-2006/,10000.0,12800.0,12656.74,16200.63,7000.0,9000.0,8859.72,11391.07,GBP,Bonhams,Pop Culture,N/A,"Patek Philippe. An 18K white gold diamond set manual wind wristwatch Gondolo, Ref: 5112G-001, Purchased 23nd November 2006",2026-06-11,https://www.bonhams.com/auction/31979/london-fine-watches/,False,1,20.0,-20.0
https://www.bonhams.com/auction/31979/lot/43/patek-philippe-a-fine-stainless-steel-automatic-calendar-wristwatch-with-dual-time-zone-and-daynight-indication-aquanaut-travel-time-ref-5164a-circa-2018/,50000.0,63900.0,63283.72,80876.59,35000.0,45000.0,44298.6,56955.35,GBP,Bonhams,Automotive,N/A,"Patek Philippe. A fine stainless steel automatic calendar wristwatch with dual time zone and day/night indication Aquanaut Travel Time, Ref: 5164A, Circa 2018",2026-06-11,https://www.bonhams.com/auction/31979/london-fine-watches/,False,1,20.0,-20.0
https://www.bonhams.com/auction/31979/lot/45/rolex-a-fine-and-rare-18k-gold-sapphire-set-quartz-calendar-bracelet-watch-oysterquartz-day-date-ref-1915819018-circa-1981/,60000.0,76600.0,75940.46,96950.66,60000.0,80000.0,75940.46,101253.95,GBP,Bonhams,Automotive,N/A,"Rolex. A fine and rare 18K gold sapphire set quartz calendar bracelet watch Oysterquartz Day-Date, Ref: 19158/19018, Circa 1981",2026-06-11,https://www.bonhams.com/auction/31979/london-fine-watches/,False,1,16.666666666666668,16.666666666666668
https://www.bonhams.com/auction/31979/lot/46/rolex-a-fine-and-rare-stainless-steel-automatic-calendar-bracelet-watch-offered-on-behalf-of-a-former-comex-diver-comex-sea-dweller-ref-1665-circa-1981/,48000.0,61360.0,60752.37,77661.78,30000.0,40000.0,37970.23,50626.98,GBP,Bonhams,Automotive,N/A,"Rolex. A fine and rare stainless steel automatic calendar bracelet watch offered on behalf of a former COMEX diver COMEX Sea-Dweller, Ref: 1665, Circa 1981",2026-06-11,https://www.bonhams.com/auction/31979/london-fine-watches/,False,1,27.083333333333332,-27.083333333333332
https://www.bonhams.com/auction/31979/lot/47/rolex-a-very-fine-and-rare-stainless-steel-automatic-calendar-bracelet-offered-on-behalf-of-a-former-comex-diver-comex-submariner-ref-5514-circa-1978/,70000.0,89300.0,88597.21,113024.72,60000.0,80000.0,75940.46,101253.95,GBP,Bonhams,Automotive,N/A,"Rolex. A very fine and rare stainless steel automatic calendar bracelet offered on behalf of a former COMEX diver COMEX Submariner, Ref: 5514, Circa 1978",2026-06-11,https://www.bonhams.com/auction/31979/london-fine-watches/,False,1,0.0,0.0
https://www.bonhams.com/auction/31979/lot/51/rolex-a-stainless-steel-automatic-calendar-bracelet-watch-with-dual-time-zone-gmt-master-ref-1675-circa-1967/,8000.0,10240.0,10125.4,12960.51,7000.0,9000.0,8859.72,11391.07,GBP,Bonhams,Automotive,N/A,"Rolex. A stainless steel automatic calendar bracelet watch with dual time zone GMT-Master, Ref: 1675, Circa 1967",2026-06-11,https://www.bonhams.com/auction/31979/london-fine-watches/,False,1,0.0,0.0
https://www.bonhams.com/auction/31979/lot/53/grana-a-rare-stainless-steel-manual-wind-military-issue-wristwatch-dirty-dozen-circa-1945/,17000.0,21760.0,21516.46,27541.07,10000.0,15000.0,12656.74,18985.12,GBP,Bonhams,Automotive,N/A,"Grana. A rare stainless steel manual wind Military issue wristwatch 'Dirty Dozen', Circa 1945",2026-06-11,https://www.bonhams.com/auction/31979/london-fine-watches/,False,1,26.470588235294116,-26.470588235294116
https://www.bonhams.com/auction/31979/lot/55/rolex-a-fine-and-very-rare-stainless-steel-automatic-antimagnetic-wristwatch-with-honeycomb-dial-recently-serviced-by-the-rolex-atelier-de-restauration-milgauss-ref-65410-circa-1958/,80000.0,102000.0,101253.95,129098.79,60000.0,80000.0,75940.46,101253.95,GBP,Bonhams,Automotive,N/A,"Rolex. A fine and very rare stainless steel automatic antimagnetic wristwatch with honeycomb dial recently serviced by the Rolex Atelier de Restauration Milgauss, Ref: 6541/0, Circa 1958",2026-06-11,https://www.bonhams.com/auction/31979/london-fine-watches/,False,1,12.5,-12.5
https://www.bonhams.com/auction/31979/lot/57/rolex-a-stainless-steel-automatic-calendar-bracelet-watch-with-dual-time-zone-explorer-ii-steve-mcqueenfreccione-ref-1655-circa-1978/,10000.0,12800.0,12656.74,16200.63,12000.0,18000.0,15188.09,22782.14,GBP,Bonhams,Pop Culture,N/A,"Rolex. A stainless steel automatic calendar bracelet watch with dual time zone Explorer II ""Steve McQueen/Freccione"", Ref: 1655, Circa 1978",2026-06-11,https://www.bonhams.com/auction/31979/london-fine-watches/,False,1,50.0,50.0
https://cars.bonhams.com/auction/30973/lot/22/a-s-waye-british-15-20hp-belsize-saloon-car-an-original-cover-artwork-for-the-autocar-1922/,666.67,800.0,,,800.0,1200.0,,,GBP,Bonhams,Automotive,N/A,"A S Waye, (British), '15-20hp Belsize Saloon Car'",,https://cars.bonhams.com/auction/30973/the-bond-street-sale-important-collectors-motor-cars-and-automobilia/,False,1,49.99925000374999,49.99925000374999
https://cars.bonhams.com/auction/30973/lot/36/a-18-scale-model-of-the-winkelmann-racing-lotus-59b-formula-2-single-seater-by-peter-pedroza-2/,1666.67,2000.0,,,2000.0,3000.0,,,GBP,Bonhams,Automotive,N/A,Winkelmann Racing Lotus 59B Formula 2 Model,,https://cars.bonhams.com/auction/30973/the-bond-street-sale-important-collectors-motor-cars-and-automobilia/,False,1,49.999700000599994,49.999700000599994
https://cars.bonhams.com/auction/30973/lot/10/a-scarce-pedestal-mascot-by-charles-sykes-early-20th-century-2/,3333.33,4000.0,,,4000.0,5000.0,,,GBP,Bonhams,Pop Culture,N/A,"A scarce 'Pedestal' mascot by Charles Sykes, early 20th Century",,https://cars.bonhams.com/auction/30973/the-bond-street-sale-important-collectors-motor-cars-and-automobilia/,False,1,35.000135000135,35.000135000135
https://cars.bonhams.com/auction/30973/lot/3/an-air-ministry-scramble-bell-1941/,2500.0,3000.0,,,3000.0,4000.0,,,GBP,Bonhams,Automotive,N/A,"An Air Ministry scramble bell, 1941",,https://cars.bonhams.com/auction/30973/the-bond-street-sale-important-collectors-motor-cars-and-automobilia/,False,1,40.0,40.0
https://cars.bonhams.com/auction/30973/lot/6/an-egyptienne-mascot-1920s/,666.67,800.0,,,800.0,1200.0,,,GBP,Bonhams,Pop Culture,N/A,"An 'Egyptienne' mascot, 1920s",,https://cars.bonhams.com/auction/30973/the-bond-street-sale-important-collectors-motor-cars-and-automobilia/,False,1,49.99925000374999,49.99925000374999
https://cars.bonhams.com/auction/30973/lot/125/1965-aston-martin-db6-sports-saloon-chassis-no-db62360r-engine-no-4002360/,108333.33,130000.0,,,130000.0,160000.0,,,GBP,Bonhams,Automotive,N/A,Aston Martin DB6 Sports Saloon,,https://cars.bonhams.com/auction/30973/the-bond-street-sale-important-collectors-motor-cars-and-automobilia/,False,1,33.846157964497166,33.846157964497166
https://cars.bonhams.com/auction/30973/lot/116/1989-porsche-911-carrera-32-litre-coupe-chassis-no-wp0zzz917ks103267-engine-no-63k03656/,54166.67,65000.0,,,65000.0,75000.0,,,GBP,Bonhams,Automotive,N/A,Porsche 911 Carrera 3.2-Litre Coupé,,https://cars.bonhams.com/auction/30973/the-bond-street-sale-important-collectors-motor-cars-and-automobilia/,False,1,29.230761278107003,29.230761278107003
https://cars.bonhams.com/auction/30973/lot/126/c-1987-ford-sierra-rs500-cosworth-group-a-competition-saloon-chassis-no-are0185/,108333.33,130000.0,,,130000.0,160000.0,,,GBP,Bonhams,Automotive,N/A,Ford Sierra RS500 Cosworth Group A Competition Saloon,,https://cars.bonhams.com/auction/30973/the-bond-street-sale-important-collectors-motor-cars-and-automobilia/,False,1,33.846157964497166,33.846157964497166
https://cars.bonhams.com/auction/30973/lot/121/2007-ferrari-599-gtb-fiorano-coupe-chassis-no-zfffd60b000151564/,333333.33,400000.0,,,400000.0,600000.0,,,GBP,Bonhams,Automotive,N/A,Ferrari 599 GTB Fiorano Coupé,,https://cars.bonhams.com/auction/30973/the-bond-street-sale-important-collectors-motor-cars-and-automobilia/,False,1,50.00000150000001,50.00000150000001
https://cars.bonhams.com/auction/30973/lot/23/believed-harold-connolly-british-1893-1973-crossley-six-cylinder-fabric-saloon-an-original-cover-artwork-for-the-motor-1927/,666.67,800.0,,,800.0,1200.0,,,GBP,Bonhams,Automotive,N/A,Crossley Six-Cylinder Fabric Saloon,,https://cars.bonhams.com/auction/30973/the-bond-street-sale-important-collectors-motor-cars-and-automobilia/,False,1,49.99925000374999,49.99925000374999
https://cars.bonhams.com/auction/30973/lot/8/a-fine-leaping-horse-mascot-by-casimir-brau-french-circa-1925/,1666.67,2000.0,,,2000.0,3000.0,,,GBP,Bonhams,Pop Culture,N/A,Leaping Horse mascot by Casimir Brau,,https://cars.bonhams.com/auction/30973/the-bond-street-sale-important-collectors-motor-cars-and-automobilia/,False,1,49.999700000599994,49.999700000599994
https://cars.bonhams.com/auction/30973/lot/4/an-raf-operations-room-sector-clock-type-ii-circa-1943/,2500.0,3000.0,,,3000.0,5000.0,,,GBP,Bonhams,Automotive,N/A,RAF Operations Room 'sector' clock type II,,https://cars.bonhams.com/auction/30973/the-bond-street-sale-important-collectors-motor-cars-and-automobilia/,False,1,60.0,60.0
https://cars.bonhams.com/auction/30973/lot/114/1989-ferrari-328-gts-targa-coupe-chassis-no-zffca20s000079035-engine-no-15411/,125000.0,150000.0,,,150000.0,200000.0,,,GBP,Bonhams,Automotive,N/A,Ferrari 328 GTS Targa Coupé,,https://cars.bonhams.com/auction/30973/the-bond-street-sale-important-collectors-motor-cars-and-automobilia/,False,1,40.0,40.0
https://cars.bonhams.com/auction/30973/lot/107/1972-de-tomaso-mangusta-coupe-chassis-no-8mh-1296-engine-no-302-00116/,166666.67,200000.0,,,200000.0,250000.0,,,GBP,Bonhams,Automotive,N/A,De Tomaso Mangusta Coupé,,https://cars.bonhams.com/auction/30973/the-bond-street-sale-important-collectors-motor-cars-and-automobilia/,False,1,34.99999730000005,34.99999730000005
https://cars.bonhams.com/auction/30973/lot/7/a-rare-minnie-mouse-car-mascot-by-desmo-british-1930s/,750.0,900.0,,,900.0,1200.0,,,GBP,Bonhams,Pop Culture,N/A,"A rare Minnie Mouse car mascot by Desmo, British, 1930s",,https://cars.bonhams.com/auction/30973/the-bond-street-sale-important-collectors-motor-cars-and-automobilia/,False,1,40.0,40.0
https://cars.bonhams.com/auction/30973/lot/118/1931-invicta-412-litre-s-type-low-chassis-tourer-chassis-no-s79-engine-no-7479/,500000.0,600000.0,,,600000.0,800000.0,,,GBP,Bonhams,Automotive,N/A,Invicta 4½-Litre S-Type Low-chassis Tourer,,https://cars.bonhams.com/auction/30973/the-bond-street-sale-important-collectors-motor-cars-and-automobilia/,False,1,40.0,40.0
https://cars.bonhams.com/auction/30973/lot/16/bryan-de-grineau-john-bryan-british-1883-1957brooklands-1928-200-mile-race/,666.67,800.0,,,800.0,1200.0,,,GBP,Bonhams,Pop Culture,N/A,Brooklands - 1928 200 Mile race,,https://cars.bonhams.com/auction/30973/the-bond-street-sale-important-collectors-motor-cars-and-automobilia/,False,1,49.99925000374999,49.99925000374999
https://cars.bonhams.com/auction/30973/lot/20/michael-turner-british-1935-austrian-grand-prix-1983/,833.33,1000.0,,,1000.0,1500.0,,,GBP,Bonhams,Automotive,N/A,Austrian Grand Prix 1983,,https://cars.bonhams.com/auction/30973/the-bond-street-sale-important-collectors-motor-cars-and-automobilia/,False,1,50.0006000024,50.0006000024
https://cars.bonhams.com/auction/30973/lot/21/frederick-thomas-steerwood-british-1888-1965-an-original-cover-artwork-for-the-autocar-1927/,750.0,900.0,,,900.0,1200.0,,,GBP,Bonhams,Pop Culture,N/A,Original Cover Artwork for The Autocar,,https://cars.bonhams.com/auction/30973/the-bond-street-sale-important-collectors-motor-cars-and-automobilia/,False,1,40.0,40.0
https://cars.bonhams.com/auction/30973/lot/108/1982-maserati-khamsin-coupe-chassis-no-am-120-437-engine-no-am-120-437/,83333.33,100000.0,,,100000.0,140000.0,,,GBP,Bonhams,Automotive,N/A,Maserati Khamsin Coupé,,https://cars.bonhams.com/auction/30973/the-bond-street-sale-important-collectors-motor-cars-and-automobilia/,False,1,44.00000576000023,44.00000576000023
https://cars.bonhams.com/auction/30973/lot/115/1932-bentley-8-litre-le-mans-tourer-chassis-no-ym-5046-engine-no-yx-5101/,333333.33,400000.0,,,400000.0,500000.0,,,GBP,Bonhams,Automotive,N/A,Bentley 8-Litre 'Le Mans' Tourer,,https://cars.bonhams.com/auction/30973/the-bond-street-sale-important-collectors-motor-cars-and-automobilia/,False,1,35.000001350000005,35.000001350000005
https://cars.bonhams.com/auction/30973/lot/112/1968-ferrari-365-gt-22-coupe-chassis-no-12025-engine-no-12025/,125000.0,150000.0,,,150000.0,180000.0,,,GBP,Bonhams,Automotive,N/A,Ferrari 365 GT 2+2 Coupé,,https://cars.bonhams.com/auction/30973/the-bond-street-sale-important-collectors-motor-cars-and-automobilia/,False,1,32.0,32.0
https://cars.bonhams.com/auction/30973/lot/31/a-fine-cased-coracle-brand-picnic-set-for-six-persons-by-gwscott-and-sons-circa-1909-2/,16666.67,20000.0,,,20000.0,25000.0,,,GBP,Bonhams,Pop Culture,N/A,Coracle brand picnic set for six persons,,https://cars.bonhams.com/auction/30973/the-bond-street-sale-important-collectors-motor-cars-and-automobilia/,False,1,34.99997300000542,34.99997300000542
https://cars.bonhams.com/auction/30973/lot/19/dexter-brown-british-1942-two-portraits-of-enzo-ferrari-and-battista-pininfarina-2/,666.67,800.0,,,800.0,1000.0,,,GBP,Bonhams,Pop Culture,N/A,two portraits of Enzo Ferrari and Battista Pininfarina,,https://cars.bonhams.com/auction/30973/the-bond-street-sale-important-collectors-motor-cars-and-automobilia/,False,1,34.99932500337499,34.99932500337499
https://cars.bonhams.com/auction/30973/lot/27/eddie-cheevers-silk-cut-jaguar-monza-1988-race-overalls-by-jaybrand/,1666.67,2000.0,,,2000.0,3000.0,,,GBP,Bonhams,Automotive,N/A,Eddie Cheever's Silk cut Jaguar Monza 1988 race overalls,,https://cars.bonhams.com/auction/30973/the-bond-street-sale-important-collectors-motor-cars-and-automobilia/,False,1,49.999700000599994,49.999700000599994
https://cars.bonhams.com/auction/30973/lot/111/1928-mercedes-benz-36220-s-type-four-seater-sports-tourer-chassis-no-35952-engine-no-71808/,1041666.67,1250000.0,,,1250000.0,1750000.0,,,GBP,Bonhams,Automotive,N/A,Mercedes-Benz 36/220 S-Type Four Seater Sports Tourer,,https://cars.bonhams.com/auction/30973/the-bond-street-sale-important-collectors-motor-cars-and-automobilia/,False,1,43.99999953919999,43.99999953919999
https://cars.bonhams.com/auction/30973/lot/24/dexter-brown-british-1942-auto-story-1993-a-series-of-five-preliminary-artworks-for-the-1993-genova-auto-story-salon-poster/,833.33,1000.0,,,1000.0,1500.0,,,GBP,Bonhams,Automotive,N/A,Auto Story 1993,,https://cars.bonhams.com/auction/30973/the-bond-street-sale-important-collectors-motor-cars-and-automobilia/,False,1,50.0006000024,50.0006000024
https://cars.bonhams.com/auction/30973/lot/14/a-ville-de-liege-deuxieme-exposition-cycles-and-automobilia-advertising-poster-13-to-22-february-1897/,833.33,1000.0,,,1000.0,1500.0,,,GBP,Bonhams,Automotive,N/A,A Ville de Liege Deuxieme Exposition Cycles & Automobilia advertising poster,,https://cars.bonhams.com/auction/30973/the-bond-street-sale-important-collectors-motor-cars-and-automobilia/,False,1,50.0006000024,50.0006000024
https://cars.bonhams.com/auction/30973/lot/17/peter-gordon-crosby-british-1914-1943-the-race-winner-an-original-cover-artwork-for-castrol-achievements-1937-2/,1500.0,1800.0,,,1800.0,2400.0,,,GBP,Bonhams,Automotive,N/A,The Race Winner,,https://cars.bonhams.com/auction/30973/the-bond-street-sale-important-collectors-motor-cars-and-automobilia/,False,1,40.0,40.0
https://cars.bonhams.com/auction/30973/lot/25/dexter-brown-british-1942-three-original-artworks-depicting-ferrari-ford-and-jaguar-racing-sports-cars-3/,833.33,1000.0,,,1000.0,1400.0,,,GBP,Bonhams,Automotive,N/A,"Dexter Brown original artworks depicting Ferrari, Ford and Jaguar racing sports cars",,https://cars.bonhams.com/auction/30973/the-bond-street-sale-important-collectors-motor-cars-and-automobilia/,False,1,44.000576002304,44.000576002304
https://cars.bonhams.com/auction/30973/lot/30/a-cased-picnic-set-for-four-persons-by-drew-and-co-of-leadenhall-st-london-circa-1909/,2500.0,3000.0,,,3000.0,4000.0,,,GBP,Bonhams,Pop Culture,N/A,A cased picnic set for four persons,,https://cars.bonhams.com/auction/30973/the-bond-street-sale-important-collectors-motor-cars-and-automobilia/,False,1,40.0,40.0
https://cars.bonhams.com/auction/30973/lot/117/1930-lancia-dilambda-1st-series-sports-tourer-chassis-no-2771-engine-no-817/,58333.33,70000.0,,,70000.0,100000.0,,,GBP,Bonhams,Automotive,N/A,Lancia Dilambda 1st Series Sports Tourer,,https://cars.bonhams.com/auction/30973/the-bond-street-sale-important-collectors-motor-cars-and-automobilia/,False,1,45.7142940408168,45.7142940408168
https://cars.bonhams.com/auction/30973/lot/35/a-motoring-themed-desk-inkwell-by-wmf-german-circa-1912/,1666.67,2000.0,,,2000.0,3000.0,,,GBP,Bonhams,Automotive,N/A,"A motoring themed desk inkwell by WMF, German, circa 1912",,https://cars.bonhams.com/auction/30973/the-bond-street-sale-important-collectors-motor-cars-and-automobilia/,False,1,49.999700000599994,49.999700000599994
https://cars.bonhams.com/auction/30973/lot/15/bryan-de-grineau-british-1883-1957-chiron-in-alfa-romeo-at-le-mans-1933/,666.67,800.0,,,800.0,1200.0,,,GBP,Bonhams,Automotive,N/A,Chiron in Alfa Romeo at Le Mans 1933,,https://cars.bonhams.com/auction/30973/the-bond-street-sale-important-collectors-motor-cars-and-automobilia/,False,1,49.99925000374999,49.99925000374999
https://cars.bonhams.com/auction/31234/lot/46/three-reproduction-photo-prints-after-the-print-of-stirling-moss-the-blonde-and-the-maserati-4/,166.67,200.0,210.95,253.13,200.0,300.0,253.13,379.7,GBP,Bonhams,Automotive,N/A,"Three reproduction photo prints after the print of Stirling Moss, The Blonde and The Maserati,",2025-12-20,https://cars.bonhams.com/auction/31234/the-winter-automobilia-auction/,False,1,49.99700005999881,49.99700005999881
https://cars.bonhams.com/auction/31234/lot/123/a-rare-old-father-time-mascot-british-1930s/,666.67,800.0,843.79,1012.54,800.0,1200.0,1012.54,1518.81,GBP,Bonhams,Pop Culture,N/A,"A rare 'Old Father Time' mascot, British, 1930s,",2025-12-20,https://cars.bonhams.com/auction/31234/the-winter-automobilia-auction/,False,1,49.99925000374999,49.99925000374999
https://cars.bonhams.com/auction/31234/lot/135/a-louis-vuitton-leather-attache-dolls-case-1920s/,500.0,600.0,632.84,759.4,600.0,800.0,759.4,1012.54,GBP,Bonhams,Pop Culture,N/A,"A Louis Vuitton leather attaché ""Dolls"" case, 1920s,",2025-12-20,https://cars.bonhams.com/auction/31234/the-winter-automobilia-auction/,False,1,40.0,40.0
https://cars.bonhams.com/auction/31234/lot/130/assorted-scuderia-ferrari-f1-clothing-signed-by-charles-leclerc-carlos-sainz-jr-and-fernando-alonso-qty/,125.0,150.0,158.21,189.85,150.0,200.0,189.85,253.13,GBP,Bonhams,Automotive,N/A,"Assorted Scuderia Ferrari F1 clothing signed by Charles Leclerc, Carlos Sainz Jr and Fernando Alonso,",2025-12-20,https://cars.bonhams.com/auction/31234/the-winter-automobilia-auction/,False,1,40.0,40.0
https://cars.bonhams.com/auction/31234/lot/71/a-1952-nurburgring-um-die-automobil-weltmeisterschaft-grand-prix-poster/,250.0,300.0,316.42,379.7,300.0,500.0,379.7,632.84,GBP,Bonhams,Automotive,N/A,A 1952 Nurburgring 'Um Die Automobil - Weltmeisterschaft' Grand Prix poster,2025-12-20,https://cars.bonhams.com/auction/31234/the-winter-automobilia-auction/,False,1,60.0,60.0
https://www.christies.com/en/lot/lot-6566473?ldp_breadcrumb=back,79375.0,95250.0,,,40000.0,60000.0,,,GBP,Christies,Pop Culture,N/A,Fender Telecaster played by Jeff Beck,2025-12-11,https://www.christies.com/en/auction/groundbreakers-icons-of-our-time-23878-cks/,True,2,37.00787401574803,-37.00787401574803
https://www.christies.com/en/lot/lot-6566472?ldp_breadcrumb=back,1799.17,2159.0,,,2000.0,3000.0,,,GBP,Christies,Pop Culture,N/A,Smoking Boy Sex Pistols T-Shirt,2025-12-11,https://www.christies.com/en/auction/groundbreakers-icons-of-our-time-23878-cks/,True,2,38.952961643424466,38.952961643424466
https://www.christies.com/en/lot/lot-6566471?ldp_breadcrumb=back,8995.83,10795.0,,,5000.0,8000.0,,,GBP,Christies,Pop Culture,N/A,The iconic 'Pirate' look,2025-12-11,https://www.christies.com/en/auction/groundbreakers-icons-of-our-time-23878-cks/,True,2,27.744299303121558,-27.744299303121558
https://www.christies.com/en/lot/lot-6566470?ldp_breadcrumb=back,4762.5,5715.0,,,5000.0,6000.0,,,GBP,Christies,Pop Culture,N/A,Fallen Angels,2025-12-11,https://www.christies.com/en/auction/groundbreakers-icons-of-our-time-23878-cks/,True,2,15.485564304461942,15.485564304461942
https://www.christies.com/en/lot/lot-6566469?ldp_breadcrumb=back,3704.17,4445.0,,,6000.0,8000.0,,,GBP,Christies,Pop Culture,N/A,Rare herringbone tweed dress and matching jacket,2025-12-11,https://www.christies.com/en/auction/groundbreakers-icons-of-our-time-23878-cks/,True,2,88.97620789542596,88.97620789542596
https://www.christies.com/en/lot/lot-6566468?ldp_breadcrumb=back,84666.67,101600.0,,,100000.0,150000.0,,,GBP,Christies,Pop Culture,N/A,Super Mario Bros.: Nintendo's Breakthrough Game,2025-12-11,https://www.christies.com/en/auction/groundbreakers-icons-of-our-time-23878-cks/,True,2,47.63778946307916,47.63778946307916
https://www.christies.com/en/lot/lot-6566467?ldp_breadcrumb=back,15875.0,19050.0,,,20000.0,30000.0,,,GBP,Christies,Pop Culture,N/A,Tektronix Oscilloscope used to design Pong and the Apple II,2025-12-11,https://www.christies.com/en/auction/groundbreakers-icons-of-our-time-23878-cks/,True,2,57.48031496062992,57.48031496062992
https://www.christies.com/en/lot/lot-6566466?ldp_breadcrumb=back,42333.33,50800.0,,,15000.0,25000.0,,,GBP,Christies,Pop Culture,N/A,The toolbox that built the Apple Computer,2025-12-11,https://www.christies.com/en/auction/groundbreakers-icons-of-our-time-23878-cks/,True,2,52.75590179180329,-52.75590179180329
https://www.christies.com/en/lot/lot-6566465?ldp_breadcrumb=back,100541.67,120650.0,,,50000.0,70000.0,,,GBP,Christies,Pop Culture,N/A,On Computable Numbers: first edition,2025-12-11,https://www.christies.com/en/auction/groundbreakers-icons-of-our-time-23878-cks/,True,2,40.323251046058814,-40.323251046058814
https://www.christies.com/en/lot/lot-6566464?ldp_breadcrumb=back,25400.0,30480.0,,,30000.0,50000.0,,,GBP,Christies,Pop Culture,N/A,Fragments of Olympic Gossip: autograph poem,2025-12-11,https://www.christies.com/en/auction/groundbreakers-icons-of-our-time-23878-cks/,True,2,57.48031496062992,57.48031496062992
https://www.christies.com/en/lot/lot-6566462?ldp_breadcrumb=back,201083.33,241300.0,,,250000.0,350000.0,,,GBP,Christies,Pop Culture,N/A,Six Tyrannosaurus rex teeth,2025-12-11,https://www.christies.com/en/auction/groundbreakers-icons-of-our-time-23878-cks/,True,2,49.19187980425828,49.19187980425828
https://www.christies.com/en/lot/lot-6566461?ldp_breadcrumb=back,37041.67,44450.0,,,30000.0,50000.0,,,GBP,Christies,Pop Culture,N/A,A Pterodactyl,2025-12-11,https://www.christies.com/en/auction/groundbreakers-icons-of-our-time-23878-cks/,True,2,7.986491969719513,7.986491969719513
https://www.christies.com/en/lot/lot-6566460?ldp_breadcrumb=back,2888333.33,3466000.0,,,3000000.0,5000000.0,,,GBP,Christies,Pop Culture,N/A,An Oviraptorosaur,2025-12-11,https://www.christies.com/en/auction/groundbreakers-icons-of-our-time-23878-cks/,True,2,38.4881709619021,38.4881709619021
https://www.christies.com/en/lot/lot-6566458?ldp_breadcrumb=back,275166.67,330200.0,,,50000.0,80000.0,,,GBP,Christies,Pop Culture,N/A,J.R.R. Tolkien's Merton College Desk,2025-12-11,https://www.christies.com/en/auction/groundbreakers-icons-of-our-time-23878-cks/,True,2,76.37795304205993,-76.37795304205993
https://www.christies.com/en/lot/lot-6566457?ldp_breadcrumb=back,95250.0,114300.0,,,20000.0,30000.0,,,GBP,Christies,Pop Culture,N/A,A Kenbak-1: the first personal computer,2025-12-11,https://www.christies.com/en/auction/groundbreakers-icons-of-our-time-23878-cks/,True,2,73.75328083989501,-73.75328083989501
https://www.christies.com/en/lot/lot-6566456?ldp_breadcrumb=back,74083.33,88900.0,,,70000.0,100000.0,,,GBP,Christies,Pop Culture,N/A,The designer's own annotated copy of the London Underground Map,2025-12-11,https://www.christies.com/en/auction/groundbreakers-icons-of-our-time-23878-cks/,True,2,14.73566320520419,14.73566320520419
https://www.christies.com/en/lot/lot-6566455?ldp_breadcrumb=back,58208.33,69850.0,,,40000.0,60000.0,,,GBP,Christies,Pop Culture,N/A,The Moon Landing Triptych,2025-12-11,https://www.christies.com/en/auction/groundbreakers-icons-of-our-time-23878-cks/,True,2,14.101641466092572,-14.101641466092572
https://www.christies.com/en/lot/lot-6566454?ldp_breadcrumb=back,7408.33,8890.0,,,12000.0,18000.0,,,GBP,Christies,Pop Culture,N/A,The Winchcombe Meteorite,2025-12-11,https://www.christies.com/en/auction/groundbreakers-icons-of-our-time-23878-cks/,True,2,102.47478176593106,102.47478176593106
https://www.christies.com/en/lot/lot-6566485?ldp_breadcrumb=back,476250.0,571500.0,,,200000.0,300000.0,,,GBP,Christies,Automotive,N/A,"Aston Martin DB12, Goldfinger 007 Special Edition",2025-12-11,https://www.christies.com/en/auction/groundbreakers-icons-of-our-time-23878-cks/,True,2,47.506561679790025,-47.506561679790025
https://www.christies.com/en/lot/lot-6566483?ldp_breadcrumb=back,15875.0,19050.0,,,20000.0,30000.0,,,GBP,Christies,Automotive,N/A,Letters negotiating the sale of the iconic Ferrari 166 Spyder Corsa,2025-12-11,https://www.christies.com/en/auction/groundbreakers-icons-of-our-time-23878-cks/,True,2,57.48031496062992,57.48031496062992
https://www.christies.com/en/lot/lot-6566481?ldp_breadcrumb=back,105833.33,127000.0,,,200000.0,300000.0,,,GBP,Christies,Pop Culture,N/A,"Star Wars Trilogy, 1977-1983: Technirama Motion Control Camera",2025-12-11,https://www.christies.com/en/auction/groundbreakers-icons-of-our-time-23878-cks/,True,2,136.22047988095997,136.22047988095997
https://www.christies.com/en/lot/lot-6566480?ldp_breadcrumb=back,84666.67,101600.0,,,100000.0,150000.0,,,GBP,Christies,Pop Culture,N/A,The Dune Bible,2025-12-11,https://www.christies.com/en/auction/groundbreakers-icons-of-our-time-23878-cks/,True,2,47.63778946307916,47.63778946307916
https://www.christies.com/en/lot/lot-6566479?ldp_breadcrumb=back,58208.33,69850.0,,,20000.0,30000.0,,,GBP,Christies,Pop Culture,N/A,Robin Williams' Golden Globe Award for Mrs. Doubtfire,2025-12-11,https://www.christies.com/en/auction/groundbreakers-icons-of-our-time-23878-cks/,True,2,57.05082073304628,-57.05082073304628
https://www.christies.com/en/lot/lot-6566477?ldp_breadcrumb=back,12700.0,15240.0,,,8000.0,12000.0,,,GBP,Christies,Pop Culture,N/A,Eight first editions that inspired hits of stage and screen,2025-12-11,https://www.christies.com/en/auction/groundbreakers-icons-of-our-time-23878-cks/,True,2,21.25984251968504,-21.25984251968504
https://www.christies.com/en/lot/lot-6566476?ldp_breadcrumb=back,4021.67,4826.0,,,6000.0,8000.0,,,GBP,Christies,Pop Culture,N/A,An American Prayer: signed first edition,2025-12-11,https://www.christies.com/en/auction/groundbreakers-icons-of-our-time-23878-cks/,True,2,74.05704595354666,74.05704595354666
https://www.christies.com/en/lot/lot-6566474?ldp_breadcrumb=back,21166.67,25400.0,,,20000.0,30000.0,,,GBP,Christies,Pop Culture,N/A,The Rolling Stones: A Harmony H306 guitar amplifier,2025-12-11,https://www.christies.com/en/auction/groundbreakers-icons-of-our-time-23878-cks/,True,2,18.11021762043818,18.11021762043818
https://www.christies.com/en/lot/lot-6573396?ldp_breadcrumb=back,190500.0,228600.0,,,200000.0,400000.0,,,USD,Christies,Pop Culture,N/A,PAUL MCCARTNEY: A LEFT-HANDED YAMAHA BB-1200 BASS GUITAR USED EXTENSIVELY ON STAGE AND IN THE STUDIO FROM 1979 TO 1984,2026-03-12,https://www.christies.com/en/auction/the-jim-irsay-collection-hall-of-fame-31269/,True,1,57.48031496062992,57.48031496062992
https://www.christies.com/en/lot/lot-6573395?ldp_breadcrumb=back,137583.33,165100.0,,,100000.0,150000.0,,,USD,Christies,Pop Culture,N/A,"THE BEATLES: AN AFFIDAVIT FILED BY PAUL MCCARTNEY TO BREAK UP THE BEATLES, WITH JOHN LENNON’S HANDWRITTEN ANNOTATIONS, 1970",2026-03-12,https://www.christies.com/en/auction/the-jim-irsay-collection-hall-of-fame-31269/,True,1,9.145969936910225,-9.145969936910225
https://www.christies.com/en/lot/lot-6573394?ldp_breadcrumb=back,79375.0,95250.0,,,50000.0,80000.0,,,USD,Christies,Pop Culture,N/A,THE BEATLES: RINGO STARR'S SNARE DRUM FROM HIS SECOND LUDWIG DRUM KIT,2026-03-12,https://www.christies.com/en/auction/the-jim-irsay-collection-hall-of-fame-31269/,True,1,18.11023622047244,-18.11023622047244
https://www.christies.com/en/lot/lot-6573393?ldp_breadcrumb=back,846666.67,1016000.0,,,600000.0,1000000.0,,,USD,Christies,Pop Culture,N/A,"THE BEATLES/PAUL MCCARTNEY: HANDWRITTEN LYRICS FOR 'HEY JUDE', 1968",2026-03-12,https://www.christies.com/en/auction/the-jim-irsay-collection-hall-of-fame-31269/,True,1,5.511811395622794,-5.511811395622794
https://www.christies.com/en/lot/lot-6573392?ldp_breadcrumb=back,508000.0,609600.0,,,400000.0,600000.0,,,USD,Christies,Pop Culture,N/A,THE BEATLES: A CUSTOM PROTOTYPE VOX 'KENSINGTON' GUITAR,2026-03-12,https://www.christies.com/en/auction/the-jim-irsay-collection-hall-of-fame-31269/,True,1,1.5748031496062993,-1.5748031496062993
https://www.christies.com/en/lot/lot-6573391?ldp_breadcrumb=back,148166.67,177800.0,,,60000.0,80000.0,,,USD,Christies,Pop Culture,N/A,"THE BEATLES: A SIGNED POSTER, 1967",2026-03-12,https://www.christies.com/en/auction/the-jim-irsay-collection-hall-of-fame-31269/,True,1,52.75590657467027,-52.75590657467027
https://www.christies.com/en/lot/lot-6573390?ldp_breadcrumb=back,2705833.33,3247000.0,,,400000.0,600000.0,,,USD,Christies,Pop Culture,N/A,"JOHN LENNON: THE BROADWOOD UPRIGHT PIANO ON WHICH HE COMPOSED ‘LUCY IN THE SKY WITH DIAMONDS’, ‘A DAY IN THE LIFE’, AND ‘BEING FOR THE BENEFIT OF MR. KITE!’ FOR THE BEATLES’ LANDMARK ALBUM SGT. PEPPER’S LONELY HEARTS CLUB BAND, 1967",2026-03-12,https://www.christies.com/en/auction/the-jim-irsay-collection-hall-of-fame-31269/,True,1,81.52140435050373,-81.52140435050373
https://www.christies.com/en/lot/lot-6573389?ldp_breadcrumb=back,1892500.0,2271000.0,,,800000.0,1200000.0,,,USD,Christies,Pop Culture,N/A,GEORGE HARRISON: A GIBSON ‘SG’ STANDARD GUITAR USED EXTENSIVELY FROM 1966 TO 1968,2026-03-12,https://www.christies.com/en/auction/the-jim-irsay-collection-hall-of-fame-31269/,True,1,47.15984147952444,-47.15984147952444
https://www.christies.com/en/lot/lot-6573388?ldp_breadcrumb=back,1058333.33,1270000.0,,,600000.0,800000.0,,,USD,Christies,Pop Culture,N/A,JOHN LENNON: A GRETSCH 6120 CHET ATKINS GUITAR USED DURING THE RECORDING SESSIONS FOR THE BEATLES’ 1966 SINGLE ‘PAPERBACK WRITER’ / ‘RAIN’,2026-03-12,https://www.christies.com/en/auction/the-jim-irsay-collection-hall-of-fame-31269/,True,1,33.85826750821502,-33.85826750821502
https://www.christies.com/en/lot/lot-6573387?ldp_breadcrumb=back,1058333.33,1270000.0,,,800000.0,1200000.0,,,USD,Christies,Pop Culture,N/A,"JOHN LENNON: A STAGE-PLAYED 'ROSE-MORRIS' RICKENBACKER 1996 GUITAR USED DURING THE BEATLES' CHRISTMAS SHOWS, DECEMBER 1964 TO JANUARY 1965",2026-03-12,https://www.christies.com/en/auction/the-jim-irsay-collection-hall-of-fame-31269/,True,1,5.511810726021458,-5.511810726021458
https://www.christies.com/en/lot/lot-6573386?ldp_breadcrumb=back,2400833.33,2881000.0,,,1000000.0,2000000.0,,,USD,Christies,Pop Culture,N/A,"THE BEATLES: THE LOGO DRUM HEAD USED FOR THEIR HISTORIC DEBUT APPEARANCE ON THE ED SULLIVAN SHOW, 1964",2026-03-12,https://www.christies.com/en/auction/the-jim-irsay-collection-hall-of-fame-31269/,True,1,37.52169376955459,-37.52169376955459
https://www.christies.com/en/lot/lot-6573385?ldp_breadcrumb=back,232833.33,279400.0,,,300000.0,500000.0,,,USD,Christies,Pop Culture,N/A,GEORGE HARRISON: A MATON ‘MASTERSOUND’ GUITAR USED DURING THE BEATLES' SUMMER 1963 UK TOUR,2026-03-12,https://www.christies.com/en/auction/the-jim-irsay-collection-hall-of-fame-31269/,True,1,71.7967096892872,71.7967096892872
https://www.christies.com/en/lot/lot-6573384?ldp_breadcrumb=back,1994166.67,2393000.0,,,1000000.0,2000000.0,,,USD,Christies,Pop Culture,N/A,THE BEATLES: RINGO STARR'S FIRST LUDWIG DRUM KIT USED WITH THE BEATLES FROM MAY 1963 TO FEBRUARY 1964,2026-03-12,https://www.christies.com/en/auction/the-jim-irsay-collection-hall-of-fame-31269/,True,1,24.78061023856145,-24.78061023856145
https://www.christies.com/en/lot/lot-6573383?ldp_breadcrumb=back,100541.67,120650.0,,,60000.0,100000.0,,,USD,Christies,Pop Culture,N/A,RINGO STARR: A PINKY RING WORN DURING HIS CAREER WITH THE BEATLES,2026-03-12,https://www.christies.com/en/auction/the-jim-irsay-collection-hall-of-fame-31269/,True,1,20.43100139474508,-20.43100139474508
https://www.christies.com/en/lot/lot-6573382?ldp_breadcrumb=back,179916.67,215900.0,,,200000.0,400000.0,,,USD,Christies,Pop Culture,N/A,JOHNNY CASH: A MARTIN D-21 ACOUSTIC GUITAR,2026-03-12,https://www.christies.com/en/auction/the-jim-irsay-collection-hall-of-fame-31269/,True,1,66.743859810211,66.743859810211
https://www.christies.com/en/lot/lot-6573381?ldp_breadcrumb=back,127000.0,152400.0,,,100000.0,300000.0,,,USD,Christies,Pop Culture,N/A,"LES PAUL: A CUSTOM PROTOTYPE ELECTRIC GUITAR, LES PAUL CUSTOM",2026-03-12,https://www.christies.com/en/auction/the-jim-irsay-collection-hall-of-fame-31269/,True,1,57.48031496062992,57.48031496062992
https://www.christies.com/en/lot/lot-6573380?ldp_breadcrumb=back,381000.0,457200.0,,,300000.0,500000.0,,,USD,Christies,Pop Culture,N/A,"BUDDY HOLLY: A RARE CONCERT POSTER FOR 3 FEBRUARY 1959, KNOWN AS 'THE DAY THE MUSIC DIED'",2026-03-12,https://www.christies.com/en/auction/the-jim-irsay-collection-hall-of-fame-31269/,True,1,4.986876640419948,4.986876640419948
https://www.christies.com/en/lot/lot-6573423?ldp_breadcrumb=back,211666.67,254000.0,,,100000.0,150000.0,,,USD,Christies,Automotive,N/A,"FEAR AND LOATHING IN LAS VEGAS, 1998: HUNTER S. THOMPSON'S 1973 CHEVROLET CAPRICE CLASSIC CONVERTIBLE, KNOWN AS THE 'RED SHARK'",2026-03-12,https://www.christies.com/en/auction/the-jim-irsay-collection-hall-of-fame-31269/,True,1,40.94488281976563,-40.94488281976563
https://www.christies.com/en/lot/lot-6573422?ldp_breadcrumb=back,10577272.73,12135000.0,,,2500000.0,4000000.0,,,USD,Christies,Pop Culture,N/A,"ORIGINAL TYPESCRIPT SCROLL FOR THE MONUMENTAL FIRST DRAFT OF ON THE ROAD, THE DEFINITIVE BEAT GENERATION NOVEL",2026-03-12,https://www.christies.com/en/auction/the-jim-irsay-collection-hall-of-fame-31269/,True,1,69.27374302468232,-69.27374302468232
https://www.christies.com/en/lot/lot-6573421?ldp_breadcrumb=back,232833.33,279400.0,,,300000.0,800000.0,,,USD,Christies,Pop Culture,N/A,"APPLE II MANUAL, INSCRIBED AND SIGNED",2026-03-12,https://www.christies.com/en/auction/the-jim-irsay-collection-hall-of-fame-31269/,True,1,136.2204758227699,136.2204758227699
https://www.christies.com/en/lot/lot-6573420?ldp_breadcrumb=back,370416.67,444500.0,,,200000.0,500000.0,,,USD,Christies,Pop Culture,N/A,"SPIRITUAL LETTER BY STEVE JOBS, POSTMARKED THE DAY BEFORE HIS 19TH BIRTHDAY",2026-03-12,https://www.christies.com/en/auction/the-jim-irsay-collection-hall-of-fame-31269/,True,1,5.51181187390945,-5.51181187390945
https://www.christies.com/en/lot/lot-6573419?ldp_breadcrumb=back,793750.0,952500.0,,,300000.0,500000.0,,,USD,Christies,Sports,Hockey,OUTSTANDING WAYNE GRETZKY EDMONTON OILERS PROFESSIONAL MODEL HOME JERSEY PHOTOMATCHED TO 500TH CAREER GOAL AND 1987 STANLEY CUP FINALS CLINCHING GAME #7 (MEIGRAY PHOTOMATCH),2026-03-12,https://www.christies.com/en/auction/the-jim-irsay-collection-hall-of-fame-31269/,True,1,49.60629921259842,-49.60629921259842
https://www.christies.com/en/lot/lot-6573418?ldp_breadcrumb=back,1270000.0,1524000.0,,,1500000.0,3000000.0,,,USD,Christies,Automotive,N/A,SECRETARIAT RACE USED 1973 TRIPLE CROWN SADDLE (RON TURCOTTE COLLECTION),2026-03-12,https://www.christies.com/en/auction/the-jim-irsay-collection-hall-of-fame-31269/,True,1,77.16535433070867,77.16535433070867
https://www.christies.com/en/lot/lot-6573417?ldp_breadcrumb=back,370416.67,444500.0,,,150000.0,250000.0,,,USD,Christies,Sports,Boxing,"EXCEPTIONAL MUHAMMAD ALI PROFESSIONAL MODEL WEIGH-IN FIGHT ROBE ATTRIBUTED TO MAY 25, 1965 ALI VS. LISTON II: THE FIRST PUBLIC APPEARANCE AFTER CHANGING HIS NAME FROM CLAY TO ALI",2026-03-12,https://www.christies.com/en/auction/the-jim-irsay-collection-hall-of-fame-31269/,True,1,46.00674964223398,-46.00674964223398
https://www.christies.com/en/lot/lot-6573416?ldp_breadcrumb=back,338666.67,406400.0,,,250000.0,350000.0,,,USD,Christies,Sports,Baseball,JACKIE ROBINSON PROFESSIONAL MODEL BASEBALL BAT (PSA/DNA GU 9),2026-03-12,https://www.christies.com/en/auction/the-jim-irsay-collection-hall-of-fame-31269/,True,1,11.4173237065224,-11.4173237065224
https://www.christies.com/en/lot/lot-6573415?ldp_breadcrumb=back,84666.67,101600.0,,,60000.0,80000.0,,,USD,Christies,Pop Culture,N/A,"CAST AWAY, 2000: A HERO PROP ""WILSON"" VOLLEYBALL",2026-03-12,https://www.christies.com/en/auction/the-jim-irsay-collection-hall-of-fame-31269/,True,1,17.322837900675673,-17.322837900675673
https://www.christies.com/en/lot/lot-6573414?ldp_breadcrumb=back,423333.33,508000.0,,,200000.0,400000.0,,,USD,Christies,Pop Culture,N/A,"ROCKY, 1976: SYLVESTER STALLONE'S HANDWRITTEN SCRIPT NOTEBOOK",2026-03-12,https://www.christies.com/en/auction/the-jim-irsay-collection-hall-of-fame-31269/,True,1,29.133857709715418,-29.133857709715418
https://www.christies.com/en/lot/lot-6573413?ldp_breadcrumb=back,127000.0,152400.0,,,30000.0,50000.0,,,USD,Christies,Pop Culture,N/A,JAMES BROWN: 'GODFATHER OF SOUL' STAGE CAPE,2026-03-12,https://www.christies.com/en/auction/the-jim-irsay-collection-hall-of-fame-31269/,True,1,68.50393700787401,-68.50393700787401
https://www.christies.com/en/lot/lot-6573412?ldp_breadcrumb=back,529166.67,635000.0,,,100000.0,150000.0,,,USD,Christies,Pop Culture,N/A,PRINCE: A CUSTOM YELLOW CLOUD GUITAR,2026-03-12,https://www.christies.com/en/auction/the-jim-irsay-collection-hall-of-fame-31269/,True,1,76.37795290470582,-76.37795290470582
https://www.christies.com/en/lot/lot-6573411?ldp_breadcrumb=back,3417500.0,4101000.0,,,800000.0,1200000.0,,,USD,Christies,Pop Culture,N/A,"ERIC CLAPTON: THE MARTIN 000-42 ACOUSTIC GUITAR USED FOR HIS ACCLAIMED APPEARANCE ON MTV UNPLUGGED, 1992",2026-03-12,https://www.christies.com/en/auction/the-jim-irsay-collection-hall-of-fame-31269/,True,1,70.73884418434528,-70.73884418434528
https://www.christies.com/en/lot/lot-6573410?ldp_breadcrumb=back,5824545.45,6907000.0,,,2500000.0,5000000.0,,,USD,Christies,Pop Culture,N/A,KURT COBAIN: THE FENDER MUSTANG GUITAR USED IN THE MUSIC VIDEO FOR NIRVANA'S 1991 SINGLE ‘SMELLS LIKE TEEN SPIRIT’,2026-03-12,https://www.christies.com/en/auction/the-jim-irsay-collection-hall-of-fame-31269/,True,1,35.61729353489722,-35.61729353489722
https://www.christies.com/en/lot/lot-6573409?ldp_breadcrumb=back,529166.67,635000.0,,,200000.0,400000.0,,,USD,Christies,Pop Culture,N/A,THE EDGE: A GIBSON EXPLORER REISSUE GUITAR USED AS A BACK-UP DURING THE JOSHUA TREE TOUR,2026-03-12,https://www.christies.com/en/auction/the-jim-irsay-collection-hall-of-fame-31269/,True,1,43.30708697129394,-43.30708697129394
https://www.christies.com/en/lot/lot-6573408?ldp_breadcrumb=back,1375833.33,1651000.0,,,100000.0,150000.0,,,USD,Christies,Pop Culture,N/A,MILES DAVIS: A MARTIN COMMITTEE TRUMPET,2026-03-12,https://www.christies.com/en/auction/the-jim-irsay-collection-hall-of-fame-31269/,True,1,90.91459719179792,-90.91459719179792
https://www.christies.com/en/lot/lot-6573407?ldp_breadcrumb=back,317500.0,381000.0,,,200000.0,400000.0,,,USD,Christies,Pop Culture,N/A,THE GRATEFUL DEAD: JERRY GARCIA'S 'BUDMAN' MCINTOSH MC2300 AMPLIFIER,2026-03-12,https://www.christies.com/en/auction/the-jim-irsay-collection-hall-of-fame-31269/,True,1,5.511811023622047,-5.511811023622047
https://www.christies.com/en/lot/lot-6573406?ldp_breadcrumb=back,10054545.45,11560000.0,,,1000000.0,2000000.0,,,USD,Christies,Pop Culture,N/A,"JERRY GARCIA: A CUSTOM-BUILT ELECTRIC GUITAR, KNOWN AS ‘TIGER’",2026-03-12,https://www.christies.com/en/auction/the-jim-irsay-collection-hall-of-fame-31269/,True,1,85.08137431513624,-85.08137431513624
https://www.christies.com/en/lot/lot-6573405?ldp_breadcrumb=back,423333.33,508000.0,,,600000.0,1000000.0,,,USD,Christies,Pop Culture,N/A,"SIR ELTON JOHN: A CONCERT GRAND PIANO, MODEL D",2026-03-12,https://www.christies.com/en/auction/the-jim-irsay-collection-hall-of-fame-31269/,True,1,88.97637944075889,88.97637944075889
https://www.christies.com/en/lot/lot-6573404?ldp_breadcrumb=back,1994166.67,2393000.0,,,800000.0,1200000.0,,,USD,Christies,Pop Culture,N/A,DAVID GILMOUR: A MARTIN D-35 USED TO RECORD PINK FLOYD'S 'WISH YOU WERE HERE',2026-03-12,https://www.christies.com/en/auction/the-jim-irsay-collection-hall-of-fame-31269/,True,1,49.853740159040974,-49.853740159040974
https://www.christies.com/en/lot/lot-6573403?ldp_breadcrumb=back,12772727.27,14550000.0,,,2000000.0,4000000.0,,,USD,Christies,Pop Culture,N/A,DAVID GILMOUR: A FENDER STRATOCASTER KNOWN AS 'THE BLACK STRAT',2026-03-12,https://www.christies.com/en/auction/the-jim-irsay-collection-hall-of-fame-31269/,True,1,76.5124555109991,-76.5124555109991
https://www.christies.com/en/lot/lot-6573402?ldp_breadcrumb=back,222250.0,266700.0,,,100000.0,200000.0,,,USD,Christies,Pop Culture,N/A,"JIM MORRISON/THE DOORS: AN IMPORTANT HANDWRITTEN NOTEBOOK, CIRCA 1969",2026-03-12,https://www.christies.com/en/auction/the-jim-irsay-collection-hall-of-fame-31269/,True,1,32.50843644544432,-32.50843644544432
https://www.christies.com/en/lot/lot-6573401?ldp_breadcrumb=back,100541.67,120650.0,,,20000.0,40000.0,,,USD,Christies,Pop Culture,N/A,"JIM MORRISON: AN ELECTRO-VOICE MICROPHONE, USED CIRCA 1968-1970",2026-03-12,https://www.christies.com/en/auction/the-jim-irsay-collection-hall-of-fame-31269/,True,1,70.16162552302941,-70.16162552302941
https://www.christies.com/en/lot/lot-6573400?ldp_breadcrumb=back,359833.33,431800.0,,,40000.0,60000.0,,,USD,Christies,Pop Culture,N/A,JOHN COLTRANE: A PROTOTYPE YAMAHA NIPPON GAKKI ALTO SAXOPHONE,2026-03-12,https://www.christies.com/en/auction/the-jim-irsay-collection-hall-of-fame-31269/,True,1,86.10467796298914,-86.10467796298914
https://www.christies.com/en/lot/lot-6573399?ldp_breadcrumb=back,317500.0,381000.0,,,60000.0,100000.0,,,USD,Christies,Pop Culture,N/A,JANIS JOPLIN: A STAGE-PLAYED GIBSON J-45 ACOUSTIC GUITAR USED TO PERFORM HER NO.1 HIT 'ME AND BOBBY MCGEE',2026-03-12,https://www.christies.com/en/auction/the-jim-irsay-collection-hall-of-fame-31269/,True,1,74.80314960629921,-74.80314960629921
https://www.christies.com/en/lot/lot-6573398?ldp_breadcrumb=back,2095833.33,2515000.0,,,500000.0,800000.0,,,USD,Christies,Pop Culture,N/A,"BOB DYLAN: HANDWRITTEN LYRICS FOR 'THE TIMES THEY ARE A-CHANGIN', 1964",2026-03-12,https://www.christies.com/en/auction/the-jim-irsay-collection-hall-of-fame-31269/,True,1,68.98608344967965,-68.98608344967965
https://www.christies.com/en/lot/lot-6573397?ldp_breadcrumb=back,2502500.0,3003000.0,,,800000.0,1200000.0,,,USD,Christies,Pop Culture,N/A,"ERIC CLAPTON: A GIBSON ‘SG’ STANDARD GUITAR, KNOWN AS ‘THE FOOL’",2026-03-12,https://www.christies.com/en/auction/the-jim-irsay-collection-hall-of-fame-31269/,True,1,60.03996003996004,-60.03996003996004
https://www.christies.com/en/lot/lot-6572715?ldp_breadcrumb=back,25400.0,30480.0,,,20000.0,30000.0,,,USD,Christies,Automotive,N/A,"GIBSON INCORPORATED, KALAMAZOO, MICHIGAN, 1952",2026-03-14,https://www.christies.com/en/auction/the-jim-irsay-collection-icons-of-music-31271/,True,1,1.5748031496062993,-1.5748031496062993
https://www.christies.com/en/lot/lot-6572714?ldp_breadcrumb=back,25400.0,30480.0,,,15000.0,25000.0,,,USD,Christies,Automotive,N/A,"GIBSON INCORPORATED, KALAMAZOO, MICHIGAN, CIRCA 1952",2026-03-14,https://www.christies.com/en/auction/the-jim-irsay-collection-icons-of-music-31271/,True,1,21.25984251968504,-21.25984251968504
https://www.christies.com/en/lot/lot-6572713?ldp_breadcrumb=back,23283.33,27940.0,,,25000.0,35000.0,,,USD,Christies,Pop Culture,N/A,"GIBSON INCORPORATED, KALAMAZOO, MICHIGAN, 1952",2026-03-14,https://www.christies.com/en/auction/the-jim-irsay-collection-icons-of-music-31271/,True,1,28.847548868654084,28.847548868654084
https://www.christies.com/en/lot/lot-6572712?ldp_breadcrumb=back,8995.83,10795.0,,,12000.0,18000.0,,,USD,Christies,Automotive,N/A,"GIBSON INCORPORATED, KALAMAZOO, MICHIGAN, CIRCA 1949",2026-03-14,https://www.christies.com/en/auction/the-jim-irsay-collection-icons-of-music-31271/,True,1,66.7439246851041,66.7439246851041
https://www.christies.com/en/lot/lot-6572711?ldp_breadcrumb=back,4445.0,5334.0,,,4000.0,6000.0,,,USD,Christies,Automotive,N/A,"GIBSON INCORPORATED, KALAMAZOO, MICHIGAN, CIRCA 1946",2026-03-14,https://www.christies.com/en/auction/the-jim-irsay-collection-icons-of-music-31271/,True,1,12.4859392575928,12.4859392575928
https://www.christies.com/en/lot/lot-6572710?ldp_breadcrumb=back,8466.67,10160.0,,,10000.0,15000.0,,,USD,Christies,Automotive,N/A,"GIBSON INCORPORATED, KALAMAZOO, MICHIGAN, CIRCA 1943-44",2026-03-14,https://www.christies.com/en/auction/the-jim-irsay-collection-icons-of-music-31271/,True,1,47.63773715049719,47.63773715049719
https://www.christies.com/en/lot/lot-6572709?ldp_breadcrumb=back,6350.0,7620.0,,,8000.0,12000.0,,,USD,Christies,Pop Culture,N/A,"GIBSON INCORPORATED, KALAMAZOO, MICHIGAN, CIRCA 1914",2026-03-14,https://www.christies.com/en/auction/the-jim-irsay-collection-icons-of-music-31271/,True,1,57.48031496062992,57.48031496062992
https://www.christies.com/en/lot/lot-6572746?ldp_breadcrumb=back,50800.0,60960.0,,,50000.0,70000.0,,,USD,Christies,Pop Culture,N/A,"FENDER ELECTRIC INSTRUMENTS, FULLERTON, CALIFORNIA, 1952",2026-03-14,https://www.christies.com/en/auction/the-jim-irsay-collection-icons-of-music-31271/,True,1,18.11023622047244,18.11023622047244
https://www.christies.com/en/lot/lot-6572745?ldp_breadcrumb=back,7408.33,8890.0,,,6000.0,9000.0,,,USD,Christies,Automotive,N/A,"RICKENBACKER INTERNATIONAL CORPORATION, SANTA ANA, CALIFORNIA, 1966",2026-03-14,https://www.christies.com/en/auction/the-jim-irsay-collection-icons-of-music-31271/,True,1,1.2373908829655276,1.2373908829655276
https://www.christies.com/en/lot/lot-6572744?ldp_breadcrumb=back,4445.0,5334.0,,,3000.0,5000.0,,,USD,Christies,Pop Culture,N/A,"DAN ARMSTRONG-AMPEG, LINDEN, NEW JERSEY, CIRCA 1971",2026-03-14,https://www.christies.com/en/auction/the-jim-irsay-collection-icons-of-music-31271/,True,1,10.011248593925758,-10.011248593925758
https://www.christies.com/en/lot/lot-6572743?ldp_breadcrumb=back,4445.0,5334.0,,,3000.0,5000.0,,,USD,Christies,Automotive,N/A,"KARL HÖFNER GmbH & COMPANY, BUBENREUTH, GERMANY, CIRCA 1965",2026-03-14,https://www.christies.com/en/auction/the-jim-irsay-collection-icons-of-music-31271/,True,1,10.011248593925758,-10.011248593925758
https://www.christies.com/en/lot/lot-6572742?ldp_breadcrumb=back,5820.83,6985.0,,,5000.0,8000.0,,,USD,Christies,Pop Culture,N/A,"EPIPHONE INCORPORATED, KALAMAZOO, MICHIGAN, CIRCA 1966",2026-03-14,https://www.christies.com/en/auction/the-jim-irsay-collection-icons-of-music-31271/,True,1,11.667923646627715,11.667923646627715
https://www.christies.com/en/lot/lot-6572741?ldp_breadcrumb=back,952.5,1143.0,,,600.0,800.0,,,USD,Christies,Pop Culture,N/A,"EPIPHONE INCORPORATED, KALAMAZOO, MICHIGAN, CIRCA 1950",2026-03-14,https://www.christies.com/en/auction/the-jim-irsay-collection-icons-of-music-31271/,True,1,26.509186351706038,-26.509186351706038
https://www.christies.com/en/lot/lot-6572740?ldp_breadcrumb=back,1375.83,1651.0,,,2000.0,3000.0,,,USD,Christies,Pop Culture,N/A,"ELECTRO STRING INSTRUMENTS CORPORATION, LOS ANGELES, CALIFORNIA, CIRCA 1939",2026-03-14,https://www.christies.com/en/auction/the-jim-irsay-collection-icons-of-music-31271/,True,1,81.70849596243723,81.70849596243723
https://www.christies.com/en/lot/lot-6572739?ldp_breadcrumb=back,7408.33,8890.0,,,5000.0,8000.0,,,USD,Christies,Pop Culture,N/A,"THE NATIONAL STRING INSTRUMENT CORPORATION, LOS ANGELES, CALIFORNIA, CIRCA 1933",2026-03-14,https://www.christies.com/en/auction/the-jim-irsay-collection-icons-of-music-31271/,True,1,12.260927901429877,-12.260927901429877
https://www.christies.com/en/lot/lot-6572738?ldp_breadcrumb=back,29633.33,35560.0,,,10000.0,15000.0,,,USD,Christies,Pop Culture,N/A,"GIBSON GUITAR CORPORATION, NASHVILLE, TENNESSEE, 2021",2026-03-14,https://www.christies.com/en/auction/the-jim-irsay-collection-icons-of-music-31271/,True,1,57.81776803349472,-57.81776803349472
https://www.christies.com/en/lot/lot-6572737?ldp_breadcrumb=back,21166.67,25400.0,,,8000.0,12000.0,,,USD,Christies,Pop Culture,N/A,"GIBSON GUITAR CORPORATION, NASHVILLE, TENNESSEE, 2021",2026-03-14,https://www.christies.com/en/auction/the-jim-irsay-collection-icons-of-music-31271/,True,1,52.755912951824726,-52.755912951824726
https://www.christies.com/en/lot/lot-6572736?ldp_breadcrumb=back,8995.83,10795.0,,,6000.0,9000.0,,,USD,Christies,Pop Culture,N/A,"GIBSON GUITAR CORPORATION, NASHVILLE, TENNESSEE, 2008",2026-03-14,https://www.christies.com/en/auction/the-jim-irsay-collection-icons-of-music-31271/,True,1,16.62803765744795,-16.62803765744795
https://www.christies.com/en/lot/lot-6572735?ldp_breadcrumb=back,14816.67,17780.0,,,8000.0,12000.0,,,USD,Christies,Pop Culture,N/A,"GIBSON GUITAR CORPORATION, NASHVILLE, TENNESSEE, 2006",2026-03-14,https://www.christies.com/en/auction/the-jim-irsay-collection-icons-of-music-31271/,True,1,32.50845162914474,-32.50845162914474
https://www.christies.com/en/lot/lot-6572734?ldp_breadcrumb=back,4233.33,5080.0,,,4000.0,6000.0,,,USD,Christies,Automotive,N/A,"GIBSON INCORPORATED, KALAMAZOO, MICHIGAN, 1978",2026-03-14,https://www.christies.com/en/auction/the-jim-irsay-collection-icons-of-music-31271/,True,1,18.11032922073167,18.11032922073167
https://www.christies.com/en/lot/lot-6572786?ldp_breadcrumb=back,3386.67,4064.0,,,4000.0,6000.0,,,USD,Christies,Pop Culture,N/A,"COLLINGS GUITARS, AUSTIN, TEXAS, 2015",2026-03-14,https://www.christies.com/en/auction/the-jim-irsay-collection-icons-of-music-31271/,True,1,47.63764996294295,47.63764996294295
https://www.christies.com/en/lot/lot-6572785?ldp_breadcrumb=back,2751.67,3302.0,,,3000.0,5000.0,,,USD,Christies,Pop Culture,N/A,"COLLINGS GUITARS, AUSTIN, TEXAS, 2008",2026-03-14,https://www.christies.com/en/auction/the-jim-irsay-collection-icons-of-music-31271/,True,1,45.36626848422958,45.36626848422958
https://www.christies.com/en/lot/lot-6572784?ldp_breadcrumb=back,5080.0,6096.0,,,7000.0,10000.0,,,USD,Christies,Pop Culture,N/A,"C.F. MARTIN & CO., NAZARETH, PENNSYLVANIA, 2016",2026-03-14,https://www.christies.com/en/auction/the-jim-irsay-collection-icons-of-music-31271/,True,1,67.32283464566929,67.32283464566929
https://www.christies.com/en/lot/lot-6572783?ldp_breadcrumb=back,16933.33,20320.0,,,20000.0,30000.0,,,USD,Christies,Automotive,N/A,"C.F. MARTIN & CO., NAZARETH, PA, 2015",2026-03-14,https://www.christies.com/en/auction/the-jim-irsay-collection-icons-of-music-31271/,True,1,47.63782433815438,47.63782433815438
https://www.christies.com/en/lot/lot-6572782?ldp_breadcrumb=back,31750.0,38100.0,,,50000.0,80000.0,,,USD,Christies,Automotive,N/A,"C.F. MARTIN & CO., NAZARETH, PENNSYLVANIA, 2014",2026-03-14,https://www.christies.com/en/auction/the-jim-irsay-collection-icons-of-music-31271/,True,1,104.7244094488189,104.7244094488189
https://www.christies.com/en/lot/lot-6572780?ldp_breadcrumb=back,27516.67,33020.0,,,25000.0,35000.0,,,USD,Christies,Automotive,N/A,"C.F. MARTIN & CO., NAZARETH, PENNSYLVANIA, 2004",2026-03-14,https://www.christies.com/en/auction/the-jim-irsay-collection-icons-of-music-31271/,True,1,9.024820227156853,9.024820227156853
https://www.christies.com/en/lot/lot-6572779?ldp_breadcrumb=back,11641.67,13970.0,,,8000.0,12000.0,,,USD,Christies,Automotive,N/A,"C.F. MARTIN & CO., NAZARETH, PENNSYLVANIA, 2007",2026-03-14,https://www.christies.com/en/auction/the-jim-irsay-collection-icons-of-music-31271/,True,1,14.101670980194422,-14.101670980194422
https://www.christies.com/en/lot/lot-6572778?ldp_breadcrumb=back,20108.33,24130.0,,,5000.0,7000.0,,,USD,Christies,Automotive,N/A,"C.F. MARTIN & CO., NAZARETH, PENNSYLVANIA, 2006",2026-03-14,https://www.christies.com/en/auction/the-jim-irsay-collection-icons-of-music-31271/,True,1,70.16161958750429,-70.16161958750429
https://www.christies.com/en/lot/lot-6572777?ldp_breadcrumb=back,50800.0,60960.0,,,25000.0,35000.0,,,USD,Christies,Automotive,N/A,"C.F. MARTIN & CO., NAZARETH, PENNSYLVANIA, 2006",2026-03-14,https://www.christies.com/en/auction/the-jim-irsay-collection-icons-of-music-31271/,True,1,40.94488188976378,-40.94488188976378
https://www.christies.com/en/lot/lot-6572776?ldp_breadcrumb=back,8466.67,10160.0,,,10000.0,15000.0,,,USD,Christies,Automotive,N/A,"C.F. MARTIN & CO., NAZARETH, PENNSYLVANIA, 2005",2026-03-14,https://www.christies.com/en/auction/the-jim-irsay-collection-icons-of-music-31271/,True,1,47.63773715049719,47.63773715049719
https://www.christies.com/en/lot/lot-6572775?ldp_breadcrumb=back,13758.33,16510.0,,,10000.0,15000.0,,,USD,Christies,Automotive,N/A,"C.F. MARTIN & CO., NAZARETH, PENNSYLVANIA, 2004",2026-03-14,https://www.christies.com/en/auction/the-jim-irsay-collection-icons-of-music-31271/,True,1,9.145950126214446,-9.145950126214446
https://www.christies.com/en/lot/lot-6572774?ldp_breadcrumb=back,42333.33,50800.0,,,50000.0,80000.0,,,USD,Christies,Automotive,N/A,"C.F. MARTIN & CO., NAZARETH, PENNSYLVANIA, 2004",2026-03-14,https://www.christies.com/en/auction/the-jim-irsay-collection-icons-of-music-31271/,True,1,53.5433191766393,53.5433191766393
https://www.christies.com/en/lot/lot-6572773?ldp_breadcrumb=back,14816.67,17780.0,,,15000.0,25000.0,,,USD,Christies,Automotive,N/A,"C.F. MARTIN & CO., NAZARETH, PENNSYLVANIA, 2001",2026-03-14,https://www.christies.com/en/auction/the-jim-irsay-collection-icons-of-music-31271/,True,1,34.98309674171052,34.98309674171052
https://www.christies.com/en/lot/lot-6572772?ldp_breadcrumb=back,31750.0,38100.0,,,30000.0,50000.0,,,USD,Christies,Automotive,N/A,"C.F. MARTIN & CO., NAZARETH, PENNSYLVANIA, 2001",2026-03-14,https://www.christies.com/en/auction/the-jim-irsay-collection-icons-of-music-31271/,True,1,25.984251968503937,25.984251968503937
https://www.christies.com/en/lot/lot-6572771?ldp_breadcrumb=back,5080.0,6096.0,,,4000.0,6000.0,,,USD,Christies,Pop Culture,N/A,"C.F. MARTIN & CO., NAZARETH, PENNSYLVANIA, 1997",2026-03-14,https://www.christies.com/en/auction/the-jim-irsay-collection-icons-of-music-31271/,True,1,1.5748031496062993,-1.5748031496062993
https://www.christies.com/en/lot/lot-6572770?ldp_breadcrumb=back,19050.0,22860.0,,,20000.0,30000.0,,,USD,Christies,Pop Culture,N/A,"C.F. MARTIN & CO., NAZARETH, PENNSYLVANIA, 1999",2026-03-14,https://www.christies.com/en/auction/the-jim-irsay-collection-icons-of-music-31271/,True,1,31.233595800524935,31.233595800524935
https://www.christies.com/en/lot/lot-6572769?ldp_breadcrumb=back,25400.0,30480.0,,,20000.0,30000.0,,,USD,Christies,Automotive,N/A,"C.F. MARTIN & CO., NAZARETH, PENNSYLVANIA, 1947",2026-03-14,https://www.christies.com/en/auction/the-jim-irsay-collection-icons-of-music-31271/,True,1,1.5748031496062993,-1.5748031496062993
https://www.christies.com/en/lot/lot-6572768?ldp_breadcrumb=back,17991.67,21590.0,,,6000.0,9000.0,,,USD,Christies,Pop Culture,N/A,"C.F. MARTIN & CO., NAZARETH, PENNSYLVANIA, 1946",2026-03-14,https://www.christies.com/en/auction/the-jim-irsay-collection-icons-of-music-31271/,True,1,58.314041998324775,-58.314041998324775
https://www.christies.com/en/lot/lot-6572767?ldp_breadcrumb=back,328083.33,393700.0,,,250000.0,350000.0,,,USD,Christies,Pop Culture,N/A,"C.F. MARTIN & CO., NAZARETH, PENNSYLVANIA, 1939",2026-03-14,https://www.christies.com/en/auction/the-jim-irsay-collection-icons-of-music-31271/,True,1,8.559816190600118,-8.559816190600118
https://www.christies.com/en/lot/lot-6572766?ldp_breadcrumb=back,25400.0,30480.0,,,20000.0,30000.0,,,USD,Christies,Pop Culture,N/A,"C.F. MARTIN & CO., NAZARETH, PENNSYLVANIA, 1939",2026-03-14,https://www.christies.com/en/auction/the-jim-irsay-collection-icons-of-music-31271/,True,1,1.5748031496062993,-1.5748031496062993
https://www.christies.com/en/lot/lot-6572765?ldp_breadcrumb=back,47625.0,57150.0,,,40000.0,60000.0,,,USD,Christies,Pop Culture,N/A,"C.F. MARTIN & CO., NAZARETH, PENNSYLVANIA, 1938",2026-03-14,https://www.christies.com/en/auction/the-jim-irsay-collection-icons-of-music-31271/,True,1,4.986876640419948,4.986876640419948
https://www.christies.com/en/lot/lot-6572764?ldp_breadcrumb=back,95250.0,114300.0,,,50000.0,80000.0,,,USD,Christies,Automotive,N/A,"C.F. MARTIN & CO., NAZARETH, PENNSYLVANIA, 1936",2026-03-14,https://www.christies.com/en/auction/the-jim-irsay-collection-icons-of-music-31271/,True,1,31.758530183727036,-31.758530183727036
https://www.christies.com/en/lot/lot-6572763?ldp_breadcrumb=back,10583.33,12700.0,,,4000.0,6000.0,,,USD,Christies,Pop Culture,N/A,"C.F. MARTIN & COMPANY, NAZARETH, PENNSYLVANIA, 1934",2026-03-14,https://www.christies.com/en/auction/the-jim-irsay-collection-icons-of-music-31271/,True,1,52.75589063177658,-52.75589063177658
https://www.christies.com/en/lot/lot-6572761?ldp_breadcrumb=back,79375.0,95250.0,,,100000.0,150000.0,,,USD,Christies,Pop Culture,N/A,"C.F. MARTIN & CO., NAZARETH, PENNSYLVANIA, 1928",2026-03-14,https://www.christies.com/en/auction/the-jim-irsay-collection-icons-of-music-31271/,True,1,57.48031496062992,57.48031496062992
https://www.christies.com/en/lot/lot-6572760?ldp_breadcrumb=back,1058.33,1270.0,,,2000.0,3000.0,,,USD,Christies,Pop Culture,N/A,"THE HARMONY COMPANY, FOR SEARS AND ROEBUCK, CHICAGO, ILLINOIS, CIRCA 1963",2026-03-14,https://www.christies.com/en/auction/the-jim-irsay-collection-icons-of-music-31271/,True,1,136.22121644477622,136.22121644477622
https://www.christies.com/en/lot/lot-6572759?ldp_breadcrumb=back,5820.83,6985.0,,,7000.0,10000.0,,,USD,Christies,Automotive,N/A,"THE FRED GRETSCH MANUFACTURING COMPANY, BROOKLYN, NEW YORK, 1963",2026-03-14,https://www.christies.com/en/auction/the-jim-irsay-collection-icons-of-music-31271/,True,1,46.02728476866701,46.02728476866701
https://www.christies.com/en/lot/lot-6572758?ldp_breadcrumb=back,12700.0,15240.0,,,15000.0,25000.0,,,USD,Christies,Automotive,N/A,"THE FRED GRETSCH MANUFACTURING COMPANY, BROOKLYN, NEW YORK, 1955",2026-03-14,https://www.christies.com/en/auction/the-jim-irsay-collection-icons-of-music-31271/,True,1,57.48031496062992,57.48031496062992
https://www.christies.com/en/lot/lot-6572757?ldp_breadcrumb=back,31750.0,38100.0,,,30000.0,40000.0,,,USD,Christies,Pop Culture,N/A,"JOHN D’ANGELICO, NEW YORK, NEW YORK, 1950",2026-03-14,https://www.christies.com/en/auction/the-jim-irsay-collection-icons-of-music-31271/,True,1,10.236220472440944,10.236220472440944
https://www.christies.com/en/lot/lot-6572756?ldp_breadcrumb=back,10054.17,12065.0,,,15000.0,25000.0,,,USD,Christies,Pop Culture,N/A,"FENDER MUSICAL INSTRUMENTS, CORONA, CALIFORNIA, 2022",2026-03-14,https://www.christies.com/en/auction/the-jim-irsay-collection-icons-of-music-31271/,True,1,98.92243715791557,98.92243715791557
https://www.christies.com/en/lot/lot-6572755?ldp_breadcrumb=back,15875.0,19050.0,,,15000.0,20000.0,,,USD,Christies,Pop Culture,N/A,"FENDER ELECTRIC INSTRUMENTS, FULLERTON, CALIFORNIA, CIRCA 1971",2026-03-14,https://www.christies.com/en/auction/the-jim-irsay-collection-icons-of-music-31271/,True,1,10.236220472440944,10.236220472440944
https://www.christies.com/en/lot/lot-6572754?ldp_breadcrumb=back,4445.0,5334.0,,,6000.0,9000.0,,,USD,Christies,Pop Culture,N/A,"FENDER ELECTRIC INSTRUMENT COMPANY, FULLERTON, CALIFORNIA, 1969",2026-03-14,https://www.christies.com/en/auction/the-jim-irsay-collection-icons-of-music-31271/,True,1,68.7289088863892,68.7289088863892
https://www.christies.com/en/lot/lot-6572753?ldp_breadcrumb=back,4762.5,5715.0,,,4000.0,6000.0,,,USD,Christies,Pop Culture,N/A,"FENDER ELECTRIC INSTRUMENT COMPANY, FULLERTON, CALIFORNIA, 1969",2026-03-14,https://www.christies.com/en/auction/the-jim-irsay-collection-icons-of-music-31271/,True,1,4.986876640419948,4.986876640419948
https://www.christies.com/en/lot/lot-6572752?ldp_breadcrumb=back,5080.0,6096.0,,,7000.0,10000.0,,,USD,Christies,Pop Culture,N/A,"FENDER ELECTRIC INSTRUMENT COMPANY, FULLERTON, CALIFORNIA, 1969",2026-03-14,https://www.christies.com/en/auction/the-jim-irsay-collection-icons-of-music-31271/,True,1,67.32283464566929,67.32283464566929
https://www.christies.com/en/lot/lot-6572751?ldp_breadcrumb=back,4762.5,5715.0,,,6000.0,9000.0,,,USD,Christies,Pop Culture,N/A,"FENDER ELECTRIC INSTRUMENT COMPANY, FULLERTON, CALIFORNIA, 1966",2026-03-14,https://www.christies.com/en/auction/the-jim-irsay-collection-icons-of-music-31271/,True,1,57.48031496062992,57.48031496062992
https://www.christies.com/en/lot/lot-6572750?ldp_breadcrumb=back,33866.67,40640.0,,,40000.0,60000.0,,,USD,Christies,Pop Culture,N/A,"FENDER ELECTRIC INSTRUMENT COMPANY, FULLERTON, CALIFORNIA, 1965",2026-03-14,https://www.christies.com/en/auction/the-jim-irsay-collection-icons-of-music-31271/,True,1,47.63778074431293,47.63778074431293
https://www.christies.com/en/lot/lot-6572749?ldp_breadcrumb=back,50800.0,60960.0,,,40000.0,60000.0,,,USD,Christies,Pop Culture,N/A,"FENDER ELECTRIC INSTRUMENT COMPANY, FULLERTON, CALIFORNIA, 1965",2026-03-14,https://www.christies.com/en/auction/the-jim-irsay-collection-icons-of-music-31271/,True,1,1.5748031496062993,-1.5748031496062993
https://www.christies.com/en/lot/lot-6572748?ldp_breadcrumb=back,27516.67,33020.0,,,25000.0,35000.0,,,USD,Christies,Pop Culture,N/A,"FENDER ELECTRIC INSTRUMENTS, FULLERTON, CALIFORNIA, 1959",2026-03-14,https://www.christies.com/en/auction/the-jim-irsay-collection-icons-of-music-31271/,True,1,9.024820227156853,9.024820227156853
https://www.christies.com/en/lot/lot-6572747?ldp_breadcrumb=back,58208.33,69850.0,,,35000.0,55000.0,,,USD,Christies,Pop Culture,N/A,"FENDER ELECTRIC INSTRUMENT COMPANY, FULLERTON, CALIFORNIA, 1957",2026-03-14,https://www.christies.com/en/auction/the-jim-irsay-collection-icons-of-music-31271/,True,1,22.691477319483315,-22.691477319483315
https://www.christies.com/en/lot/lot-6572732?ldp_breadcrumb=back,74083.33,88900.0,,,50000.0,80000.0,,,USD,Christies,Automotive,N/A,"GIBSON INCORPORATED, KALAMAZOO, MICHIGAN, CIRCA 1971",2026-03-14,https://www.christies.com/en/auction/the-jim-irsay-collection-icons-of-music-31271/,True,1,12.260963431314442,-12.260963431314442
https://www.christies.com/en/lot/lot-6572733?ldp_breadcrumb=back,7937.5,9525.0,,,4000.0,6000.0,,,USD,Christies,Automotive,N/A,"GIBSON INCORPORATED, KALAMAZOO, MICHIGAN, CIRCA 1974",2026-03-14,https://www.christies.com/en/auction/the-jim-irsay-collection-icons-of-music-31271/,True,1,37.00787401574803,-37.00787401574803
https://www.christies.com/en/lot/lot-6572731?ldp_breadcrumb=back,6350.0,7620.0,,,6000.0,9000.0,,,USD,Christies,Automotive,N/A,"GIBSON INCORPORATED, KALAMAZOO, MICHIGAN, 1968",2026-03-14,https://www.christies.com/en/auction/the-jim-irsay-collection-icons-of-music-31271/,True,1,18.11023622047244,18.11023622047244
https://www.christies.com/en/lot/lot-6572730?ldp_breadcrumb=back,5820.83,6985.0,,,7000.0,10000.0,,,USD,Christies,Automotive,N/A,"GIBSON INCORPORATED, KALAMAZOO, MICHIGAN, CIRCA 1967",2026-03-14,https://www.christies.com/en/auction/the-jim-irsay-collection-icons-of-music-31271/,True,1,46.02728476866701,46.02728476866701
https://www.christies.com/en/lot/lot-6572729?ldp_breadcrumb=back,6350.0,7620.0,,,5000.0,8000.0,,,USD,Christies,Automotive,N/A,"GIBSON INCORPORATED, KALAMAZOO, MICHIGAN, 1965",2026-03-14,https://www.christies.com/en/auction/the-jim-irsay-collection-icons-of-music-31271/,True,1,2.3622047244094486,2.3622047244094486
https://www.christies.com/en/lot/lot-6572728?ldp_breadcrumb=back,20108.33,24130.0,,,15000.0,25000.0,,,USD,Christies,Automotive,N/A,"GIBSON INCORPORATED, KALAMAZOO, MICHIGAN, CIRCA 1964",2026-03-14,https://www.christies.com/en/auction/the-jim-irsay-collection-icons-of-music-31271/,True,1,0.5387319583476188,-0.5387319583476188
https://www.christies.com/en/lot/lot-6572727?ldp_breadcrumb=back,23283.33,27940.0,,,12000.0,18000.0,,,USD,Christies,Automotive,N/A,"GIBSON INCORPORATED, KALAMAZOO, MICHIGAN, 1963",2026-03-14,https://www.christies.com/en/auction/the-jim-irsay-collection-icons-of-music-31271/,True,1,35.57622556567296,-35.57622556567296
https://www.christies.com/en/lot/lot-6572725?ldp_breadcrumb=back,296333.33,355600.0,,,200000.0,300000.0,,,USD,Christies,Pop Culture,N/A,"GIBSON INCORPORATED, KALAMAZOO, MICHIGAN, 1960",2026-03-14,https://www.christies.com/en/auction/the-jim-irsay-collection-icons-of-music-31271/,True,1,15.635544607823904,-15.635544607823904
https://www.christies.com/en/lot/lot-6572724?ldp_breadcrumb=back,254000.0,304800.0,,,200000.0,300000.0,,,USD,Christies,Pop Culture,N/A,"GIBSON INCORPORATED, KALAMAZOO, MICHIGAN, 1960",2026-03-14,https://www.christies.com/en/auction/the-jim-irsay-collection-icons-of-music-31271/,True,1,1.5748031496062993,-1.5748031496062993
https://www.christies.com/en/lot/lot-6572723?ldp_breadcrumb=back,23283.33,27940.0,,,25000.0,35000.0,,,USD,Christies,Pop Culture,N/A,"GIBSON INCORPORATED, KALAMAZOO, MICHIGAN, CIRCA 1959",2026-03-14,https://www.christies.com/en/auction/the-jim-irsay-collection-icons-of-music-31271/,True,1,28.847548868654084,28.847548868654084
https://www.christies.com/en/lot/lot-6572722?ldp_breadcrumb=back,10054.17,12065.0,,,8000.0,15000.0,,,USD,Christies,Automotive,N/A,"GIBSON INCORPORATED, KALAMAZOO, MICHIGAN, 1959",2026-03-14,https://www.christies.com/en/auction/the-jim-irsay-collection-icons-of-music-31271/,True,1,14.380401365801454,14.380401365801454
https://www.christies.com/en/lot/lot-6572721?ldp_breadcrumb=back,317500.0,381000.0,,,250000.0,450000.0,,,USD,Christies,Pop Culture,N/A,"GIBSON INCORPORATED, KALAMAZOO, MICHIGAN, 1958",2026-03-14,https://www.christies.com/en/auction/the-jim-irsay-collection-icons-of-music-31271/,True,1,10.236220472440944,10.236220472440944
https://www.christies.com/en/lot/lot-6572720?ldp_breadcrumb=back,14816.67,17780.0,,,20000.0,30000.0,,,USD,Christies,Automotive,N/A,"GIBSON INCORPORATED, KALAMAZOO, MICHIGAN, CIRCA 1955-1957",2026-03-14,https://www.christies.com/en/auction/the-jim-irsay-collection-icons-of-music-31271/,True,1,68.72887092713815,68.72887092713815
https://www.christies.com/en/lot/lot-6572719?ldp_breadcrumb=back,23283.33,27940.0,,,10000.0,15000.0,,,USD,Christies,Automotive,N/A,"GIBSON INCORPORATED, KALAMAZOO, MICHIGAN, 1957",2026-03-14,https://www.christies.com/en/auction/the-jim-irsay-collection-icons-of-music-31271/,True,1,46.313521304727466,-46.313521304727466
https://www.christies.com/en/lot/lot-6572718?ldp_breadcrumb=back,12700.0,15240.0,,,15000.0,20000.0,,,USD,Christies,Pop Culture,N/A,"GIBSON INCORPORATED, KALAMAZOO, MICHIGAN, 1956",2026-03-14,https://www.christies.com/en/auction/the-jim-irsay-collection-icons-of-music-31271/,True,1,37.79527559055118,37.79527559055118
https://www.christies.com/en/lot/lot-6572717?ldp_breadcrumb=back,16933.33,20320.0,,,10000.0,15000.0,,,USD,Christies,Pop Culture,N/A,"GIBSON INCORPORATED, KALAMAZOO, MICHIGAN, 1956",2026-03-14,https://www.christies.com/en/auction/the-jim-irsay-collection-icons-of-music-31271/,True,1,26.18108783092281,-26.18108783092281
https://www.christies.com/en/lot/lot-6572716?ldp_breadcrumb=back,4233.33,5080.0,,,5000.0,8000.0,,,USD,Christies,Pop Culture,N/A,"GIBSON INCORPORATED, KALAMAZOO, MICHIGAN, 1954",2026-03-14,https://www.christies.com/en/auction/the-jim-irsay-collection-icons-of-music-31271/,True,1,53.54342798695117,53.54342798695117
https://www.christies.com/en/lot/lot-6572794?ldp_breadcrumb=back,2540.0,3048.0,,,600.0,800.0,,,USD,Christies,Pop Culture,N/A,THE BEATLES: PAUL MCCARTNEY AND GEORGE HARRISON AUTOGRAPHS,2026-03-13,https://www.christies.com/en/auction/the-jim-irsay-collection-icons-of-pop-culture-24628-nyr/?loadall=true&page=10&sortby=lotnumber,True,1,72.44094488188976,-72.44094488188976
https://www.christies.com/en/lot/lot-6572793?ldp_breadcrumb=back,8995.83,10795.0,,,6000.0,8000.0,,,USD,Christies,Pop Culture,N/A,"THE BEATLES: A SIGNED PUBLICITY POSTCARD, 1962",2026-03-13,https://www.christies.com/en/auction/the-jim-irsay-collection-icons-of-pop-culture-24628-nyr/?loadall=true&page=10&sortby=lotnumber,True,1,22.186168480284753,-22.186168480284753
https://www.christies.com/en/lot/lot-6572792?ldp_breadcrumb=back,740.83,889.0,,,600.0,800.0,,,USD,Christies,Pop Culture,N/A,THE BEATLES: A COMMEMORATIVE POSTER SIGNED BY PETE BEST,2026-03-13,https://www.christies.com/en/auction/the-jim-irsay-collection-icons-of-pop-culture-24628-nyr/?loadall=true&page=10&sortby=lotnumber,True,1,5.511385878001706,-5.511385878001706
https://www.christies.com/en/lot/lot-6572791?ldp_breadcrumb=back,6879.17,8255.0,,,5000.0,7000.0,,,USD,Christies,Pop Culture,N/A,"THE BEATLES: A SIGNED CAVERN CLUB MEMBERSHIP CARD, 1962",2026-03-13,https://www.christies.com/en/auction/the-jim-irsay-collection-icons-of-pop-culture-24628-nyr/?loadall=true&page=10&sortby=lotnumber,True,1,12.780175515360138,-12.780175515360138
https://www.christies.com/en/lot/lot-6572790?ldp_breadcrumb=back,3386.67,4064.0,,,4000.0,6000.0,,,USD,Christies,Pop Culture,N/A,"THE BEATLES: A SIGNED NEWSPAPER CLIPPING, 1962",2026-03-13,https://www.christies.com/en/auction/the-jim-irsay-collection-icons-of-pop-culture-24628-nyr/?loadall=true&page=10&sortby=lotnumber,True,1,47.63764996294295,47.63764996294295
https://www.christies.com/en/lot/lot-6572789?ldp_breadcrumb=back,1270.0,1524.0,,,600.0,800.0,,,USD,Christies,Pop Culture,N/A,THE BEATLES/JOHN LENNON: PHOTOGRAPH BY ASTRID KIRCHHERR,2026-03-13,https://www.christies.com/en/auction/the-jim-irsay-collection-icons-of-pop-culture-24628-nyr/?loadall=true&page=10&sortby=lotnumber,True,1,44.881889763779526,-44.881889763779526
https://www.christies.com/en/lot/lot-6572788?ldp_breadcrumb=back,2116.67,2540.0,,,500.0,700.0,,,USD,Christies,Pop Culture,N/A,THE BEATLES/JOHN LENNON: PHOTOGRAPH BY ASTRID KIRCHHERR,2026-03-13,https://www.christies.com/en/auction/the-jim-irsay-collection-icons-of-pop-culture-24628-nyr/?loadall=true&page=10&sortby=lotnumber,True,1,71.65358794710559,-71.65358794710559
https://www.christies.com/en/lot/lot-6572787?ldp_breadcrumb=back,5820.83,6985.0,,,3000.0,5000.0,,,USD,Christies,Pop Culture,N/A,"BUDDY HOLLY: A HANDWRITTEN LETTER, 1956",2026-03-13,https://www.christies.com/en/auction/the-jim-irsay-collection-icons-of-pop-culture-24628-nyr/?loadall=true&page=10&sortby=lotnumber,True,1,31.28127775592141,-31.28127775592141
https://www.christies.com/en/lot/lot-6572828?ldp_breadcrumb=back,37041.67,44450.0,,,10000.0,20000.0,,,USD,Christies,Pop Culture,N/A,"JIMI HENDRIX: A MOROCCAN CHEST USED TO STORE DEMO TAPES IN HIS NEW YORK APARTMENT, 1969-1970",2026-03-13,https://www.christies.com/en/auction/the-jim-irsay-collection-icons-of-pop-culture-24628-nyr/?loadall=true&page=10&sortby=lotnumber,True,1,59.505065511355184,-59.505065511355184
https://www.christies.com/en/lot/lot-6572827?ldp_breadcrumb=back,14816.67,17780.0,,,600.0,800.0,,,USD,Christies,Pop Culture,N/A,"WOODSTOCK: A PROGRAM AND TICKET, 1969",2026-03-13,https://www.christies.com/en/auction/the-jim-irsay-collection-icons-of-pop-culture-24628-nyr/?loadall=true&page=10&sortby=lotnumber,True,1,95.27559161404014,-95.27559161404014
https://www.christies.com/en/lot/lot-6572826?ldp_breadcrumb=back,6350.0,7620.0,,,4000.0,6000.0,,,USD,Christies,Pop Culture,N/A,"A POSTER FOR THE MONTEREY INTERNATIONAL POP FESTIVAL, 1967",2026-03-13,https://www.christies.com/en/auction/the-jim-irsay-collection-icons-of-pop-culture-24628-nyr/?loadall=true&page=10&sortby=lotnumber,True,1,21.25984251968504,-21.25984251968504
https://www.christies.com/en/lot/lot-6572825?ldp_breadcrumb=back,27516.67,33020.0,,,3000.0,5000.0,,,USD,Christies,Pop Culture,N/A,BOB DYLAN: A 1965 NEWPORT FOLK FESTIVAL POSTER - WHEN DYLAN WENT ELECTRIC,2026-03-13,https://www.christies.com/en/auction/the-jim-irsay-collection-icons-of-pop-culture-24628-nyr/?loadall=true&page=10&sortby=lotnumber,True,1,85.46335730304575,-85.46335730304575
https://www.christies.com/en/lot/lot-6572824?ldp_breadcrumb=back,10054.17,12065.0,,,300.0,500.0,,,USD,Christies,Pop Culture,N/A,BOB DYLAN: A 1965 NEWPORT FOLK FESTIVAL PROGRAM - WHEN DYLAN WENT ELECTRIC,2026-03-13,https://www.christies.com/en/auction/the-jim-irsay-collection-icons-of-pop-culture-24628-nyr/?loadall=true&page=10&sortby=lotnumber,True,1,96.02155125684169,-96.02155125684169
https://www.christies.com/en/lot/lot-6572823?ldp_breadcrumb=back,3704.17,4445.0,,,600.0,800.0,,,USD,Christies,Pop Culture,N/A,"BOB DYLAN: A PROMOTIONAL RECORD POSTER, 1965",2026-03-13,https://www.christies.com/en/auction/the-jim-irsay-collection-icons-of-pop-culture-24628-nyr/?loadall=true&page=10&sortby=lotnumber,True,1,81.1023792104574,-81.1023792104574
https://www.christies.com/en/lot/lot-6572822?ldp_breadcrumb=back,6879.17,8255.0,,,1500.0,2500.0,,,USD,Christies,Pop Culture,N/A,"BOB DYLAN: A CONCERT HANDBILL, 1963",2026-03-13,https://www.christies.com/en/auction/the-jim-irsay-collection-icons-of-pop-culture-24628-nyr/?loadall=true&page=10&sortby=lotnumber,True,1,70.92672517178671,-70.92672517178671
https://www.christies.com/en/lot/lot-6572821?ldp_breadcrumb=back,4021.67,4826.0,,,600.0,800.0,,,USD,Christies,Pop Culture,N/A,"BOB DYLAN: A CARNEGIE HALL HANDBILL, 1963",2026-03-13,https://www.christies.com/en/auction/the-jim-irsay-collection-icons-of-pop-culture-24628-nyr/?loadall=true&page=10&sortby=lotnumber,True,1,82.59429540464534,-82.59429540464534
https://www.christies.com/en/lot/lot-6572820?ldp_breadcrumb=back,3704.17,4445.0,,,1000.0,1500.0,,,USD,Christies,Pop Culture,N/A,"BOB DYLAN: A RARE HANDBILL FOR HIS FIRST SOLO CONCERT, 1963",2026-03-13,https://www.christies.com/en/auction/the-jim-irsay-collection-icons-of-pop-culture-24628-nyr/?loadall=true&page=10&sortby=lotnumber,True,1,66.2542485901025,-66.2542485901025
https://www.christies.com/en/lot/lot-6572819?ldp_breadcrumb=back,7937.5,9525.0,,,2000.0,3000.0,,,USD,Christies,Pop Culture,N/A,"JOHNNY CASH: A HANDWRITTEN LETTER REGARDING SOBRIETY, 1990s",2026-03-13,https://www.christies.com/en/auction/the-jim-irsay-collection-icons-of-pop-culture-24628-nyr/?loadall=true&page=10&sortby=lotnumber,True,1,68.50393700787401,-68.50393700787401
https://www.christies.com/en/lot/lot-6572818?ldp_breadcrumb=back,13758.33,16510.0,,,10000.0,15000.0,,,USD,Christies,Pop Culture,N/A,"JIMMY PAGE: AN EARLY HANDWRITTEN LETTER, 1962",2026-03-13,https://www.christies.com/en/auction/the-jim-irsay-collection-icons-of-pop-culture-24628-nyr/?loadall=true&page=10&sortby=lotnumber,True,1,9.145950126214446,-9.145950126214446
https://www.christies.com/en/lot/lot-6572817?ldp_breadcrumb=back,5080.0,6096.0,,,3000.0,5000.0,,,USD,Christies,Pop Culture,N/A,"ELVIS PRESLEY: A SIGNED PUBLICITY PHOTOGRAPH, 1964",2026-03-13,https://www.christies.com/en/auction/the-jim-irsay-collection-icons-of-pop-culture-24628-nyr/?loadall=true&page=10&sortby=lotnumber,True,1,21.25984251968504,-21.25984251968504
https://www.christies.com/en/lot/lot-6572888?ldp_breadcrumb=back,216958.33,260350.0,,,40000.0,60000.0,,,USD,Christies,Pop Culture,N/A,RINGO STARR (B. 1940),2026-03-13,https://www.christies.com/en/auction/the-jim-irsay-collection-icons-of-pop-culture-24628-nyr/?loadall=true&page=10&sortby=lotnumber,True,1,76.95409989558824,-76.95409989558824
https://www.christies.com/en/lot/lot-6572887?ldp_breadcrumb=back,169333.33,203200.0,,,60000.0,120000.0,,,USD,Christies,Pop Culture,N/A,"WILLY WONKA AND THE CHOCOLATE FACTORY, 1971: A PROP GOLDEN TICKET",2026-03-13,https://www.christies.com/en/auction/the-jim-irsay-collection-icons-of-pop-culture-24628-nyr/?loadall=true&page=10&sortby=lotnumber,True,1,46.850392654535284,-46.850392654535284
https://www.christies.com/en/lot/lot-6572886?ldp_breadcrumb=back,8995.83,10795.0,,,4000.0,6000.0,,,USD,Christies,Pop Culture,N/A,"SYLVESTER STALLONE: A PAIR OF ROCKY BALBOA CUSTOM-MADE TRAINING BOOTS, 2006",2026-03-13,https://www.christies.com/en/auction/the-jim-irsay-collection-icons-of-pop-culture-24628-nyr/?loadall=true&page=10&sortby=lotnumber,True,1,44.41869177163197,-44.41869177163197
https://www.christies.com/en/lot/lot-6572885?ldp_breadcrumb=back,5820.83,6985.0,,,8000.0,12000.0,,,USD,Christies,Pop Culture,N/A,"AUSTIN POWERS: INTERNATIONAL MAN OF MYSTERY, 1997 - A PAIR OF PROP GLASSES",2026-03-13,https://www.christies.com/en/auction/the-jim-irsay-collection-icons-of-pop-culture-24628-nyr/?loadall=true&page=10&sortby=lotnumber,True,1,71.79680561019649,71.79680561019649
https://www.christies.com/en/lot/lot-6572884?ldp_breadcrumb=back,23283.33,27940.0,,,30000.0,50000.0,,,USD,Christies,Pop Culture,N/A,"AL PACINO: AN ANNOTATED SCRIPT FOR SCARFACE, 1983",2026-03-13,https://www.christies.com/en/auction/the-jim-irsay-collection-icons-of-pop-culture-24628-nyr/?loadall=true&page=10&sortby=lotnumber,True,1,71.79673182487211,71.79673182487211
https://www.christies.com/en/lot/lot-6572883?ldp_breadcrumb=back,3386.67,4064.0,,,4000.0,6000.0,,,USD,Christies,Pop Culture,N/A,"THE GODFATHER, 1971: A SECOND DRAFT SCRIPT",2026-03-13,https://www.christies.com/en/auction/the-jim-irsay-collection-icons-of-pop-culture-24628-nyr/?loadall=true&page=10&sortby=lotnumber,True,1,47.63764996294295,47.63764996294295
https://www.christies.com/en/lot/lot-6572882?ldp_breadcrumb=back,4021.67,4826.0,,,2000.0,3000.0,,,USD,Christies,Pop Culture,N/A,JERRY LEWIS: A TOOLED LEATHER DIRECTOR'S CHAIR,2026-03-13,https://www.christies.com/en/auction/the-jim-irsay-collection-icons-of-pop-culture-24628-nyr/?loadall=true&page=10&sortby=lotnumber,True,1,37.836769302304766,-37.836769302304766
https://www.christies.com/en/lot/lot-6572881?ldp_breadcrumb=back,2328.33,2794.0,,,2000.0,3000.0,,,USD,Christies,Pop Culture,N/A,LAUREL AND HARDY: A SIGNED PHOTOGRAPH,2026-03-13,https://www.christies.com/en/auction/the-jim-irsay-collection-icons-of-pop-culture-24628-nyr/?loadall=true&page=10&sortby=lotnumber,True,1,7.373095738147088,7.373095738147088
https://www.christies.com/en/lot/lot-6572880?ldp_breadcrumb=back,1058.33,1270.0,,,2000.0,3000.0,,,USD,Christies,Pop Culture,N/A,"BELA LUGOSI: A SIGNED PORTRAIT PRINT, 1930S",2026-03-13,https://www.christies.com/en/auction/the-jim-irsay-collection-icons-of-pop-culture-24628-nyr/?loadall=true&page=10&sortby=lotnumber,True,1,136.22121644477622,136.22121644477622
https://www.christies.com/en/lot/lot-6572879?ldp_breadcrumb=back,2645.83,3175.0,,,800.0,1200.0,,,USD,Christies,Pop Culture,N/A,"CHARLIE CHAPLIN: LIST OF FINANCIAL ASSETS, 1919",2026-03-13,https://www.christies.com/en/auction/the-jim-irsay-collection-icons-of-pop-culture-24628-nyr/?loadall=true&page=10&sortby=lotnumber,True,1,62.2046767932936,-62.2046767932936
https://www.christies.com/en/lot/lot-6572878?ldp_breadcrumb=back,14816.67,17780.0,,,1000.0,1500.0,,,USD,Christies,Sports,Golf,TIGER WOODS AUTOGRAPHED PROFESSIONAL MODEL GOLF CLUB,2026-03-13,https://www.christies.com/en/auction/the-jim-irsay-collection-icons-of-pop-culture-24628-nyr/?loadall=true&page=10&sortby=lotnumber,True,1,91.56355645364309,-91.56355645364309
https://www.christies.com/en/lot/lot-6572877?ldp_breadcrumb=back,9525.0,11430.0,,,1000.0,1500.0,,,USD,Christies,Sports,Golf,TIGER WOODS AUTOGRAPHED PROFESSIONAL MODEL GOLF CLUB,2026-03-13,https://www.christies.com/en/auction/the-jim-irsay-collection-icons-of-pop-culture-24628-nyr/?loadall=true&page=10&sortby=lotnumber,True,1,86.8766404199475,-86.8766404199475
https://www.christies.com/en/lot/lot-6572876?ldp_breadcrumb=back,31750.0,38100.0,,,30000.0,50000.0,,,USD,Christies,Sports,Boxing,MUHAMMAD ALI PROFESSIONAL MODEL BOXING GLOVES FROM THE KARL MILDENBERGER,2026-03-13,https://www.christies.com/en/auction/the-jim-irsay-collection-icons-of-pop-culture-24628-nyr/?loadall=true&page=10&sortby=lotnumber,True,1,25.984251968503937,25.984251968503937
https://www.christies.com/en/lot/lot-6572875?ldp_breadcrumb=back,635.0,762.0,,,600.0,800.0,,,USD,Christies,Sports,Boxing,MUHAMMAD ALI VS KARL MILDENBERGER TICKET STUB AND PROGRAM,2026-03-13,https://www.christies.com/en/auction/the-jim-irsay-collection-icons-of-pop-culture-24628-nyr/?loadall=true&page=10&sortby=lotnumber,True,1,10.236220472440944,10.236220472440944
https://www.christies.com/en/lot/lot-6572874?ldp_breadcrumb=back,2328.33,2794.0,,,800.0,1200.0,,,USD,Christies,Sports,Boxing,1938 JOE LOUIS VS MAX SCHMELING FULL TICKET,2026-03-13,https://www.christies.com/en/auction/the-jim-irsay-collection-icons-of-pop-culture-24628-nyr/?loadall=true&page=10&sortby=lotnumber,True,1,57.05076170474117,-57.05076170474117
https://www.christies.com/en/lot/lot-6572873?ldp_breadcrumb=back,423.33,508.0,,,100.0,200.0,,,USD,Christies,Sports,Track and Field,ILLUSTRATED CURRENT NEWS POSTER OF JESSE OWENS AND JOHN WOODRUFF AT THE 1936 BERLIN OLYMPICS,2026-03-13,https://www.christies.com/en/auction/the-jim-irsay-collection-icons-of-pop-culture-24628-nyr/?loadall=true&page=10&sortby=lotnumber,True,1,64.5666501311034,-64.5666501311034
https://www.christies.com/en/lot/lot-6572872?ldp_breadcrumb=back,13758.33,16510.0,,,2000.0,3000.0,,,USD,Christies,Pop Culture,N/A,OLYMPIC TORCH FROM THE BERLIN GAMES,2026-03-13,https://www.christies.com/en/auction/the-jim-irsay-collection-icons-of-pop-culture-24628-nyr/?loadall=true&page=10&sortby=lotnumber,True,1,81.8291900252429,-81.8291900252429
https://www.christies.com/en/lot/lot-6572871?ldp_breadcrumb=back,10583.33,12700.0,,,8000.0,12000.0,,,USD,Christies,Sports,Baseball,JACKIE ROBINSON BASEBALL TRADING CARD #1,2026-03-13,https://www.christies.com/en/auction/the-jim-irsay-collection-icons-of-pop-culture-24628-nyr/?loadall=true&page=10&sortby=lotnumber,True,1,5.511781263553154,-5.511781263553154
https://www.christies.com/en/lot/lot-6572870?ldp_breadcrumb=back,27516.67,33020.0,,,25000.0,50000.0,,,USD,Christies,Sports,Baseball,BABE RUTH AND LOU GEHRIG AUTOGRAPHED BASEBALL WITH ITS ORIGINAL BOX,2026-03-13,https://www.christies.com/en/auction/the-jim-irsay-collection-icons-of-pop-culture-24628-nyr/?loadall=true&page=10&sortby=lotnumber,True,1,36.28102528394607,36.28102528394607
https://www.christies.com/en/lot/lot-6572869?ldp_breadcrumb=back,13758.33,16510.0,,,10000.0,15000.0,,,USD,Christies,Sports,Baseball,MID 1920s BABE RUTH AUTOGRAPHED BASEBALL,2026-03-13,https://www.christies.com/en/auction/the-jim-irsay-collection-icons-of-pop-culture-24628-nyr/?loadall=true&page=10&sortby=lotnumber,True,1,9.145950126214446,-9.145950126214446
https://www.christies.com/en/lot/lot-6572868?ldp_breadcrumb=back,10583.33,12700.0,,,4000.0,6000.0,,,USD,Christies,Sports,Baseball,BABE RUTH AUTOGRAPHED ALBUM PAGE,2026-03-13,https://www.christies.com/en/auction/the-jim-irsay-collection-icons-of-pop-culture-24628-nyr/?loadall=true&page=10&sortby=lotnumber,True,1,52.75589063177658,-52.75589063177658
https://www.christies.com/en/lot/lot-6572867?ldp_breadcrumb=back,31750.0,38100.0,,,20000.0,30000.0,,,USD,Christies,Pop Culture,N/A,NASA ASTRONAUTS: A SIGNED CUSTOM SHOP STRATOCASTER,2026-03-13,https://www.christies.com/en/auction/the-jim-irsay-collection-icons-of-pop-culture-24628-nyr/?loadall=true&page=10&sortby=lotnumber,True,1,21.25984251968504,-21.25984251968504
https://www.christies.com/en/lot/lot-6572866?ldp_breadcrumb=back,5080.0,6096.0,,,3000.0,5000.0,,,USD,Christies,Pop Culture,N/A,"AUTISM SPEAKS: A SIGNED HOLLOW-BODY ELECTRIC GUITAR, G5422TG-LTD, ELECTROMATIC",2026-03-13,https://www.christies.com/en/auction/the-jim-irsay-collection-icons-of-pop-culture-24628-nyr/?loadall=true&page=10&sortby=lotnumber,True,1,21.25984251968504,-21.25984251968504
https://www.christies.com/en/lot/lot-6572865?ldp_breadcrumb=back,2540.0,3048.0,,,3000.0,5000.0,,,USD,Christies,Pop Culture,N/A,"AUTISM SPEAKS: A SIGNED HOLLOW-BODY ELECTRIC GUITAR, ELECTROMATIC G5420T",2026-03-13,https://www.christies.com/en/auction/the-jim-irsay-collection-icons-of-pop-culture-24628-nyr/?loadall=true&page=10&sortby=lotnumber,True,1,57.48031496062992,57.48031496062992
https://www.christies.com/en/lot/lot-6572864?ldp_breadcrumb=back,17991.67,21590.0,,,6000.0,9000.0,,,USD,Christies,Pop Culture,N/A,BILLIE JOE ARMSTRONG: ‘TV YELLOW’ LES PAUL 'SG' JUNIOR,2026-03-13,https://www.christies.com/en/auction/the-jim-irsay-collection-icons-of-pop-culture-24628-nyr/?loadall=true&page=10&sortby=lotnumber,True,1,58.314041998324775,-58.314041998324775
https://www.christies.com/en/lot/lot-6572863?ldp_breadcrumb=back,17991.67,21590.0,,,8000.0,12000.0,,,USD,Christies,Pop Culture,N/A,BILLIE JOE ARMSTRONG: THE ‘TV YELLOW’ LES PAUL JUNIOR KNOWN AS 'CHIP',2026-03-13,https://www.christies.com/en/auction/the-jim-irsay-collection-icons-of-pop-culture-24628-nyr/?loadall=true&page=10&sortby=lotnumber,True,1,44.418722664433034,-44.418722664433034
https://www.christies.com/en/lot/lot-6572862?ldp_breadcrumb=back,5291.67,6350.0,,,6000.0,8000.0,,,USD,Christies,Pop Culture,N/A,NANCY WILSON: EPIPHONE LES PAUL KNOWN AS 'THE 'CUDA ',2026-03-13,https://www.christies.com/en/auction/the-jim-irsay-collection-icons-of-pop-culture-24628-nyr/?loadall=true&page=10&sortby=lotnumber,True,1,32.28338123881497,32.28338123881497
https://www.christies.com/en/lot/lot-6572861?ldp_breadcrumb=back,7408.33,8890.0,,,4000.0,6000.0,,,USD,Christies,Pop Culture,N/A,"JIMMY PAGE: A SIGNED SOLID-BODY ELECTRIC GUITAR, DE ARMOND, M-75T",2026-03-13,https://www.christies.com/en/auction/the-jim-irsay-collection-icons-of-pop-culture-24628-nyr/?loadall=true&page=10&sortby=lotnumber,True,1,32.50840607802298,-32.50840607802298
https://www.christies.com/en/lot/lot-6572860?ldp_breadcrumb=back,444500.0,533400.0,,,60000.0,120000.0,,,USD,Christies,Pop Culture,N/A,EDDIE VAN HALEN: A SIGNED AND STAGE-PLAYED CHARVEL EVH ART SERIES GUITAR,2026-03-13,https://www.christies.com/en/auction/the-jim-irsay-collection-icons-of-pop-culture-24628-nyr/?loadall=true&page=10&sortby=lotnumber,True,1,79.7525309336333,-79.7525309336333
https://www.christies.com/en/lot/lot-6572859?ldp_breadcrumb=back,13758.33,16510.0,,,8000.0,12000.0,,,USD,Christies,Pop Culture,N/A,"WALTER BECKER: BACON AND DAY, SENORITA S6",2026-03-13,https://www.christies.com/en/auction/the-jim-irsay-collection-icons-of-pop-culture-24628-nyr/?loadall=true&page=10&sortby=lotnumber,True,1,27.316760100971557,-27.316760100971557
https://www.christies.com/en/lot/lot-6572858?ldp_breadcrumb=back,27516.67,33020.0,,,40000.0,80000.0,,,USD,Christies,Pop Culture,N/A,WALTER BECKER: A STAGE-PLAYED HAHN 229 ELECTRIC GUITAR,2026-03-13,https://www.christies.com/en/auction/the-jim-irsay-collection-icons-of-pop-culture-24628-nyr/?loadall=true&page=10&sortby=lotnumber,True,1,118.0496404543137,118.0496404543137
https://www.christies.com/en/lot/lot-6572857?ldp_breadcrumb=back,3386.67,4064.0,,,2000.0,3000.0,,,USD,Christies,Pop Culture,N/A,BO DIDDLEY: A STAGE-USED GUITAR STRAP,2026-03-13,https://www.christies.com/en/auction/the-jim-irsay-collection-icons-of-pop-culture-24628-nyr/?loadall=true&page=10&sortby=lotnumber,True,1,26.181175018528524,-26.181175018528524
https://www.christies.com/en/lot/lot-6572856?ldp_breadcrumb=back,29633.33,35560.0,,,3000.0,5000.0,,,USD,Christies,Pop Culture,N/A,BO DIDDLEY: HIS PERSONAL BO DIDDLEY G6138,2026-03-13,https://www.christies.com/en/auction/the-jim-irsay-collection-icons-of-pop-culture-24628-nyr/?loadall=true&page=10&sortby=lotnumber,True,1,86.50168577071831,-86.50168577071831
https://www.christies.com/en/lot/lot-6572855?ldp_breadcrumb=back,21166.67,25400.0,,,4000.0,6000.0,,,USD,Christies,Pop Culture,N/A,GEORGE BENSON: A RARE EB-6 BASS,2026-03-13,https://www.christies.com/en/auction/the-jim-irsay-collection-icons-of-pop-culture-24628-nyr/?loadall=true&page=10&sortby=lotnumber,True,1,76.37795647591236,-76.37795647591236
https://www.christies.com/en/lot/lot-6572854?ldp_breadcrumb=back,2751.67,3302.0,,,2000.0,3000.0,,,USD,Christies,Pop Culture,N/A,STEVE EARLE: A 'BEATLE BASS',2026-03-13,https://www.christies.com/en/auction/the-jim-irsay-collection-icons-of-pop-culture-24628-nyr/?loadall=true&page=10&sortby=lotnumber,True,1,9.146082197356517,-9.146082197356517
https://www.christies.com/en/lot/lot-6572853?ldp_breadcrumb=back,5080.0,6096.0,,,5000.0,7000.0,,,USD,Christies,Pop Culture,N/A,STEVE EARLE: A CUSTOM SHOP 1951 NOCASTER RELIC,2026-03-13,https://www.christies.com/en/auction/the-jim-irsay-collection-icons-of-pop-culture-24628-nyr/?loadall=true&page=10&sortby=lotnumber,True,1,18.11023622047244,18.11023622047244
https://www.christies.com/en/lot/lot-6572852?ldp_breadcrumb=back,2751.67,3302.0,,,3000.0,5000.0,,,USD,Christies,Pop Culture,N/A,STEVE EARLE: JOHN LENNON CASINO REVOLUTION,2026-03-13,https://www.christies.com/en/auction/the-jim-irsay-collection-icons-of-pop-culture-24628-nyr/?loadall=true&page=10&sortby=lotnumber,True,1,45.36626848422958,45.36626848422958
https://www.christies.com/en/lot/lot-6572851?ldp_breadcrumb=back,1799.17,2159.0,,,3000.0,5000.0,,,USD,Christies,Pop Culture,N/A,STEVE EARLE: JOHN LENNON CASINO REVOLUTION,2026-03-13,https://www.christies.com/en/auction/the-jim-irsay-collection-icons-of-pop-culture-24628-nyr/?loadall=true&page=10&sortby=lotnumber,True,1,122.32473862947914,122.32473862947914
https://www.christies.com/en/lot/lot-6572850?ldp_breadcrumb=back,2328.33,2794.0,,,2000.0,3000.0,,,USD,Christies,Pop Culture,N/A,"STEVE EARLE: ""THE BLACK DILLION”",2026-03-13,https://www.christies.com/en/auction/the-jim-irsay-collection-icons-of-pop-culture-24628-nyr/?loadall=true&page=10&sortby=lotnumber,True,1,7.373095738147088,7.373095738147088
https://www.christies.com/en/lot/lot-6572849?ldp_breadcrumb=back,1587.5,1905.0,,,3000.0,5000.0,,,USD,Christies,Pop Culture,N/A,STEVE EARLE: PRIMARY PERFORMANCE CHET ATKINS SST,2026-03-13,https://www.christies.com/en/auction/the-jim-irsay-collection-icons-of-pop-culture-24628-nyr/?loadall=true&page=10&sortby=lotnumber,True,1,151.96850393700788,151.96850393700788
https://www.christies.com/en/lot/lot-6572848?ldp_breadcrumb=back,2328.33,2794.0,,,3000.0,5000.0,,,USD,Christies,Pop Culture,N/A,STEVE EARLE: AN EPIPHONE CASINO VCSB,2026-03-13,https://www.christies.com/en/auction/the-jim-irsay-collection-icons-of-pop-culture-24628-nyr/?loadall=true&page=10&sortby=lotnumber,True,1,71.79695318103533,71.79695318103533
https://www.christies.com/en/lot/lot-6572847?ldp_breadcrumb=back,1058.33,1270.0,,,2000.0,3000.0,,,USD,Christies,Pop Culture,N/A,STEVE EARLE: A MOON MODEL T MANDOLIN,2026-03-13,https://www.christies.com/en/auction/the-jim-irsay-collection-icons-of-pop-culture-24628-nyr/?loadall=true&page=10&sortby=lotnumber,True,1,136.22121644477622,136.22121644477622
https://www.christies.com/en/lot/lot-6572846?ldp_breadcrumb=back,16933.33,20320.0,,,15000.0,25000.0,,,USD,Christies,Pop Culture,N/A,STEVE EARLE: A PROTOTYPE MODEL 5 GILCHRIST MANDOLIN,2026-03-13,https://www.christies.com/en/auction/the-jim-irsay-collection-icons-of-pop-culture-24628-nyr/?loadall=true&page=10&sortby=lotnumber,True,1,18.110259470523506,18.110259470523506
https://www.christies.com/en/lot/lot-6572845?ldp_breadcrumb=back,402166.67,482600.0,,,60000.0,100000.0,,,USD,Christies,Pop Culture,N/A,"BOB DYLAN: A GIBSON HUMMINGBIRD ACOUSTIC GUITAR, PLAYED AT THE INAUGURAL CONCERT FOR PRESIDENT-ELECT BILL CLINTON IN 1993",2026-03-13,https://www.christies.com/en/auction/the-jim-irsay-collection-icons-of-pop-culture-24628-nyr/?loadall=true&page=10&sortby=lotnumber,True,1,80.10774985405926,-80.10774985405926
https://www.christies.com/en/lot/lot-6572844?ldp_breadcrumb=back,275166.67,330200.0,,,30000.0,60000.0,,,USD,Christies,Pop Culture,N/A,"LOU REED: A STAGE-PLAYED CUSTOM SHOP FENDER TELECASTER, KNOWN AS 'GOLDIE'",2026-03-13,https://www.christies.com/en/auction/the-jim-irsay-collection-icons-of-pop-culture-24628-nyr/?loadall=true&page=10&sortby=lotnumber,True,1,83.64627518296457,-83.64627518296457
https://www.christies.com/en/lot/lot-6572843?ldp_breadcrumb=back,37041.67,44450.0,,,8000.0,12000.0,,,USD,Christies,Pop Culture,N/A,PRINCE: A LOVE SYMBOL PIN,2026-03-13,https://www.christies.com/en/auction/the-jim-irsay-collection-icons-of-pop-culture-24628-nyr/?loadall=true&page=10&sortby=lotnumber,True,1,73.00337700757012,-73.00337700757012
https://www.christies.com/en/lot/lot-6572842?ldp_breadcrumb=back,40216.67,48260.0,,,6000.0,8000.0,,,USD,Christies,Pop Culture,N/A,"PRINCE: A PAIR OF HANDCUFFS USED ON SOUL TRAIN, 1994",2026-03-13,https://www.christies.com/en/auction/the-jim-irsay-collection-icons-of-pop-culture-24628-nyr/?loadall=true&page=10&sortby=lotnumber,True,1,82.5942824206977,-82.5942824206977
https://www.christies.com/en/lot/lot-6572841?ldp_breadcrumb=back,15875.0,19050.0,,,1000.0,1500.0,,,USD,Christies,Pop Culture,N/A,"JAMES BROWN: A PAIR OF BLACK PATENT STAGE-WORN BOOTS, 1970S",2026-03-13,https://www.christies.com/en/auction/the-jim-irsay-collection-icons-of-pop-culture-24628-nyr/?loadall=true&page=10&sortby=lotnumber,True,1,92.1259842519685,-92.1259842519685
https://www.christies.com/en/lot/lot-6572840?ldp_breadcrumb=back,2540.0,3048.0,,,8000.0,12000.0,,,USD,Christies,Pop Culture,N/A,"A PAIR OF PRESCRIPTION EYEGLASSES, CIRCA 1980S",2026-03-13,https://www.christies.com/en/auction/the-jim-irsay-collection-icons-of-pop-culture-24628-nyr/?loadall=true&page=10&sortby=lotnumber,True,1,293.7007874015748,293.7007874015748
https://www.christies.com/en/lot/lot-6572839?ldp_breadcrumb=back,27516.67,33020.0,,,2000.0,3000.0,,,USD,Christies,Pop Culture,N/A,THE GRATEFUL DEAD: A CUSTOM-MADE AMPLIFIER CASE,2026-03-13,https://www.christies.com/en/auction/the-jim-irsay-collection-icons-of-pop-culture-24628-nyr/?loadall=true&page=10&sortby=lotnumber,True,1,90.9145983144036,-90.9145983144036
https://www.christies.com/en/lot/lot-6572838?ldp_breadcrumb=back,79375.0,95250.0,,,100000.0,300000.0,,,USD,Christies,Pop Culture,N/A,"DUSTY HILL: THE SHEEPSKIN COVERED DEAN BASS GUITAR USED IN THE MUSIC VIDEO FOR 'LEGS', 1984",2026-03-13,https://www.christies.com/en/auction/the-jim-irsay-collection-icons-of-pop-culture-24628-nyr/?loadall=true&page=10&sortby=lotnumber,True,1,151.96850393700788,151.96850393700788
https://www.christies.com/en/lot/lot-6572837?ldp_breadcrumb=back,211666.67,254000.0,,,150000.0,250000.0,,,USD,Christies,Pop Culture,N/A,NEAL SCHON: THE GIBSON LES PAUL PRO DELUXE GUITAR USED TO RECORD JOURNEY'S 1981 HIT SINGLE 'DON'T STOP BELIEVIN',2026-03-13,https://www.christies.com/en/auction/the-jim-irsay-collection-icons-of-pop-culture-24628-nyr/?loadall=true&page=10&sortby=lotnumber,True,1,5.511812511625006,-5.511812511625006
https://www.christies.com/en/lot/lot-6572836?ldp_breadcrumb=back,148166.67,177800.0,,,60000.0,100000.0,,,USD,Christies,Pop Culture,N/A,"JOHN MCVIE: A CUSTOM ALEMBIC FRETLESS BASS GUITAR, USED TO RECORD 'THE CHAIN' ON FLEETWOOD MAC'S 1977 ALBUM RUMOURS",2026-03-13,https://www.christies.com/en/auction/the-jim-irsay-collection-icons-of-pop-culture-24628-nyr/?loadall=true&page=10&sortby=lotnumber,True,1,46.00675037105174,-46.00675037105174
https://www.christies.com/en/lot/lot-6572835?ldp_breadcrumb=back,195791.67,234950.0,,,100000.0,200000.0,,,USD,Christies,Pop Culture,N/A,DON MCLEAN: A MARTIN 00-21 ACOUSTIC GUITAR USED TO RECORD HIS 1972 HIT SINGLE ‘VINCENT’,2026-03-13,https://www.christies.com/en/auction/the-jim-irsay-collection-icons-of-pop-culture-24628-nyr/?loadall=true&page=10&sortby=lotnumber,True,1,23.387956188330183,-23.387956188330183
https://www.christies.com/en/lot/lot-6572834?ldp_breadcrumb=back,14816.67,17780.0,,,8000.0,12000.0,,,USD,Christies,Pop Culture,N/A,THE ROLLING STONES: A SIGNED PEAVEY GUITAR,2026-03-13,https://www.christies.com/en/auction/the-jim-irsay-collection-icons-of-pop-culture-24628-nyr/?loadall=true&page=10&sortby=lotnumber,True,1,32.50845162914474,-32.50845162914474
https://www.christies.com/en/lot/lot-6572833?ldp_breadcrumb=back,3704.17,4445.0,,,4000.0,6000.0,,,USD,Christies,Pop Culture,N/A,KEITH RICHARDS AND RONNIE WOOD: A SIGNED SILVERTONE GUITAR,2026-03-13,https://www.christies.com/en/auction/the-jim-irsay-collection-icons-of-pop-culture-24628-nyr/?loadall=true&page=10&sortby=lotnumber,True,1,34.983005639589976,34.983005639589976
https://www.christies.com/en/lot/lot-6572832?ldp_breadcrumb=back,3386.67,4064.0,,,1000.0,1500.0,,,USD,Christies,Pop Culture,N/A,THE ROLLING STONES: EXILE: THE MAKING OF EXILE ON MAIN ST.,2026-03-13,https://www.christies.com/en/auction/the-jim-irsay-collection-icons-of-pop-culture-24628-nyr/?loadall=true&page=10&sortby=lotnumber,True,1,63.09058750926426,-63.09058750926426
https://www.christies.com/en/lot/lot-6572831?ldp_breadcrumb=back,7937.5,9525.0,,,5000.0,7000.0,,,USD,Christies,Pop Culture,N/A,THE WHO: A SIGNED LES PAUL STYLE GUITAR,2026-03-13,https://www.christies.com/en/auction/the-jim-irsay-collection-icons-of-pop-culture-24628-nyr/?loadall=true&page=10&sortby=lotnumber,True,1,24.409448818897637,-24.409448818897637
https://www.christies.com/en/lot/lot-6572830?ldp_breadcrumb=back,3175.0,3810.0,,,3000.0,5000.0,,,USD,Christies,Pop Culture,N/A,PETE TOWNSHEND AND ROGER DALTREY: A SIGNED EPIPHONE WILSHIRE GUITAR,2026-03-13,https://www.christies.com/en/auction/the-jim-irsay-collection-icons-of-pop-culture-24628-nyr/?loadall=true&page=10&sortby=lotnumber,True,1,25.984251968503937,25.984251968503937
https://www.christies.com/en/lot/lot-6572829?ldp_breadcrumb=back,14816.67,17780.0,,,20000.0,30000.0,,,USD,Christies,Pop Culture,N/A,HANDWRITTEN LYRICS FOR 'THE ACID QUEEN',2026-03-13,https://www.christies.com/en/auction/the-jim-irsay-collection-icons-of-pop-culture-24628-nyr/?loadall=true&page=10&sortby=lotnumber,True,1,68.72887092713815,68.72887092713815
https://www.christies.com/en/lot/lot-6572816?ldp_breadcrumb=back,20108.33,24130.0,,,1000.0,1500.0,,,USD,Christies,Pop Culture,N/A,"HUNTER S. THOMPSON: CONVERSE SNEAKERS, LATE 20TH CENTURY",2026-03-13,https://www.christies.com/en/auction/the-jim-irsay-collection-icons-of-pop-culture-24628-nyr/?loadall=true&page=10&sortby=lotnumber,True,1,93.78367074739673,-93.78367074739673
https://www.christies.com/en/lot/lot-6572815?ldp_breadcrumb=back,6350.0,7620.0,,,2000.0,3000.0,,,USD,Christies,Pop Culture,N/A,HUNTER S. THOMPSON'S COPY OF The Dharma Bums,2026-03-13,https://www.christies.com/en/auction/the-jim-irsay-collection-icons-of-pop-culture-24628-nyr/?loadall=true&page=10&sortby=lotnumber,True,1,60.62992125984252,-60.62992125984252
https://www.christies.com/en/lot/lot-6572814?ldp_breadcrumb=back,1375833.33,1651000.0,,,300000.0,500000.0,,,USD,Christies,Pop Culture,N/A,THE ORIGINAL TYPESCRIPT SCROLL FOR DHARMA BUMS,2026-03-13,https://www.christies.com/en/auction/the-jim-irsay-collection-icons-of-pop-culture-24628-nyr/?loadall=true&page=10&sortby=lotnumber,True,1,70.92671101375339,-70.92671101375339
https://www.christies.com/en/lot/lot-6572813?ldp_breadcrumb=back,16933.33,20320.0,,,4000.0,6000.0,,,USD,Christies,Pop Culture,N/A,"A SIGNED REVIEW COPY OF HOWL, AND OTHER POEMS",2026-03-13,https://www.christies.com/en/auction/the-jim-irsay-collection-icons-of-pop-culture-24628-nyr/?loadall=true&page=10&sortby=lotnumber,True,1,70.47243513236913,-70.47243513236913
https://www.christies.com/en/lot/lot-6572812?ldp_breadcrumb=back,8466.67,10160.0,,,5000.0,7000.0,,,USD,Christies,Pop Culture,N/A,THE CATCHER IN THE RYE,2026-03-13,https://www.christies.com/en/auction/the-jim-irsay-collection-icons-of-pop-culture-24628-nyr/?loadall=true&page=10&sortby=lotnumber,True,1,29.13388616776135,-29.13388616776135
https://www.christies.com/en/lot/lot-6572811?ldp_breadcrumb=back,12700.0,15240.0,,,2000.0,3000.0,,,USD,Christies,Pop Culture,N/A,ALLEN GINSBERG (1926-1997),2026-03-13,https://www.christies.com/en/auction/the-jim-irsay-collection-icons-of-pop-culture-24628-nyr/?loadall=true&page=10&sortby=lotnumber,True,1,80.31496062992126,-80.31496062992126
https://www.christies.com/en/lot/lot-6572810?ldp_breadcrumb=back,68791.67,82550.0,,,10000.0,15000.0,,,USD,Christies,Pop Culture,N/A,Re-writing On the Road,2026-03-13,https://www.christies.com/en/auction/the-jim-irsay-collection-icons-of-pop-culture-24628-nyr/?loadall=true&page=10&sortby=lotnumber,True,1,81.82919530809471,-81.82919530809471
https://www.christies.com/en/lot/lot-6572809?ldp_breadcrumb=back,44450.0,53340.0,,,8000.0,12000.0,,,USD,Christies,Pop Culture,N/A,Progress with On the Road,2026-03-13,https://www.christies.com/en/auction/the-jim-irsay-collection-icons-of-pop-culture-24628-nyr/?loadall=true&page=10&sortby=lotnumber,True,1,77.50281214848144,-77.50281214848144
https://www.christies.com/en/lot/lot-6572808?ldp_breadcrumb=back,79375.0,95250.0,,,8000.0,12000.0,,,USD,Christies,Pop Culture,N/A,"On the Road, the Beats, and Cassady",2026-03-13,https://www.christies.com/en/auction/the-jim-irsay-collection-icons-of-pop-culture-24628-nyr/?loadall=true&page=10&sortby=lotnumber,True,1,87.4015748031496,-87.4015748031496
https://www.christies.com/en/lot/lot-6572807?ldp_breadcrumb=back,508000.0,609600.0,,,200000.0,300000.0,,,USD,Christies,Pop Culture,N/A,GEORGE HARRISON: A HARPTONE ACOUSTIC 12-STRING GUITAR,2026-03-13,https://www.christies.com/en/auction/the-jim-irsay-collection-icons-of-pop-culture-24628-nyr/?loadall=true&page=10&sortby=lotnumber,True,1,50.78740157480315,-50.78740157480315
https://www.christies.com/en/lot/lot-6572806?ldp_breadcrumb=back,8995.83,10795.0,,,8000.0,12000.0,,,USD,Christies,Pop Culture,N/A,"JOHN LENNON: A SIGNED POSTCARD, 1977",2026-03-13,https://www.christies.com/en/auction/the-jim-irsay-collection-icons-of-pop-culture-24628-nyr/?loadall=true&page=10&sortby=lotnumber,True,1,11.162616456736066,11.162616456736066
https://www.christies.com/en/lot/lot-6572805?ldp_breadcrumb=back,6350.0,7620.0,,,8000.0,12000.0,,,USD,Christies,Pop Culture,N/A,"JOHN LENNON AND YOKO ONO: A HANDWRITTEN NOTE, 1969",2026-03-13,https://www.christies.com/en/auction/the-jim-irsay-collection-icons-of-pop-culture-24628-nyr/?loadall=true&page=10&sortby=lotnumber,True,1,57.48031496062992,57.48031496062992
https://www.christies.com/en/lot/lot-6572804?ldp_breadcrumb=back,33866.67,40640.0,,,15000.0,25000.0,,,USD,Christies,Pop Culture,N/A,"JOHN LENNON: A HANDWRITTEN LETTER ON TRANSCENDENTAL MEDITATION, 1967",2026-03-13,https://www.christies.com/en/auction/the-jim-irsay-collection-icons-of-pop-culture-24628-nyr/?loadall=true&page=10&sortby=lotnumber,True,1,40.944887702274826,-40.944887702274826
https://www.christies.com/en/lot/lot-6572803?ldp_breadcrumb=back,15875.0,19050.0,,,8000.0,12000.0,,,USD,Christies,Pop Culture,N/A,PAUL MCCARTNEY: A SIGNED HÖFNER BASS GUITAR,2026-03-13,https://www.christies.com/en/auction/the-jim-irsay-collection-icons-of-pop-culture-24628-nyr/?loadall=true&page=10&sortby=lotnumber,True,1,37.00787401574803,-37.00787401574803
https://www.christies.com/en/lot/lot-6572802?ldp_breadcrumb=back,44450.0,53340.0,,,20000.0,30000.0,,,USD,Christies,Pop Culture,N/A,"THE BEATLES/PAUL MCCARTNEY: HANDWRITTEN LYRICS FOR 'MAXWELL'S SILVER HAMMER', 1968",2026-03-13,https://www.christies.com/en/auction/the-jim-irsay-collection-icons-of-pop-culture-24628-nyr/?loadall=true&page=10&sortby=lotnumber,True,1,43.7570303712036,-43.7570303712036
https://www.christies.com/en/lot/lot-6572801?ldp_breadcrumb=back,6350.0,7620.0,,,3000.0,5000.0,,,USD,Christies,Pop Culture,N/A,"THE BEATLES: SHEA STADIUM UMPIRE’S LOCKER, 1965",2026-03-13,https://www.christies.com/en/auction/the-jim-irsay-collection-icons-of-pop-culture-24628-nyr/?loadall=true&page=10&sortby=lotnumber,True,1,37.00787401574803,-37.00787401574803
https://www.christies.com/en/lot/lot-6572800?ldp_breadcrumb=back,13758.33,16510.0,,,4000.0,6000.0,,,USD,Christies,Pop Culture,N/A,"THE BEATLES: TWO UNUSED SHEA STADIUM TICKETS, 1966",2026-03-13,https://www.christies.com/en/auction/the-jim-irsay-collection-icons-of-pop-culture-24628-nyr/?loadall=true&page=10&sortby=lotnumber,True,1,63.65838005048578,-63.65838005048578
https://www.christies.com/en/lot/lot-6572799?ldp_breadcrumb=back,9525.0,11430.0,,,800.0,1200.0,,,USD,Christies,Pop Culture,N/A,THE BEATLES: BRIAN EPSTEIN'S BUSINESS CARD,2026-03-13,https://www.christies.com/en/auction/the-jim-irsay-collection-icons-of-pop-culture-24628-nyr/?loadall=true&page=10&sortby=lotnumber,True,1,89.501312335958,-89.501312335958
https://www.christies.com/en/lot/lot-6572798?ldp_breadcrumb=back,2328.33,2794.0,,,1000.0,1500.0,,,USD,Christies,Pop Culture,N/A,THE BEATLES: AN INDIANA STATE FAIR TICKET,2026-03-13,https://www.christies.com/en/auction/the-jim-irsay-collection-icons-of-pop-culture-24628-nyr/?loadall=true&page=10&sortby=lotnumber,True,1,46.31345213092646,-46.31345213092646
https://www.christies.com/en/lot/lot-6572797?ldp_breadcrumb=back,33866.67,40640.0,,,30000.0,50000.0,,,USD,Christies,Pop Culture,N/A,"THE BEATLES: A SIGNED LIVERPOOL AIRPORT SIGN, 1964",2026-03-13,https://www.christies.com/en/auction/the-jim-irsay-collection-icons-of-pop-culture-24628-nyr/?loadall=true&page=10&sortby=lotnumber,True,1,18.110224595450344,18.110224595450344
https://www.christies.com/en/lot/lot-6572796?ldp_breadcrumb=back,132291.67,158750.0,,,30000.0,60000.0,,,USD,Christies,Pop Culture,N/A,THE BEATLES: AN RIAA SALES AWARD FOR 'I WANT TO HOLD YOUR HAND',2026-03-13,https://www.christies.com/en/auction/the-jim-irsay-collection-icons-of-pop-culture-24628-nyr/?loadall=true&page=10&sortby=lotnumber,True,1,65.98425282559364,-65.98425282559364
https://www.christies.com/en/lot/lot-6572795?ldp_breadcrumb=back,50800.0,60960.0,,,8000.0,12000.0,,,USD,Christies,Pop Culture,N/A,"THE BEATLES: A SIGNED PHOTOGRAPH, 1963",2026-03-13,https://www.christies.com/en/auction/the-jim-irsay-collection-icons-of-pop-culture-24628-nyr/?loadall=true&page=10&sortby=lotnumber,True,1,80.31496062992126,-80.31496062992126
https://onlineonly.christies.com/s/jim-irsay-collection-online/c-f-martin-co-nazareth-pennsylvania-2001-403/288935?ldp_breadcrumb=back,11641.67,13970.0,11641.67,13970.0,4000.0,6000.0,4000.0,6000.0,USD,Christies,Pop Culture,N/A,"AN ACOUSTIC GUITAR, STEVE MILLER SIGNATURE EDITION, 00-37K2 SM",2026-03-17,,False,1,57.050835490097214,-57.050835490097214
https://onlineonly.christies.com/s/jim-irsay-collection-online/fred-gretsch-enterprises-corona-california-2005-444/288977?ldp_breadcrumb=back,15875.0,19050.0,15875.0,19050.0,8000.0,15000.0,8000.0,15000.0,USD,Christies,Pop Culture,N/A,"A HOLLOW-BODY ELECTRIC GUITAR, RED BARON CUSTOM, AND MATCHING AMPLIFIER",2026-03-17,,False,1,27.559055118110237,-27.559055118110237
https://onlineonly.christies.com/s/jim-irsay-collection-online/c-f-martin-co-nazareth-pennsylvania-2003-414/288946?ldp_breadcrumb=back,7408.33,8890.0,7408.33,8890.0,4000.0,6000.0,4000.0,6000.0,USD,Christies,Pop Culture,N/A,"AN ACOUSTIC GUITAR, HDN “NEGATIVE”",2026-03-17,,False,1,32.50840607802298,-32.50840607802298
https://onlineonly.christies.com/s/jim-irsay-collection-online/john-mellencamp-portrait-1993-474/289006?ldp_breadcrumb=back,10583.33,12700.0,10583.33,12700.0,4000.0,6000.0,4000.0,6000.0,USD,Christies,Sports,N/A,N/A,2026-03-17,,False,1,52.75589063177658,-52.75589063177658
https://onlineonly.christies.com/s/jim-irsay-collection-online/rickenbacker-international-corp-santa-ana-california-1991-440/288972?ldp_breadcrumb=back,5820.83,6985.0,5820.83,6985.0,6000.0,8000.0,6000.0,8000.0,USD,Christies,Pop Culture,N/A,TOM PETTY 660/12 FIREGLO,2026-03-17,,False,1,20.25776392713754,20.25776392713754
https://onlineonly.christies.com/s/jim-irsay-collection-online/gibson-guitar-corp-nashville-tennessee-circa-1991-426/288958?ldp_breadcrumb=back,10054.17,12065.0,10054.17,12065.0,5000.0,7000.0,5000.0,7000.0,USD,Christies,Pop Culture,N/A,CUSTOM SHOP JIMI HENDRIX SIGNATURE FLYING V,2026-03-17,,False,1,40.323268852625326,-40.323268852625326
https://onlineonly.christies.com/s/jim-irsay-collection-online/collings-guitars-austin-texas-2017-422/288954?ldp_breadcrumb=back,5291.67,6350.0,5291.67,6350.0,4000.0,6000.0,4000.0,6000.0,USD,Christies,Pop Culture,N/A,"AN ACOUSTIC GUITAR, MODEL C10-35 SB",2026-03-17,,False,1,5.511870543703596,-5.511870543703596
https://onlineonly.christies.com/s/jim-irsay-collection-online/gibson-guitar-corp-nashville-tennessee-circa-2002-427/288959?ldp_breadcrumb=back,9525.0,11430.0,9525.0,11430.0,7000.0,10000.0,7000.0,10000.0,USD,Christies,Pop Culture,N/A,"A SOLID-BODY ELECTRIC GUITAR, CUSTOM SHOP GARY ROSSINGTON ’59 LES PAUL STANDARD",2026-03-17,,False,1,10.761154855643044,-10.761154855643044
https://onlineonly.christies.com/s/jim-irsay-collection-online/c-f-martin-co-nazareth-pennsylvania-2002-410/288942?ldp_breadcrumb=back,4762.5,5715.0,4762.5,5715.0,3000.0,5000.0,3000.0,5000.0,USD,Christies,Pop Culture,N/A,"AN ACOUSTIC GUITAR, HD-35SJC, JUDY COLLINS SIGNATURE EDITION",2026-03-17,,False,1,16.010498687664043,-16.010498687664043
https://onlineonly.christies.com/s/jim-irsay-collection-online/signed-photograph-ben-hogan-480/289011?ldp_breadcrumb=back,1587.5,1905.0,1587.5,1905.0,100.0,200.0,100.0,200.0,USD,Christies,Sports,N/A,N/A,2026-03-17,,False,1,90.55118110236221,-90.55118110236221
https://onlineonly.christies.com/s/jim-irsay-collection-online/gibson-guitar-corp-memphis-tennessee-2013-433/288965?ldp_breadcrumb=back,4762.5,5715.0,4762.5,5715.0,4000.0,6000.0,4000.0,6000.0,USD,Christies,Pop Culture,N/A,"A SEMI-HOLLOW-BODY ELECTRIC GUITAR, RUSTY ANDERSON, ES-335TDN",2026-03-17,,False,1,4.986876640419948,4.986876640419948
https://onlineonly.christies.com/s/jim-irsay-collection-online/c-f-martin-co-nazareth-pennsylvania-2001-407/288939?ldp_breadcrumb=back,7937.5,9525.0,7937.5,9525.0,5000.0,7000.0,5000.0,7000.0,USD,Christies,Pop Culture,N/A,"AN ACOUSTIC GUITAR, HD-40MK, MARK KNOPFLER SIGNATURE EDITION",2026-03-17,,False,1,24.409448818897637,-24.409448818897637
https://onlineonly.christies.com/s/jim-irsay-collection-online/c-f-martin-co-nazareth-pennsylvania-2008-419/288951?ldp_breadcrumb=back,4445.0,5334.0,4445.0,5334.0,5000.0,7000.0,5000.0,7000.0,USD,Christies,Pop Culture,N/A,"AN ACOUSTIC GUITAR, D-28M, MERLE TRAVIS COMMEMORATIVE EDITION",2026-03-17,,False,1,34.98312710911136,34.98312710911136
https://onlineonly.christies.com/s/jim-irsay-collection-online/pickup-winder-457/288989?ldp_breadcrumb=back,8466.67,10160.0,8466.67,10160.0,3000.0,5000.0,3000.0,5000.0,USD,Christies,Pop Culture,N/A,"FENDER ELECTRIC INSTRUMENTS, FULLERTON, CALIFORNIA",2026-03-17,,False,1,52.7559241118409,-52.7559241118409
https://onlineonly.christies.com/s/jim-irsay-collection-online/muhammad-ali-autographed-sports-illustrated-magazine-477/289009?ldp_breadcrumb=back,1058.33,1270.0,1058.33,1270.0,300.0,500.0,300.0,500.0,USD,Christies,Sports,N/A,N/A,2026-03-17,,False,1,62.204605368835814,-62.204605368835814
https://onlineonly.christies.com/s/jim-irsay-collection-online/c-f-martin-co-nazareth-pennsylvania-2003-413/288945?ldp_breadcrumb=back,7408.33,8890.0,7408.33,8890.0,2000.0,3000.0,2000.0,3000.0,USD,Christies,Pop Culture,N/A,"AN ACOUSTIC GUITAR, GRAPHITE X DREADNOUGHT",2026-03-17,,False,1,66.25420303901149,-66.25420303901149
https://onlineonly.christies.com/s/jim-irsay-collection-online/rickenbacker-international-corp-santa-ana-california-1994-441/288973?ldp_breadcrumb=back,5291.67,6350.0,5291.67,6350.0,3000.0,5000.0,3000.0,5000.0,USD,Christies,Pop Culture,N/A,"A SEMI-HOLLOW-BODY ELECTRIC GUITAR, 330 FIREGLO",2026-03-17,,False,1,24.409496434962875,-24.409496434962875
https://onlineonly.christies.com/s/jim-irsay-collection-online/gibson-guitar-corp-nashville-tennessee-2013-434/288966?ldp_breadcrumb=back,5291.67,6350.0,5291.67,6350.0,3000.0,5000.0,3000.0,5000.0,USD,Christies,Pop Culture,N/A,JEFF TWEEDY ‘61 SG STANDARD,2026-03-17,,False,1,24.409496434962875,-24.409496434962875
https://onlineonly.christies.com/s/jim-irsay-collection-online/first-issue-playboy-magazine-483/289017?ldp_breadcrumb=back,7408.33,8890.0,7408.33,8890.0,1000.0,1500.0,1000.0,1500.0,USD,Christies,Pop Culture,N/A,DECEMBER 1953,2026-03-17,,False,1,83.12710151950574,-83.12710151950574
https://onlineonly.christies.com/s/jim-irsay-collection-online/c-f-martin-co-nazareth-pennsylvania-2011-421/288953?ldp_breadcrumb=back,4445.0,5334.0,4445.0,5334.0,3000.0,5000.0,3000.0,5000.0,USD,Christies,Pop Culture,N/A,"AN ACOUSTIC GUITAR, JSO, SING OUT 60TH ANNIVERSARY",2026-03-17,,False,1,10.011248593925758,-10.011248593925758
https://onlineonly.christies.com/s/jim-irsay-collection-online/c-f-martin-co-nazareth-pennsylvania-2005-417/288949?ldp_breadcrumb=back,3704.17,4445.0,3704.17,4445.0,4000.0,6000.0,4000.0,6000.0,USD,Christies,Pop Culture,N/A,"AN ACOUSTIC GUITAR, ROGER McGUINN SIGNATURE EDITION, HD-7",2026-03-17,,False,1,34.983005639589976,34.983005639589976
https://onlineonly.christies.com/s/jim-irsay-collection-online/c-f-martin-co-nazareth-pennsylvania-2002-408/288940?ldp_breadcrumb=back,6350.0,7620.0,6350.0,7620.0,3000.0,5000.0,3000.0,5000.0,USD,Christies,Pop Culture,N/A,"AN ACOUSTIC GUITAR, DAVID CROSBY SIGNATURE EDITION, D-18DC",2026-03-17,,False,1,37.00787401574803,-37.00787401574803
https://onlineonly.christies.com/s/jim-irsay-collection-online/fender-electric-instrument-co-fullerton-california-1984-446/288978?ldp_breadcrumb=back,3704.17,4445.0,3704.17,4445.0,5000.0,7000.0,5000.0,7000.0,USD,Christies,Pop Culture,N/A,"A SOLID-BODY ELECTRIC GUITAR, STRATOCASTER",2026-03-17,,False,1,61.97960676750797,61.97960676750797
https://onlineonly.christies.com/s/jim-irsay-collection-online/electric-guitar-amplifier-6155-electromatic-459/288990?ldp_breadcrumb=back,1481.67,1778.0,1481.67,1778.0,1000.0,1500.0,1000.0,1500.0,USD,Christies,Automotive,N/A,"VALCO, CHICAGO, ILLINOIS, FOR THE FRED GRETSCH MANUFACTURING COMPANY, CIRCA 1952",2026-03-17,,False,1,15.635735352676376,-15.635735352676376
https://onlineonly.christies.com/s/jim-irsay-collection-online/c-f-martin-co-nazareth-pennsylvania-2003-412/288944?ldp_breadcrumb=back,7408.33,8890.0,7408.33,8890.0,4000.0,6000.0,4000.0,6000.0,USD,Christies,Pop Culture,N/A,"AN ACOUSTIC GUITAR, MC-40EJ, ERIC JOHNSON SIGNATURE EDITION",2026-03-17,,False,1,32.50840607802298,-32.50840607802298
https://onlineonly.christies.com/s/jim-irsay-collection-online/c-f-martin-co-nazareth-pennsylvania-1941-402/288934?ldp_breadcrumb=back,4445.0,5334.0,4445.0,5334.0,3000.0,5000.0,3000.0,5000.0,USD,Christies,Pop Culture,N/A,"AN ACOUSTIC GUITAR, 0-15",2026-03-17,,False,1,10.011248593925758,-10.011248593925758
https://onlineonly.christies.com/s/jim-irsay-collection-online/hank-aaron-single-signed-baseball-display-481/289014?ldp_breadcrumb=back,1164.17,1397.0,1164.17,1397.0,300.0,500.0,300.0,500.0,USD,Christies,Sports,N/A,N/A,2026-03-17,,False,1,65.64075693412474,-65.64075693412474
https://onlineonly.christies.com/s/jim-irsay-collection-online/michael-cooper-limited-edition-genesis-publications-book-blinds-471/289003?ldp_breadcrumb=back,423.33,508.0,423.33,508.0,400.0,600.0,400.0,600.0,USD,Christies,Sports,N/A,N/A,2026-03-17,,False,1,18.111166229655357,18.111166229655357
https://onlineonly.christies.com/s/jim-irsay-collection-online/fender-musical-instrument-corp-corona-california-2018-451/288983?ldp_breadcrumb=back,6350.0,7620.0,6350.0,7620.0,3000.0,5000.0,3000.0,5000.0,USD,Christies,Pop Culture,N/A,"A SOLID-BODY ELECTRIC GUITAR, CUSTOM SHOP ’51 “NOCASTER”",2026-03-17,,False,1,37.00787401574803,-37.00787401574803
https://onlineonly.christies.com/s/jim-irsay-collection-online/joey-feldman-b-1970-485/289016?ldp_breadcrumb=back,1164.17,1397.0,1164.17,1397.0,200.0,300.0,200.0,300.0,USD,Christies,Pop Culture,N/A,H.S.T,2026-03-17,,False,1,78.52547308382796,-78.52547308382796
https://onlineonly.christies.com/s/jim-irsay-collection-online/fred-gretsch-manufacturing-corona-california-circa-2011-445/288976?ldp_breadcrumb=back,5080.0,6096.0,5080.0,6096.0,3000.0,5000.0,3000.0,5000.0,USD,Christies,Pop Culture,N/A,"A SEMI-SOLID-BODY ELECTRIC GUITAR, GEORGE HARRISON, G6128-GHT",2026-03-17,,False,1,21.25984251968504,-21.25984251968504
https://onlineonly.christies.com/s/jim-irsay-collection-online/dean-guitars-china-2017-436/288968?ldp_breadcrumb=back,1375.83,1651.0,1375.83,1651.0,600.0,800.0,600.0,800.0,USD,Christies,Pop Culture,N/A,"AN ACOUSTIC-ELECTRIC GUITAR, EK BKS",2026-03-17,,False,1,49.12162113051758,-49.12162113051758
https://onlineonly.christies.com/s/jim-irsay-collection-online/jerry-garcia-giclee-portrait-grace-slick-475/289008?ldp_breadcrumb=back,5291.67,6350.0,5291.67,6350.0,300.0,500.0,300.0,500.0,USD,Christies,Sports,N/A,N/A,2026-03-17,,False,1,92.44094964349628,-92.44094964349628
https://onlineonly.christies.com/s/jim-irsay-collection-online/aerosmith-signed-album-1973-470/289002?ldp_breadcrumb=back,1270.0,1524.0,1270.0,1524.0,600.0,800.0,600.0,800.0,USD,Christies,Sports,N/A,N/A,2026-03-17,,False,1,44.881889763779526,-44.881889763779526
https://onlineonly.christies.com/s/jim-irsay-collection-online/david-l-dart-navarro-california-2018-438/288970?ldp_breadcrumb=back,2751.67,3302.0,2751.67,3302.0,1000.0,1500.0,1000.0,1500.0,USD,Christies,Automotive,N/A,AN ACOUSTIC GUITAR WITH PARSONS STRINGBENDER,2026-03-17,,False,1,54.57304109867825,-54.57304109867825
https://onlineonly.christies.com/s/jim-irsay-collection-online/gibson-incorporated-kalamazoo-michigan-circa-1961-425/288957?ldp_breadcrumb=back,4021.67,4826.0,4021.67,4826.0,3000.0,5000.0,3000.0,5000.0,USD,Christies,Pop Culture,N/A,"A HOLLOW-BODY ELECTRIC GUITAR, ES-125 TC",2026-03-17,,False,1,0.5388308836876241,-0.5388308836876241
https://onlineonly.christies.com/s/jim-irsay-collection-online/c-f-martin-co-nazareth-pennsylvania-circa-2006-418/288950?ldp_breadcrumb=back,5820.83,6985.0,5820.83,6985.0,4000.0,6000.0,4000.0,6000.0,USD,Christies,Pop Culture,N/A,"AN ACOUSTIC-ELECTRIC ARCHTOP GUITAR, CF-1",2026-03-17,,False,1,14.101597194901759,-14.101597194901759
https://onlineonly.christies.com/s/jim-irsay-collection-online/beatles-concert-ticket-1966-467/288997?ldp_breadcrumb=back,2540.0,3048.0,2540.0,3048.0,100.0,200.0,100.0,200.0,USD,Christies,Sports,N/A,N/A,2026-03-17,,False,1,94.09448818897638,-94.09448818897638
https://onlineonly.christies.com/s/jim-irsay-collection-online/joe-walsh-guitar-slide-2023-463/288994?ldp_breadcrumb=back,1905.0,2286.0,1905.0,2286.0,100.0,200.0,100.0,200.0,USD,Christies,Sports,N/A,N/A,2026-03-17,,False,1,92.1259842519685,-92.1259842519685
https://onlineonly.christies.com/s/jim-irsay-collection-online/c-f-martin-co-nazareth-pennsylvania-2002-409/288941?ldp_breadcrumb=back,1905.0,2286.0,1905.0,2286.0,2500.0,3500.0,2500.0,3500.0,USD,Christies,Pop Culture,N/A,"AN ACOUSTIC-ELECTRIC BASS GUITAR, B-1E",2026-03-17,,False,1,57.48031496062992,57.48031496062992
https://onlineonly.christies.com/s/jim-irsay-collection-online/airline-guitars-south-korea-chicago-illinois-circa-2022-442/288974?ldp_breadcrumb=back,2751.67,3302.0,2751.67,3302.0,1000.0,1500.0,1000.0,1500.0,USD,Christies,Pop Culture,N/A,"A SEMI-SOLID-BODY ELECTRIC GUITAR, AIRLINE JETSONS DLX ’50 MAP",2026-03-17,,False,1,54.57304109867825,-54.57304109867825
https://onlineonly.christies.com/s/jim-irsay-collection-online/j-geils-band-peter-wolf-pair-stage-worn-boots-1976-472/289004?ldp_breadcrumb=back,1058.33,1270.0,1058.33,1270.0,400.0,600.0,400.0,600.0,USD,Christies,Sports,N/A,N/A,2026-03-17,,False,1,52.755756711044754,-52.755756711044754
https://onlineonly.christies.com/s/jim-irsay-collection-online/bohemian-guitars-atlanta-georgia-circa-2015-443/288975?ldp_breadcrumb=back,4021.67,4826.0,4021.67,4826.0,300.0,500.0,300.0,500.0,USD,Christies,Pop Culture,N/A,A NOVELTY ELECTRIC GUITAR,2026-03-17,,False,1,90.05388308836876,-90.05388308836876
https://onlineonly.christies.com/s/jim-irsay-collection-online/gibson-guitar-corp-bozeman-montana-2006-430/288962?ldp_breadcrumb=back,6350.0,7620.0,6350.0,7620.0,4000.0,6000.0,4000.0,6000.0,USD,Christies,Pop Culture,N/A,"AN ACOUSTIC GUITAR, CUSTOM SHOP J-45 VINE",2026-03-17,,False,1,21.25984251968504,-21.25984251968504
https://onlineonly.christies.com/s/jim-irsay-collection-online/gibson-guitar-corp-bozeman-montana-2006-429/288961?ldp_breadcrumb=back,2963.33,3556.0,2963.33,3556.0,2000.0,3000.0,2000.0,3000.0,USD,Christies,Pop Culture,N/A,"AN ACOUSTIC GUITAR, L-1, ROBERT JOHNSON",2026-03-17,,False,1,15.63545065854967,-15.63545065854967
https://onlineonly.christies.com/s/jim-irsay-collection-online/beatles-shea-stadium-ticket-stub-1966-468/289000?ldp_breadcrumb=back,4021.67,4826.0,4021.67,4826.0,300.0,500.0,300.0,500.0,USD,Christies,Sports,N/A,N/A,2026-03-17,,False,1,90.05388308836876,-90.05388308836876
https://onlineonly.christies.com/s/jim-irsay-collection-online/pink-floyd-tour-jacket-1994-473/289005?ldp_breadcrumb=back,1693.33,2032.0,1693.33,2032.0,200.0,300.0,200.0,300.0,USD,Christies,Sports,N/A,N/A,2026-03-17,,False,1,85.23619140982561,-85.23619140982561
https://onlineonly.christies.com/s/jim-irsay-collection-online/fender-musical-instrument-corp-corona-california-2007-447/288979?ldp_breadcrumb=back,9525.0,11430.0,9525.0,11430.0,6000.0,10000.0,6000.0,10000.0,USD,Christies,Pop Culture,N/A,CUSTOM SHOP SRV “LENNY’ STRATOCASTER,2026-03-17,,False,1,16.010498687664043,-16.010498687664043
https://onlineonly.christies.com/s/jim-irsay-collection-online/gibson-guitar-corp-nashville-tennessee-2005-428/288960?ldp_breadcrumb=back,6879.17,8255.0,6879.17,8255.0,6000.0,8000.0,6000.0,8000.0,USD,Christies,Pop Culture,N/A,"CUSTOM SHOP PETE TOWNSHEND NUMBER 1, LES PAUL DELUXE",2026-03-17,,False,1,1.7564618987465046,1.7564618987465046
https://onlineonly.christies.com/s/jim-irsay-collection-online/c-f-martin-co-nazareth-pennsylvania-2002-411/288943?ldp_breadcrumb=back,4233.33,5080.0,4233.33,5080.0,3000.0,5000.0,3000.0,5000.0,USD,Christies,Pop Culture,N/A,"AN ACOUSTIC GUITAR, D-28DM DEL MCCOURY SIGNATURE EDITION",2026-03-17,,False,1,5.511736623414662,-5.511736623414662
https://onlineonly.christies.com/s/jim-irsay-collection-online/electric-guitar-amplifier-6161-electromatic-460/288992?ldp_breadcrumb=back,2540.0,3048.0,2540.0,3048.0,1500.0,2500.0,1500.0,2500.0,USD,Christies,Automotive,N/A,"VALCO, CHICAGO, ILLINOIS, FOR THE FRED GRETSCH MANUFACTURING COMPANY, CIRCA 1954",2026-03-17,,False,1,21.25984251968504,-21.25984251968504
https://onlineonly.christies.com/s/jim-irsay-collection-online/vetsaid-2024-signed-squier-50s-stratocaster-456/288988?ldp_breadcrumb=back,2116.67,2540.0,2116.67,2540.0,1000.0,1500.0,1000.0,1500.0,USD,Christies,Pop Culture,N/A,"FENDER MUSICAL INSTRUMENT CORP., INDONESIA, 2023",2026-03-17,,False,1,40.94497488980332,-40.94497488980332
https://onlineonly.christies.com/s/jim-irsay-collection-online/c-f-martin-co-nazareth-pennsylvania-2003-404/288936?ldp_breadcrumb=back,6350.0,7620.0,6350.0,7620.0,4000.0,6000.0,4000.0,6000.0,USD,Christies,Pop Culture,N/A,"AN ACOUSTIC GUITAR, GRAHAM NASH SIGNATURE, 000-40Q2GN",2026-03-17,,False,1,21.25984251968504,-21.25984251968504
https://onlineonly.christies.com/s/jim-irsay-collection-online/fender-musical-instrument-corp-mexico-circa-2007-449/288981?ldp_breadcrumb=back,1058.33,1270.0,1058.33,1270.0,1000.0,2000.0,1000.0,2000.0,USD,Christies,Pop Culture,N/A,"A SOLID-BODY ELECTRIC GUITAR, TELECASTER",2026-03-17,,False,1,41.73272986686573,41.73272986686573
https://onlineonly.christies.com/s/jim-irsay-collection-online/gibson-guitar-corp-nashville-tennessee-2007-432/288964?ldp_breadcrumb=back,4445.0,5334.0,4445.0,5334.0,2500.0,4000.0,2500.0,4000.0,USD,Christies,Pop Culture,N/A,"A SOLID-BODY ELECTRIC GUITAR, LES PAUL ROBOT GUITAR",2026-03-17,,False,1,26.88413948256468,-26.88413948256468
https://onlineonly.christies.com/s/jim-irsay-collection-online/collings-guitars-austin-texas-2014-423/288955?ldp_breadcrumb=back,6350.0,7620.0,6350.0,7620.0,3000.0,5000.0,3000.0,5000.0,USD,Christies,Pop Culture,N/A,"AN ACOUSTIC GUITAR, MODEL C10 MH SB",2026-03-17,,False,1,37.00787401574803,-37.00787401574803
https://onlineonly.christies.com/s/jim-irsay-collection-online/tommy-the-hitman-hearns-autographed-boxing-gloves-476/289007?ldp_breadcrumb=back,1164.17,1397.0,1164.17,1397.0,200.0,300.0,200.0,300.0,USD,Christies,Sports,N/A,N/A,2026-03-17,,False,1,78.52547308382796,-78.52547308382796
https://onlineonly.christies.com/s/jim-irsay-collection-online/c-f-martin-co-nazareth-pennsylvania-2001-406/288938?ldp_breadcrumb=back,5820.83,6985.0,5820.83,6985.0,4000.0,6000.0,4000.0,6000.0,USD,Christies,Pop Culture,N/A,"AN ACOUSTIC GUITAR, ROGER McGUINN SIGNATURE EDITION, D12-42RM",2026-03-17,,False,1,14.101597194901759,-14.101597194901759
https://onlineonly.christies.com/s/jim-irsay-collection-online/gibson-guitar-corp-nashville-tennessee-2007-431/288963?ldp_breadcrumb=back,5291.67,6350.0,5291.67,6350.0,3000.0,5000.0,3000.0,5000.0,USD,Christies,Pop Culture,N/A,CUSTOM SHOP JOHN LENNON LES PAUL JUNIOR,2026-03-17,,False,1,24.409496434962875,-24.409496434962875
https://onlineonly.christies.com/s/jim-irsay-collection-online/gibson-incorporated-kalamazoo-michigan-circa-1946-424/288956?ldp_breadcrumb=back,8466.67,10160.0,8466.67,10160.0,3000.0,5000.0,3000.0,5000.0,USD,Christies,Automotive,N/A,"AN ACOUSTIC GUITAR, LG-2",2026-03-17,,False,1,52.7559241118409,-52.7559241118409
https://onlineonly.christies.com/s/jim-irsay-collection-online/c-f-martin-co-nazareth-pennsylvania-2001-405/288937?ldp_breadcrumb=back,7408.33,8890.0,7408.33,8890.0,5000.0,8000.0,5000.0,8000.0,USD,Christies,Pop Culture,N/A,"AN ACOUSTIC GUITAR, DAN FOGELBERG SIGNATURE EDITION, D-41DF",2026-03-17,,False,1,12.260927901429877,-12.260927901429877
https://onlineonly.christies.com/s/jim-irsay-collection-online/byrds-concert-poster-1966-466/288999?ldp_breadcrumb=back,2328.33,2794.0,2328.33,2794.0,600.0,800.0,600.0,800.0,USD,Christies,Sports,N/A,N/A,2026-03-17,,False,1,69.93553319331882,-69.93553319331882
https://onlineonly.christies.com/s/jim-irsay-collection-online/full-size-aluminum-double-string-bass-462/288993?ldp_breadcrumb=back,11641.67,13970.0,11641.67,13970.0,6000.0,8000.0,6000.0,8000.0,USD,Christies,Automotive,N/A,"PROBABLY THE ALUMINUM COMPANY OF AMERICA, BUFFALO, NEW YORK, CIRCA 1932",2026-03-17,,False,1,39.87116968613609,-39.87116968613609
https://onlineonly.christies.com/s/jim-irsay-collection-online/fender-musical-instrument-corp-corona-california-2023-454/288985?ldp_breadcrumb=back,3704.17,4445.0,3704.17,4445.0,1000.0,1500.0,1000.0,1500.0,USD,Christies,Pop Culture,N/A,"A SOLID-BODY ELECTRIC GUITAR, PRO II, B-BENDER TELECASTER",2026-03-17,,False,1,66.2542485901025,-66.2542485901025
https://onlineonly.christies.com/s/jim-irsay-collection-online/c-f-martin-co-nazareth-pennsylvania-1936-401/288933?ldp_breadcrumb=back,7937.5,9525.0,7937.5,9525.0,3000.0,5000.0,3000.0,5000.0,USD,Christies,Pop Culture,N/A,"AN ACOUSTIC GUITAR, 0-17",2026-03-17,,False,1,49.60629921259842,-49.60629921259842
https://onlineonly.christies.com/s/jim-irsay-collection-online/ludwig-drum-company-monroe-north-carolina-modern-464/288996?ldp_breadcrumb=back,317.5,381.0,317.5,381.0,100.0,200.0,100.0,200.0,USD,Christies,Pop Culture,N/A,A SUPRALITE SNARE DRUM,2026-03-17,,False,1,52.75590551181102,-52.75590551181102
https://onlineonly.christies.com/s/jim-irsay-collection-online/fender-musical-instrument-corp-corona-california-2023-453/288986?ldp_breadcrumb=back,1587.5,1905.0,1587.5,1905.0,1000.0,1500.0,1000.0,1500.0,USD,Christies,Pop Culture,N/A,"A SOLID-BODY ELECTRIC GUITAR, PRO II, B-BENDER TELECASTER",2026-03-17,,False,1,21.25984251968504,-21.25984251968504
https://onlineonly.christies.com/s/jim-irsay-collection-online/c-f-martin-co-nazareth-pennsylvania-circa-2004-416/288948?ldp_breadcrumb=back,16933.33,20320.0,16933.33,20320.0,3000.0,5000.0,3000.0,5000.0,USD,Christies,Pop Culture,N/A,"AN ACOUSTIC-ELECTRIC RESONATOR GUITAR, ALTERNATIVE II",2026-03-17,,False,1,76.3779481058953,-76.3779481058953
https://onlineonly.christies.com/s/jim-irsay-collection-online/steven-van-zandt-signed-fender-stratocaster-455/288987?ldp_breadcrumb=back,4021.67,4826.0,4021.67,4826.0,300.0,500.0,300.0,500.0,USD,Christies,Pop Culture,N/A,"FENDER MUSICAL INSTRUMENT CORP., MEXICO, 2023",2026-03-17,,False,1,90.05388308836876,-90.05388308836876
https://onlineonly.christies.com/s/jim-irsay-collection-online/gas-pump-guitar-display-case-458/288991?ldp_breadcrumb=back,2751.67,3302.0,2751.67,3302.0,2000.0,3000.0,2000.0,3000.0,USD,Christies,Automotive,N/A,"ROADSIDE RELICS FOR FENDER CUSTOM SHOP, GLENDALE, ARIZONA, EARLY 2000S",2026-03-17,,False,1,9.146082197356517,-9.146082197356517
https://onlineonly.christies.com/s/jim-irsay-collection-online/kurt-vonnegut-1922-2007-and-joe-petro-iii-b-1956-484/289013?ldp_breadcrumb=back,4233.33,5080.0,4233.33,5080.0,100.0,200.0,100.0,200.0,USD,Christies,Pop Culture,N/A,Confetti #34,2026-03-17,,False,1,96.45669012337805,-96.45669012337805
https://onlineonly.christies.com/s/jim-irsay-collection-online/kenny-wayne-shepherd-signed-fender-signature-stratocaster-452/288984?ldp_breadcrumb=back,3704.17,4445.0,3704.17,4445.0,2000.0,3000.0,2000.0,3000.0,USD,Christies,Pop Culture,N/A,"FENDER MUSICAL INSTRUMENT CORP., CORONA, CALIFORNIA, 2021",2026-03-17,,False,1,32.50849718020501,-32.50849718020501
https://onlineonly.christies.com/s/jim-irsay-collection-online/fender-musical-instrument-corp-corona-california-2015-450/288982?ldp_breadcrumb=back,4233.33,5080.0,4233.33,5080.0,3000.0,5000.0,3000.0,5000.0,USD,Christies,Pop Culture,N/A,"A SOLID-BODY ELECTRIC GUITAR, ’60 TELECASTER CUSTOM RELIC",2026-03-17,,False,1,5.511736623414662,-5.511736623414662
https://onlineonly.christies.com/s/jim-irsay-collection-online/c-f-martin-co-nazareth-pennsylvania-2009-420/288952?ldp_breadcrumb=back,7937.5,9525.0,7937.5,9525.0,3000.0,5000.0,3000.0,5000.0,USD,Christies,Pop Culture,N/A,"AN ACOUSTIC GUITAR, STEVE EARLE CUSTOM EDITION, M-21SE",2026-03-17,,False,1,49.60629921259842,-49.60629921259842
https://onlineonly.christies.com/s/jim-irsay-collection-online/david-l-dart-navarro-california-2018-437/288969?ldp_breadcrumb=back,3175.0,3810.0,3175.0,3810.0,1000.0,1500.0,1000.0,1500.0,USD,Christies,Automotive,N/A,AN ACOUSTIC GUITAR WITH PARSONS STRINGBENDER,2026-03-17,,False,1,60.62992125984252,-60.62992125984252
https://onlineonly.christies.com/s/jim-irsay-collection-online/beatles-signed-photograph-album-page-circa-1967-469/289001?ldp_breadcrumb=back,9525.0,11430.0,9525.0,11430.0,3000.0,5000.0,3000.0,5000.0,USD,Christies,Sports,N/A,N/A,2026-03-17,,False,1,58.00524934383202,-58.00524934383202
https://onlineonly.christies.com/s/jim-irsay-collection-online/gibson-guitar-corp-bozeman-montana-2014-435/288967?ldp_breadcrumb=back,21166.67,25400.0,21166.67,25400.0,5000.0,7000.0,5000.0,7000.0,USD,Christies,Pop Culture,N/A,"AN ACOUSTIC GUITAR, CUSTOM SHOP BOB DYLAN J-200",2026-03-17,,False,1,71.65354777109484,-71.65354777109484
https://onlineonly.christies.com/s/jim-irsay-collection-online/c-f-martin-co-nazareth-pennsylvania-2003-415/288947?ldp_breadcrumb=back,11641.67,13970.0,11641.67,13970.0,2000.0,3000.0,2000.0,3000.0,USD,Christies,Pop Culture,N/A,"A HOLLOW-BODY ELECTRIC GUITAR, ALTERNATIVE XT",2026-03-17,,False,1,78.5254177450486,-78.5254177450486
https://onlineonly.christies.com/s/jim-irsay-collection-online/fender-musical-instrument-corp-corona-california-2004-448/288980?ldp_breadcrumb=back,4762.5,5715.0,4762.5,5715.0,3000.0,5000.0,3000.0,5000.0,USD,Christies,Pop Culture,N/A,"A SOLID-BODY ELECTRIC GUITAR, CUSTOM SHOP 50TH ANNIVERSARY STRATOCASTER",2026-03-17,,False,1,16.010498687664043,-16.010498687664043
https://onlineonly.christies.com/s/jim-irsay-collection-online/electric-guitar-amplifier-ac15c-461/288995?ldp_breadcrumb=back,1164.17,1397.0,1164.17,1397.0,800.0,1200.0,800.0,1200.0,USD,Christies,Automotive,N/A,N/A,2026-03-17,,False,1,14.101892335311858,-14.101892335311858
https://onlineonly.christies.com/s/jim-irsay-collection-online/phil-kubicki-guitars-santa-barbara-california-1981-439/288971?ldp_breadcrumb=back,1058.33,1270.0,1058.33,1270.0,1000.0,1500.0,1000.0,1500.0,USD,Christies,Pop Culture,N/A,"A SOLID-BODY MINI-ELECTRIC GUITAR, EXPRESS",2026-03-17,,False,1,18.11060822238811,18.11060822238811
https://freemansauction.com/auction/6514-sports-memorabilia/lot/1,4250.0,5227.5,4250.0,5227.5,2000.0,3000.0,2000.0,3000.0,USD,Freemans,Sports,Baseball,A 1954 Topps Hank Aaron Rookie Baseball Card No. 128 (PSA 2 GOOD) from The Collection of David Eisenhower,2026-04-09,https://freemansauction.com/auctions/6514-sports-memorabilia,False,1,41.1764705882353,-41.1764705882353
https://freemansauction.com/auction/6514-sports-memorabilia/lot/2,1900.0,2337.0,1900.0,2337.0,1500.0,2500.0,1500.0,2500.0,USD,Freemans,Sports,Baseball,A 1954 Topps Ernie Banks Rookie Baseball Card No. 94 (PSA 6 EX-MT MC) from The Collection of David Eisenhower,2026-04-09,https://freemansauction.com/auctions/6514-sports-memorabilia,False,1,5.2631578947368425,5.2631578947368425
https://freemansauction.com/auction/6514-sports-memorabilia/lot/3,2000.0,2460.0,2000.0,2460.0,800.0,1200.0,800.0,1200.0,USD,Freemans,Sports,Baseball,A 1954 Topps Al Kaline Rookie Baseball Card No. 201 (PSA 5 EX) from The Collection of David Eisenhower,2026-04-09,https://freemansauction.com/auctions/6514-sports-memorabilia,False,1,50.0,-50.0
https://freemansauction.com/auction/6514-sports-memorabilia/lot/4,950.0,1168.5,950.0,1168.5,500.0,700.0,500.0,700.0,USD,Freemans,Sports,Baseball,A 1954 Topps Willie Mays Baseball Card No. 90 (PSA 4 VG-EX) from The Collection of David Eisenhower,2026-04-09,https://freemansauction.com/auctions/6514-sports-memorabilia,False,1,36.8421052631579,-36.8421052631579
https://freemansauction.com/auction/6514-sports-memorabilia/lot/5,1000.0,1230.0,1000.0,1230.0,400.0,600.0,400.0,600.0,USD,Freemans,Sports,Baseball,A 1954 Topps Jackie Robinson Baseball Card No. 10 (PSA 3 VG) from The Collection of David Eisenhower,2026-04-09,https://freemansauction.com/auctions/6514-sports-memorabilia,False,1,50.0,-50.0
https://freemansauction.com/auction/6514-sports-memorabilia/lot/6,450.0,553.5,450.0,553.5,200.0,300.0,200.0,300.0,USD,Freemans,Sports,Baseball,A 1954 Topps Ted Williams Baseball Card No. 1 (PSA 3 VG) from The Collection of David Eisenhower,2026-04-09,https://freemansauction.com/auctions/6514-sports-memorabilia,False,1,44.44444444444444,-44.44444444444444
https://freemansauction.com/auction/6514-sports-memorabilia/lot/7,200.0,246.0,200.0,246.0,200.0,300.0,200.0,300.0,USD,Freemans,Sports,Baseball,A 1954 Topps Ted Williams Baseball Card No. 250 (PSA 2 GOOD) from The Collection of David Eisenhower,2026-04-09,https://freemansauction.com/auctions/6514-sports-memorabilia,False,1,25.0,25.0
https://freemansauction.com/auction/6514-sports-memorabilia/lot/8,700.0,861.0,700.0,861.0,300.0,500.0,300.0,500.0,USD,Freemans,Sports,Baseball,A 1954 Topps Ted Williams Baseball Card No. 250 (PSA 4 VG-EX) from The Collection of David Eisenhower,2026-04-09,https://freemansauction.com/auctions/6514-sports-memorabilia,False,1,42.857142857142854,-42.857142857142854
https://freemansauction.com/auction/6514-sports-memorabilia/lot/9,4000.0,4920.0,4000.0,4920.0,1000.0,2000.0,1000.0,2000.0,USD,Freemans,Sports,Baseball,A Near Set of 1954 Topps Baseball Cards (240/250) from The Collection of David Eisenhower,2026-04-09,https://freemansauction.com/auctions/6514-sports-memorabilia,False,1,62.5,-62.5
https://freemansauction.com/auction/6514-sports-memorabilia/lot/10,300.0,369.0,300.0,369.0,200.0,300.0,200.0,300.0,USD,Freemans,Sports,Baseball,A 1955 Topps Hank Aaron Baseball Card No. 47 (PSA 2 GOOD) from The Collection of David Eisenhower,2026-04-09,https://freemansauction.com/auctions/6514-sports-memorabilia,False,1,16.666666666666668,-16.666666666666668
https://freemansauction.com/auction/6514-sports-memorabilia/lot/11,900.0,1107.0,900.0,1107.0,400.0,600.0,400.0,600.0,USD,Freemans,Sports,Baseball,A 1955 Topps Hank Aaron Baseball Card No. 47 (PSA 4 VG-EX) from The Collection of David Eisenhower,2026-04-09,https://freemansauction.com/auctions/6514-sports-memorabilia,False,1,44.44444444444444,-44.44444444444444
https://freemansauction.com/auction/6514-sports-memorabilia/lot/12,200.0,246.0,200.0,246.0,100.0,200.0,100.0,200.0,USD,Freemans,Sports,Baseball,A 1955 Topps Ernie Banks Baseball Card No. 28 (PSA 3 VG) from The Collection of David Eisenhower,2026-04-09,https://freemansauction.com/auctions/6514-sports-memorabilia,False,1,25.0,-25.0
https://freemansauction.com/auction/6514-sports-memorabilia/lot/13,400.0,492.0,400.0,492.0,300.0,500.0,300.0,500.0,USD,Freemans,Sports,Baseball,A 1955 Topps Ernie Banks Baseball Card No. 28 (PSA 6 EX-MT) from The Collection of David Eisenhower,2026-04-09,https://freemansauction.com/auctions/6514-sports-memorabilia,False,1,0.0,0.0
https://freemansauction.com/auction/6514-sports-memorabilia/lot/14,550.0,676.5,550.0,676.5,400.0,600.0,400.0,600.0,USD,Freemans,Sports,Baseball,A 1955 Topps Harmon Killebrew Rookie Baseball Card No. 124 (PSA 6 EX-MT) from The Collection of David Eisenhower,2026-04-09,https://freemansauction.com/auctions/6514-sports-memorabilia,False,1,9.090909090909092,-9.090909090909092
https://freemansauction.com/auction/6514-sports-memorabilia/lot/15,300.0,369.0,300.0,369.0,200.0,300.0,200.0,300.0,USD,Freemans,Sports,Baseball,A 1955 Topps Ted Williams Baseball Card No. 2 (PSA 3 VG) from The Collection of David Eisenhower,2026-04-09,https://freemansauction.com/auctions/6514-sports-memorabilia,False,1,16.666666666666668,-16.666666666666668
https://freemansauction.com/auction/6514-sports-memorabilia/lot/16,1500.0,1845.0,1500.0,1845.0,1000.0,2000.0,1000.0,2000.0,USD,Freemans,Sports,Baseball,A 1955 Topps Sandy Koufax Rookie Baseball Card No. 123 (PSA 4 VG-EX) from The Collection of David Eisenhower,2026-04-09,https://freemansauction.com/auctions/6514-sports-memorabilia,False,1,0.0,0.0
https://freemansauction.com/auction/6514-sports-memorabilia/lot/17,1400.0,1722.0,1400.0,1722.0,1000.0,2000.0,1000.0,2000.0,USD,Freemans,Sports,Baseball,A Near Set of 1955 Topps Baseball Cards (194/206) from The Collection of David Eisenhower,2026-04-09,https://freemansauction.com/auctions/6514-sports-memorabilia,False,1,7.142857142857143,7.142857142857143
https://freemansauction.com/auction/6514-sports-memorabilia/lot/18,350.0,430.5,350.0,430.5,300.0,500.0,300.0,500.0,USD,Freemans,Sports,Baseball,A 1956 Topps Hank Aaron Baseball Card No. 31 (PSA 4 VG-EX) from The Collection of David Eisenhower,2026-04-09,https://freemansauction.com/auctions/6514-sports-memorabilia,False,1,14.285714285714286,14.285714285714286
https://freemansauction.com/auction/6514-sports-memorabilia/lot/19,500.0,615.0,500.0,615.0,300.0,500.0,300.0,500.0,USD,Freemans,Sports,Baseball,A 1956 Topps Luis Aparicio Rookie Baseball Card No. 292 (PSA 7 NM) from The Collection of David Eisenhower,2026-04-09,https://freemansauction.com/auctions/6514-sports-memorabilia,False,1,20.0,-20.0
https://freemansauction.com/auction/6514-sports-memorabilia/lot/20,150.0,184.5,150.0,184.5,100.0,200.0,100.0,200.0,USD,Freemans,Sports,Baseball,A 1956 Topps Ernie Banks Baseball Card No. 15 (PSA 4 VG-EX) from The Collection of David Eisenhower,2026-04-09,https://freemansauction.com/auctions/6514-sports-memorabilia,False,1,0.0,0.0
https://freemansauction.com/auction/6514-sports-memorabilia/lot/21,500.0,615.0,500.0,615.0,400.0,600.0,400.0,600.0,USD,Freemans,Sports,Baseball,A 1956 Topps Roberto Clemente Baseball Card No. 33 (PSA 4 VG-EX) from The Collection of David Eisenhower,2026-04-09,https://freemansauction.com/auctions/6514-sports-memorabilia,False,1,0.0,0.0
https://freemansauction.com/auction/6514-sports-memorabilia/lot/22,350.0,430.5,350.0,430.5,250.0,350.0,250.0,350.0,USD,Freemans,Sports,Baseball,A 1956 Topps Harmon Killebrew Baseball Card No. 164 (PSA 7 NM) from The Collection of David Eisenhower,2026-04-09,https://freemansauction.com/auctions/6514-sports-memorabilia,False,1,14.285714285714286,-14.285714285714286
https://freemansauction.com/auction/6514-sports-memorabilia/lot/23,450.0,553.5,450.0,553.5,250.0,350.0,250.0,350.0,USD,Freemans,Sports,Baseball,A 1956 Topps Sandy Koufax Baseball Card No. 79 (PSA 3 VG) from The Collection of David Eisenhower,2026-04-09,https://freemansauction.com/auctions/6514-sports-memorabilia,False,1,33.333333333333336,-33.333333333333336
https://freemansauction.com/auction/6514-sports-memorabilia/lot/24,2000.0,2460.0,2000.0,2460.0,1200.0,1800.0,1200.0,1800.0,USD,Freemans,Sports,Baseball,A 1956 Topps Mickey Mantle Baseball Card - Gray Back No. 135 (PSA 3 VG) from The Collection of David Eisenhower,2026-04-09,https://freemansauction.com/auctions/6514-sports-memorabilia,False,1,25.0,-25.0
https://freemansauction.com/auction/6514-sports-memorabilia/lot/25,500.0,615.0,500.0,615.0,400.0,600.0,400.0,600.0,USD,Freemans,Sports,Baseball,A 1956 Topps Willie Mays Baseball Card No. 130 (PSA 4 VG-EX) from The Collection of David Eisenhower,2026-04-09,https://freemansauction.com/auctions/6514-sports-memorabilia,False,1,0.0,0.0
https://freemansauction.com/auction/6514-sports-memorabilia/lot/26,850.0,1045.5,850.0,1045.5,600.0,800.0,600.0,800.0,USD,Freemans,Sports,Baseball,A 1956 Topps Jackie Robinson Baseball Card No. 30 (PSA 4 VG-EX) from The Collection of David Eisenhower,2026-04-09,https://freemansauction.com/auctions/6514-sports-memorabilia,False,1,17.647058823529413,-17.647058823529413
https://freemansauction.com/auction/6514-sports-memorabilia/lot/27,400.0,492.0,400.0,492.0,200.0,300.0,200.0,300.0,USD,Freemans,Sports,Baseball,A 1956 Topps Ted Williams Baseball Card White Back No. 5 (PSA 4 VG-EX) from The Collection of David Eisenhower,2026-04-09,https://freemansauction.com/auctions/6514-sports-memorabilia,False,1,37.5,-37.5
https://freemansauction.com/auction/6514-sports-memorabilia/lot/28,6000.0,7380.0,6000.0,7380.0,6000.0,8000.0,6000.0,8000.0,USD,Freemans,Sports,Baseball,A Complete Set of 1956 Topps Baseball Cards (340/340) from The Collection of David Eisenhower,2026-04-09,https://freemansauction.com/auctions/6514-sports-memorabilia,False,1,16.666666666666668,16.666666666666668
https://freemansauction.com/auction/6514-sports-memorabilia/lot/29,1700.0,2091.0,1700.0,2091.0,1000.0,2000.0,1000.0,2000.0,USD,Freemans,Sports,Baseball,A Near Set of 1956 Topps Baseball Cards (325/340) from The Collection of David Eisenhower,2026-04-09,https://freemansauction.com/auctions/6514-sports-memorabilia,False,1,11.764705882352942,-11.764705882352942
https://freemansauction.com/auction/6514-sports-memorabilia/lot/30,350.0,430.5,350.0,430.5,250.0,350.0,250.0,350.0,USD,Freemans,Sports,Baseball,A 1957 Topps Hank Aaron Baseball Card No. 20 (PSA 4 VG-EX) from The Collection of David Eisenhower,2026-04-09,https://freemansauction.com/auctions/6514-sports-memorabilia,False,1,14.285714285714286,-14.285714285714286
https://freemansauction.com/auction/6514-sports-memorabilia/lot/31,300.0,369.0,300.0,369.0,100.0,200.0,100.0,200.0,USD,Freemans,Sports,Baseball,A 1957 Topps Roberto Clemente Baseball Card No. 76 (PSA 3 VG) from The Collection of David Eisenhower,2026-04-09,https://freemansauction.com/auctions/6514-sports-memorabilia,False,1,50.0,-50.0
https://freemansauction.com/auction/6514-sports-memorabilia/lot/32,150.0,184.5,150.0,184.5,100.0,200.0,100.0,200.0,USD,Freemans,Sports,Baseball,A 1957 Topps Don Drysdale Rookie Baseball Card No. 18 (PSA 4 VG-EX) from The Collection of David Eisenhower,2026-04-09,https://freemansauction.com/auctions/6514-sports-memorabilia,False,1,0.0,0.0
https://freemansauction.com/auction/6514-sports-memorabilia/lot/33,500.0,615.0,500.0,615.0,400.0,600.0,400.0,600.0,USD,Freemans,Sports,Baseball,A 1957 Topps Sandy Koufax Baseball Card No. 302 (PSA 6 EX-MT) from The Collection of David Eisenhower,2026-04-09,https://freemansauction.com/auctions/6514-sports-memorabilia,False,1,0.0,0.0
https://freemansauction.com/auction/6514-sports-memorabilia/lot/34,1300.0,1599.0,1300.0,1599.0,500.0,700.0,500.0,700.0,USD,Freemans,Sports,Baseball,A 1957 Topps Mickey Mantle Baseball Card No. 95 (PSA 3 VG) from The Collection of David Eisenhower,2026-04-09,https://freemansauction.com/auctions/6514-sports-memorabilia,False,1,53.84615384615385,-53.84615384615385
https://freemansauction.com/auction/6514-sports-memorabilia/lot/35,200.0,246.0,200.0,246.0,150.0,250.0,150.0,250.0,USD,Freemans,Sports,Baseball,A 1957 Topps Willie Mays Baseball Card No. 10 (PSA 3 VG) from The Collection of David Eisenhower,2026-04-09,https://freemansauction.com/auctions/6514-sports-memorabilia,False,1,0.0,0.0
https://freemansauction.com/auction/6514-sports-memorabilia/lot/36,600.0,738.0,600.0,738.0,400.0,600.0,400.0,600.0,USD,Freemans,Sports,Baseball,A 1957 Topps Frank Robinson Rookie Baseball Card No. 35 (PSA 6 EX-MT) from The Collection of David Eisenhower,2026-04-09,https://freemansauction.com/auctions/6514-sports-memorabilia,False,1,16.666666666666668,-16.666666666666668
https://freemansauction.com/auction/6514-sports-memorabilia/lot/37,4750.0,5842.5,4750.0,5842.5,4000.0,6000.0,4000.0,6000.0,USD,Freemans,Sports,Baseball,A Complete Set of 1957 Topps Baseball Cards (407/407) from The Collection of David Eisenhower,2026-04-09,https://freemansauction.com/auctions/6514-sports-memorabilia,False,1,5.2631578947368425,5.2631578947368425
https://freemansauction.com/auction/6514-sports-memorabilia/lot/38,1700.0,2091.0,1700.0,2091.0,1000.0,2000.0,1000.0,2000.0,USD,Freemans,Sports,Baseball,A Near Set of 1957 Topps Baseball Cards (395/407) from The Collection of David Eisenhower,2026-04-09,https://freemansauction.com/auctions/6514-sports-memorabilia,False,1,11.764705882352942,-11.764705882352942
https://freemansauction.com/auction/6514-sports-memorabilia/lot/39,200.0,246.0,200.0,246.0,100.0,200.0,100.0,200.0,USD,Freemans,Sports,Baseball,A 1958 Topps Hank Aaron Baseball Card No. 30 (PSA 3 VG) from The Collection of David Eisenhower,2026-04-09,https://freemansauction.com/auctions/6514-sports-memorabilia,False,1,25.0,-25.0
https://freemansauction.com/auction/6514-sports-memorabilia/lot/40,200.0,246.0,200.0,246.0,100.0,200.0,100.0,200.0,USD,Freemans,Sports,Baseball,A 1958 Topps Orlando Cepeda Rookie Baseball Card No. 343 (PSA 4 VG-EX) from The Collection of David Eisenhower,2026-04-09,https://freemansauction.com/auctions/6514-sports-memorabilia,False,1,25.0,-25.0
https://freemansauction.com/auction/6514-sports-memorabilia/lot/41,750.0,922.5,750.0,922.5,400.0,600.0,400.0,600.0,USD,Freemans,Sports,Baseball,A 1958 Topps Mickey Mantle Baseball Card No. 150 (PSA 3 VG) from The Collection of David Eisenhower,2026-04-09,https://freemansauction.com/auctions/6514-sports-memorabilia,False,1,33.333333333333336,-33.333333333333336
https://freemansauction.com/auction/6514-sports-memorabilia/lot/42,350.0,430.5,350.0,430.5,100.0,200.0,100.0,200.0,USD,Freemans,Sports,Baseball,A 1958 Topps Mickey Mantle All Star Baseball Card No. 487 (PSA 2 GOOD) from The Collection of David Eisenhower,2026-04-09,https://freemansauction.com/auctions/6514-sports-memorabilia,False,1,57.142857142857146,-57.142857142857146
https://freemansauction.com/auction/6514-sports-memorabilia/lot/43,1400.0,1722.0,1400.0,1722.0,700.0,900.0,700.0,900.0,USD,Freemans,Sports,Baseball,A Near Set of 1958 Topps Baseball Cards (434/494) from The Collection of David Eisenhower,2026-04-09,https://freemansauction.com/auctions/6514-sports-memorabilia,False,1,42.857142857142854,-42.857142857142854
https://freemansauction.com/auction/6514-sports-memorabilia/lot/44,250.0,307.5,250.0,307.5,100.0,200.0,100.0,200.0,USD,Freemans,Sports,Baseball,A 1959 Topps Hank Aaron Baseball Card No. 380 (PSA 4 VG-EX) from The Collection of David Eisenhower,2026-04-09,https://freemansauction.com/auctions/6514-sports-memorabilia,False,1,40.0,-40.0
https://freemansauction.com/auction/6514-sports-memorabilia/lot/45,600.0,738.0,600.0,738.0,500.0,700.0,500.0,700.0,USD,Freemans,Sports,Baseball,A 1959 Topps Bob Gibson Rookie Baseball Card No. 514 (PSA 4 VG-EX) from The Collection of David Eisenhower,2026-04-09,https://freemansauction.com/auctions/6514-sports-memorabilia,False,1,0.0,0.0
https://freemansauction.com/auction/6514-sports-memorabilia/lot/46,250.0,307.5,250.0,307.5,150.0,250.0,150.0,250.0,USD,Freemans,Sports,Baseball,A 1959 Topps Willie Mays Baseball Card No. 50 (PSA 4 VG-EX) from The Collection of David Eisenhower,2026-04-09,https://freemansauction.com/auctions/6514-sports-memorabilia,False,1,20.0,-20.0
https://freemansauction.com/auction/6514-sports-memorabilia/lot/47,4250.0,5227.5,4250.0,5227.5,3000.0,5000.0,3000.0,5000.0,USD,Freemans,Sports,Baseball,A Complete Set of 1959 Topps Baseball Cards (572/572) from The Collection of David Eisenhower,2026-04-09,https://freemansauction.com/auctions/6514-sports-memorabilia,False,1,5.882352941176471,-5.882352941176471
https://freemansauction.com/auction/6514-sports-memorabilia/lot/48,1200.0,1476.0,1200.0,1476.0,700.0,900.0,700.0,900.0,USD,Freemans,Sports,Baseball,A Near Set of 1959 Topps Baseball Cards (550/572) from The Collection of David Eisenhower,2026-04-09,https://freemansauction.com/auctions/6514-sports-memorabilia,False,1,33.333333333333336,-33.333333333333336
https://freemansauction.com/auction/6514-sports-memorabilia/lot/49,100.0,123.0,100.0,123.0,75.0,150.0,75.0,150.0,USD,Freemans,Sports,Baseball,A 1960 Topps Ernie Banks Baseball Card No. 10 (PSA 4 VG-EX) from The Collection of David Eisenhower,2026-04-09,https://freemansauction.com/auctions/6514-sports-memorabilia,False,1,12.5,12.5
https://freemansauction.com/auction/6514-sports-memorabilia/lot/50,250.0,307.5,250.0,307.5,100.0,200.0,100.0,200.0,USD,Freemans,Sports,Baseball,A 1960 Topps Roberto Clemente Baseball CardNo. 326 (PSA 4 VG-EX) from The Collection of David Eisenhower,2026-04-09,https://freemansauction.com/auctions/6514-sports-memorabilia,False,1,40.0,-40.0
https://freemansauction.com/auction/6514-sports-memorabilia/lot/51,150.0,184.5,150.0,184.5,100.0,200.0,100.0,200.0,USD,Freemans,Sports,Baseball,A 1960 Topps Sandy Koufax Baseball Card No. 343 (PSA 4 VG-EX) from The Collection of David Eisenhower,2026-04-09,https://freemansauction.com/auctions/6514-sports-memorabilia,False,1,0.0,0.0
https://freemansauction.com/auction/6514-sports-memorabilia/lot/52,600.0,738.0,600.0,738.0,400.0,600.0,400.0,600.0,USD,Freemans,Sports,Baseball,A 1960 Topps Mickey Mantle Baseball Card No. 350 (PSA 4 VG-EX) from The Collection of David Eisenhower,2026-04-09,https://freemansauction.com/auctions/6514-sports-memorabilia,False,1,16.666666666666668,-16.666666666666668
https://freemansauction.com/auction/6514-sports-memorabilia/lot/53,800.0,984.0,800.0,984.0,600.0,800.0,600.0,800.0,USD,Freemans,Sports,Baseball,A 1960 Topps Mickey Mantle All Star Baseball Card No. 563 (PSA 7 NM) from The Collection of David Eisenhower,2026-04-09,https://freemansauction.com/auctions/6514-sports-memorabilia,False,1,12.5,-12.5
https://freemansauction.com/auction/6514-sports-memorabilia/lot/54,450.0,553.5,450.0,553.5,300.0,500.0,300.0,500.0,USD,Freemans,Sports,Baseball,A 1960 Topps Willie Mays Baseball Card No. 200 (PSA 6 EX-MT) from The Collection of David Eisenhower,2026-04-09,https://freemansauction.com/auctions/6514-sports-memorabilia,False,1,11.11111111111111,-11.11111111111111
https://freemansauction.com/auction/6514-sports-memorabilia/lot/55,300.0,369.0,300.0,369.0,200.0,300.0,200.0,300.0,USD,Freemans,Sports,Baseball,A 1960 Topps Carl Yastrzemski Rookie Baseball Card No. 148 (PSA 5 EX) from The Collection of David Eisenhower,2026-04-09,https://freemansauction.com/auctions/6514-sports-memorabilia,False,1,16.666666666666668,-16.666666666666668
https://freemansauction.com/auction/6514-sports-memorabilia/lot/56,1400.0,1722.0,1400.0,1722.0,800.0,1200.0,800.0,1200.0,USD,Freemans,Sports,Baseball,A Near Set of 1960 Topps Baseball Cards (563/572) from The Collection of David Eisenhower,2026-04-09,https://freemansauction.com/auctions/6514-sports-memorabilia,False,1,28.571428571428573,-28.571428571428573
https://freemansauction.com/auction/6514-sports-memorabilia/lot/57,200.0,246.0,200.0,246.0,100.0,200.0,100.0,200.0,USD,Freemans,Sports,Baseball,A 1961 Topps Roberto Clemente Baseball Card No. 388 (PSA 5 EX) from The Collection of David Eisenhower,2026-04-09,https://freemansauction.com/auctions/6514-sports-memorabilia,False,1,25.0,-25.0
https://freemansauction.com/auction/6514-sports-memorabilia/lot/58,1100.0,1353.0,1100.0,1353.0,800.0,1200.0,800.0,1200.0,USD,Freemans,Sports,Baseball,A 1961 Topps Mickey Mantle Baseball Card No. 300 (PSA 6 EX-MT) from The Collection of David Eisenhower,2026-04-09,https://freemansauction.com/auctions/6514-sports-memorabilia,False,1,9.090909090909092,-9.090909090909092
https://freemansauction.com/auction/6514-sports-memorabilia/lot/59,650.0,799.5,650.0,799.5,500.0,700.0,500.0,700.0,USD,Freemans,Sports,Baseball,A 1961 Topps Mickey Mantle All Star Baseball Card No. 578 (PSA 6 EX-MT) from The Collection of David Eisenhower,2026-04-09,https://freemansauction.com/auctions/6514-sports-memorabilia,False,1,7.6923076923076925,-7.6923076923076925
https://freemansauction.com/auction/6514-sports-memorabilia/lot/60,250.0,307.5,250.0,307.5,150.0,250.0,150.0,250.0,USD,Freemans,Sports,Baseball,A 1961 Topps Mickey Mantle MVP Baseball Card No. 475 (PSA 4 VG-EX) from The Collection of David Eisenhower,2026-04-09,https://freemansauction.com/auctions/6514-sports-memorabilia,False,1,20.0,-20.0
https://freemansauction.com/auction/6514-sports-memorabilia/lot/61,150.0,184.5,150.0,184.5,100.0,200.0,100.0,200.0,USD,Freemans,Sports,Baseball,A 1961 Topps Mickey Mantle World Series Baseball Card No. 307 (PSA 6 EX-MT) from The Collection of David Eisenhower,2026-04-09,https://freemansauction.com/auctions/6514-sports-memorabilia,False,1,0.0,0.0
https://freemansauction.com/auction/6514-sports-memorabilia/lot/62,150.0,184.5,150.0,184.5,100.0,200.0,100.0,200.0,USD,Freemans,Sports,Baseball,A 1961 Topps WIllie Mays All Star Baseball Card No. 579 (PSA 5 EX) from The Collection of David Eisenhower,2026-04-09,https://freemansauction.com/auctions/6514-sports-memorabilia,False,1,0.0,0.0
https://freemansauction.com/auction/6514-sports-memorabilia/lot/63,100.0,123.0,100.0,123.0,100.0,200.0,100.0,200.0,USD,Freemans,Sports,Baseball,A 1961 Topps Billy Williams Rookie Baseball Card No. 141 (PSA 6 EX-MT) from The Collection of David Eisenhower,2026-04-09,https://freemansauction.com/auctions/6514-sports-memorabilia,False,1,50.0,50.0
https://freemansauction.com/auction/6514-sports-memorabilia/lot/64,150.0,184.5,150.0,184.5,100.0,200.0,100.0,200.0,USD,Freemans,Sports,Baseball,A 1961 Topps Carl Yastrzemski Baseball Card No. 287 (PSA 6 EX-MT) from The Collection of David Eisenhower,2026-04-09,https://freemansauction.com/auctions/6514-sports-memorabilia,False,1,0.0,0.0
https://freemansauction.com/auction/6514-sports-memorabilia/lot/65,5000.0,6150.0,5000.0,6150.0,5000.0,7000.0,5000.0,7000.0,USD,Freemans,Sports,Baseball,A Complete Set of 1961 Topps Baseball Cards (587/587) from The Collection of David Eisenhower,2026-04-09,https://freemansauction.com/auctions/6514-sports-memorabilia,False,1,20.0,20.0
https://freemansauction.com/auction/6514-sports-memorabilia/lot/66,1000.0,1230.0,1000.0,1230.0,800.0,1200.0,800.0,1200.0,USD,Freemans,Sports,Baseball,A Near Set of 1961 Topps Baseball Cards (531/587) from The Collection of David Eisenhower,2026-04-09,https://freemansauction.com/auctions/6514-sports-memorabilia,False,1,0.0,0.0
https://freemansauction.com/auction/6514-sports-memorabilia/lot/67,250.0,307.5,250.0,307.5,100.0,200.0,100.0,200.0,USD,Freemans,Sports,Baseball,A 1962 Topps Hank Aaron Baseball Card No. 320 (PSA 4 VG-EX) from The Collection of David Eisenhower,2026-04-09,https://freemansauction.com/auctions/6514-sports-memorabilia,False,1,40.0,-40.0
https://freemansauction.com/auction/6514-sports-memorabilia/lot/68,150.0,184.5,150.0,184.5,100.0,200.0,100.0,200.0,USD,Freemans,Sports,Baseball,A 1962 Topps Lou Brock Rookie Baseball Card No. 387 (PSA 3 VG) from The Collection of David Eisenhower,2026-04-09,https://freemansauction.com/auctions/6514-sports-memorabilia,False,1,0.0,0.0
https://freemansauction.com/auction/6514-sports-memorabilia/lot/69,950.0,1168.5,950.0,1168.5,800.0,1200.0,800.0,1200.0,USD,Freemans,Sports,Baseball,A Near Set of 1962 Topps Baseball Cards With Variations (536/598) from The Collection of David Eisenhower,2026-04-09,https://freemansauction.com/auctions/6514-sports-memorabilia,False,1,5.2631578947368425,5.2631578947368425
https://freemansauction.com/auction/6514-sports-memorabilia/lot/71,1200.0,1476.0,1200.0,1476.0,600.0,800.0,600.0,800.0,USD,Freemans,Sports,Baseball,A 1934 R310 Butterfinger Lou Gehrig Baseball Card (PSA 1),2026-04-09,https://freemansauction.com/auctions/6514-sports-memorabilia,False,1,41.666666666666664,-41.666666666666664
https://freemansauction.com/auction/6514-sports-memorabilia/lot/72,200.0,246.0,200.0,246.0,150.0,250.0,150.0,250.0,USD,Freemans,Sports,Baseball,A 1939-46 Joe DiMaggio Exhibits Post Card (PSA 2 GOOD),2026-04-09,https://freemansauction.com/auctions/6514-sports-memorabilia,False,1,0.0,0.0
https://freemansauction.com/auction/6514-sports-memorabilia/lot/73,250.0,307.5,250.0,307.5,150.0,250.0,150.0,250.0,USD,Freemans,Sports,Baseball,A Collection of 1947-66 Exhibits Baseball Cards Including Jackie Robinson,2026-04-09,https://freemansauction.com/auctions/6514-sports-memorabilia,False,1,20.0,-20.0
https://freemansauction.com/auction/6514-sports-memorabilia/lot/74,700.0,861.0,700.0,861.0,600.0,800.0,600.0,800.0,USD,Freemans,Sports,Baseball,A 1948 Bowman Yogi Berra Rookie Baseball Card No. 6,2026-04-09,https://freemansauction.com/auctions/6514-sports-memorabilia,False,1,0.0,0.0
https://freemansauction.com/auction/6514-sports-memorabilia/lot/75,450.0,553.5,450.0,553.5,400.0,600.0,400.0,600.0,USD,Freemans,Sports,Baseball,A 1948 Bowman Stan Musial Rookie Baseball Card No. 36,2026-04-09,https://freemansauction.com/auctions/6514-sports-memorabilia,False,1,11.11111111111111,11.11111111111111
https://freemansauction.com/auction/6514-sports-memorabilia/lot/76,250.0,307.5,250.0,307.5,200.0,300.0,200.0,300.0,USD,Freemans,Sports,Baseball,A 1948 Bowman Warren Spahn Rookie Baseball Card No. 18,2026-04-09,https://freemansauction.com/auctions/6514-sports-memorabilia,False,1,0.0,0.0
https://freemansauction.com/auction/6514-sports-memorabilia/lot/77,550.0,676.5,550.0,676.5,400.0,600.0,400.0,600.0,USD,Freemans,Sports,Baseball,A Collection of 1948 Bowman Baseball Cards Including Multiple Hall of Fame Rookie Cards,2026-04-09,https://freemansauction.com/auctions/6514-sports-memorabilia,False,1,9.090909090909092,-9.090909090909092
https://freemansauction.com/auction/6514-sports-memorabilia/lot/78,350.0,430.5,350.0,430.5,300.0,500.0,300.0,500.0,USD,Freemans,Sports,Baseball,A 1949 Bowman Stan Musial Baseball Card No. 24,2026-04-09,https://freemansauction.com/auctions/6514-sports-memorabilia,False,1,14.285714285714286,14.285714285714286
https://freemansauction.com/auction/6514-sports-memorabilia/lot/79,750.0,922.5,750.0,922.5,600.0,800.0,600.0,800.0,USD,Freemans,Sports,Baseball,A Collection of 1949 Bowman Baseball Cards Including Multiple Hall of Famers,2026-04-09,https://freemansauction.com/auctions/6514-sports-memorabilia,False,1,6.666666666666667,-6.666666666666667
https://freemansauction.com/auction/6514-sports-memorabilia/lot/80,2750.0,3382.5,2750.0,3382.5,1500.0,2500.0,1500.0,2500.0,USD,Freemans,Sports,Baseball,A 1950 Bowman Jackie Robinson Baseball Card No. 22 (PSA 2 GOOD),2026-04-09,https://freemansauction.com/auctions/6514-sports-memorabilia,False,1,27.272727272727273,-27.272727272727273
https://freemansauction.com/auction/6514-sports-memorabilia/lot/81,400.0,492.0,400.0,492.0,300.0,500.0,300.0,500.0,USD,Freemans,Sports,Baseball,A 1950 Bowman Ted Williams Baseball Card No. 98,2026-04-09,https://freemansauction.com/auctions/6514-sports-memorabilia,False,1,0.0,0.0
https://freemansauction.com/auction/6514-sports-memorabilia/lot/82,2000.0,2460.0,2000.0,2460.0,800.0,1200.0,800.0,1200.0,USD,Freemans,Sports,Baseball,A Partial Set of 1950 Bowman Baseball Cards Including Multiple Hall of Famers (202/252),2026-04-09,https://freemansauction.com/auctions/6514-sports-memorabilia,False,1,50.0,-50.0
https://freemansauction.com/auction/6514-sports-memorabilia/lot/83,6500.0,7995.0,6500.0,7995.0,6000.0,8000.0,6000.0,8000.0,USD,Freemans,Sports,Baseball,A 1951 Bowman Willie Mays Rookie Baseball Card No. 305 (PSA 3.5 VG+),2026-04-09,https://freemansauction.com/auctions/6514-sports-memorabilia,False,1,7.6923076923076925,7.6923076923076925
https://freemansauction.com/auction/6514-sports-memorabilia/lot/84,600.0,738.0,600.0,738.0,300.0,500.0,300.0,500.0,USD,Freemans,Sports,Baseball,A 1951 Bowman Ted Williams Baseball Card No. 165,2026-04-09,https://freemansauction.com/auctions/6514-sports-memorabilia,False,1,33.333333333333336,-33.333333333333336
https://freemansauction.com/auction/6514-sports-memorabilia/lot/85,3250.0,3997.5,3250.0,3997.5,800.0,1200.0,800.0,1200.0,USD,Freemans,Sports,Baseball,A Collection of 1951 Bowman Baseball Cards Including Multiple Hall of Famers (89),2026-04-09,https://freemansauction.com/auctions/6514-sports-memorabilia,False,1,69.23076923076923,-69.23076923076923
https://freemansauction.com/auction/6514-sports-memorabilia/lot/86,1300.0,1599.0,1300.0,1599.0,300.0,500.0,300.0,500.0,USD,Freemans,Sports,Baseball,A Collection of 1952 Bowman Baseball Cards Including Multiple Hall of Famers (89),2026-04-09,https://freemansauction.com/auctions/6514-sports-memorabilia,False,1,69.23076923076923,-69.23076923076923
https://freemansauction.com/auction/6514-sports-memorabilia/lot/87,950.0,1168.5,950.0,1168.5,200.0,300.0,200.0,300.0,USD,Freemans,Sports,Baseball,A Collection of 1952 and 1953 Topps Baseball Cards,2026-04-09,https://freemansauction.com/auctions/6514-sports-memorabilia,False,1,73.6842105263158,-73.6842105263158
https://freemansauction.com/auction/6514-sports-memorabilia/lot/88,400.0,492.0,400.0,492.0,300.0,500.0,300.0,500.0,USD,Freemans,Sports,Baseball,A 1953 Bowman Color Stan Musial Baseball Card No. 32 (PSA 4 VG-EX),2026-04-09,https://freemansauction.com/auctions/6514-sports-memorabilia,False,1,0.0,0.0
https://freemansauction.com/auction/6514-sports-memorabilia/lot/89,1800.0,2214.0,1800.0,2214.0,1500.0,2500.0,1500.0,2500.0,USD,Freemans,Sports,Baseball,A 1953 Topps Willie Mays Baseball Card No. 244 (SGC 3 VG),2026-04-09,https://freemansauction.com/auctions/6514-sports-memorabilia,False,1,11.11111111111111,11.11111111111111
https://freemansauction.com/auction/6514-sports-memorabilia/lot/90,1300.0,1599.0,1300.0,1599.0,1000.0,2000.0,1000.0,2000.0,USD,Freemans,Sports,Baseball,A 1953 Topps Jackie Robinson Baseball Card No. 1 (SGC 3 VG),2026-04-09,https://freemansauction.com/auctions/6514-sports-memorabilia,False,1,15.384615384615385,15.384615384615385
https://freemansauction.com/auction/6514-sports-memorabilia/lot/91,300.0,369.0,300.0,369.0,200.0,300.0,200.0,300.0,USD,Freemans,Pop Culture,N/A,A 1954 Sports Illustrated First Issue with Topps Baseball Card Insert and August 1955 Issue Featuring Ted Williams,2026-04-09,https://freemansauction.com/auctions/6514-sports-memorabilia,False,1,16.666666666666668,-16.666666666666668
https://freemansauction.com/auction/6514-sports-memorabilia/lot/92,600.0,738.0,600.0,738.0,300.0,500.0,300.0,500.0,USD,Freemans,Pop Culture,N/A,A 1954 Sports Illustrated First Issue with Topps Baseball Card Insert with Presentation Folio,2026-04-09,https://freemansauction.com/auctions/6514-sports-memorabilia,False,1,33.333333333333336,-33.333333333333336
https://freemansauction.com/auction/6514-sports-memorabilia/lot/93,900.0,1107.0,900.0,1107.0,800.0,1200.0,800.0,1200.0,USD,Freemans,Sports,Baseball,A 1955 Topps Jackie Robinson Baseball Card No. 50 (PSA 4 VG-EX),2026-04-09,https://freemansauction.com/auctions/6514-sports-memorabilia,False,1,11.11111111111111,11.11111111111111
https://freemansauction.com/auction/6514-sports-memorabilia/lot/94,450.0,553.5,450.0,553.5,400.0,600.0,400.0,600.0,USD,Freemans,Sports,Baseball,A 1956 Topps Willie Mays Gray Back Baseball Card No. 130 (SGC 5 EX),2026-04-09,https://freemansauction.com/auctions/6514-sports-memorabilia,False,1,11.11111111111111,11.11111111111111
https://freemansauction.com/auction/6514-sports-memorabilia/lot/95,950.0,1168.5,950.0,1168.5,800.0,1200.0,800.0,1200.0,USD,Freemans,Sports,Baseball,A 1956 Topps Jackie Robinson Baseball Card No. 30 (PSA 5 EX),2026-04-09,https://freemansauction.com/auctions/6514-sports-memorabilia,False,1,5.2631578947368425,5.2631578947368425
https://freemansauction.com/auction/6514-sports-memorabilia/lot/96,550.0,676.5,550.0,676.5,300.0,500.0,300.0,500.0,USD,Freemans,Sports,Baseball,A 1957 Topps Roberto Clemente Baseball Card No. 76 (PSA 6 EX-MT),2026-04-09,https://freemansauction.com/auctions/6514-sports-memorabilia,False,1,27.272727272727273,-27.272727272727273
https://freemansauction.com/auction/6514-sports-memorabilia/lot/97,300.0,369.0,300.0,369.0,300.0,500.0,300.0,500.0,USD,Freemans,Sports,Baseball,A 1957 Topps Willie Mays Baseball Card No. 10 (SGC 5 EX),2026-04-09,https://freemansauction.com/auctions/6514-sports-memorabilia,False,1,33.333333333333336,33.333333333333336
https://freemansauction.com/auction/6514-sports-memorabilia/lot/98,200.0,246.0,200.0,246.0,100.0,200.0,100.0,200.0,USD,Freemans,Sports,Baseball,A 1957 Topps Mickey Mantle Yogi Berra Yankees Power Hitters Baseball Card No. 407 (PSA 2.5 GOOD+),2026-04-09,https://freemansauction.com/auctions/6514-sports-memorabilia,False,1,25.0,-25.0
https://freemansauction.com/auction/6514-sports-memorabilia/lot/99,750.0,922.5,750.0,922.5,700.0,900.0,700.0,900.0,USD,Freemans,Sports,Baseball,A 1959 Fleer Ted Williams Ted Signs For 1959 Baseball Card No. 68 (PSA 5 EX),2026-04-09,https://freemansauction.com/auctions/6514-sports-memorabilia,False,1,6.666666666666667,6.666666666666667
https://freemansauction.com/auction/6514-sports-memorabilia/lot/100,200.0,246.0,200.0,246.0,200.0,300.0,200.0,300.0,USD,Freemans,Sports,Baseball,A 1960 Topps Hank Aaron Baseball Card No. 300 (PSA 4 VG-EX),2026-04-09,https://freemansauction.com/auctions/6514-sports-memorabilia,False,1,25.0,25.0
https://freemansauction.com/auction/6514-sports-memorabilia/lot/101,400.0,492.0,400.0,492.0,300.0,500.0,300.0,500.0,USD,Freemans,Sports,Baseball,A 1960 Topps Mickey Mantle Baseball Card No. 350 (PSA 3 VG),2026-04-09,https://freemansauction.com/auctions/6514-sports-memorabilia,False,1,0.0,0.0
https://freemansauction.com/auction/6514-sports-memorabilia/lot/102,500.0,615.0,500.0,615.0,300.0,500.0,300.0,500.0,USD,Freemans,Sports,Baseball,A 1960 Topps Mickey Mantle Baseball Card No. 350 (PSA 3 VG),2026-04-09,https://freemansauction.com/auctions/6514-sports-memorabilia,False,1,20.0,-20.0
https://freemansauction.com/auction/6514-sports-memorabilia/lot/103,500.0,615.0,500.0,615.0,300.0,500.0,300.0,500.0,USD,Freemans,Sports,Baseball,A Collection of PSA Graded 1960 Topps Willie Mays Baseball Cards No. 200,2026-04-09,https://freemansauction.com/auctions/6514-sports-memorabilia,False,1,20.0,-20.0
https://freemansauction.com/auction/6514-sports-memorabilia/lot/104,200.0,246.0,200.0,246.0,100.0,200.0,100.0,200.0,USD,Freemans,Sports,Baseball,A 1960 Topps Willie McCovey Baseball Rookie Card No. 316 (PSA 5 EX),2026-04-09,https://freemansauction.com/auctions/6514-sports-memorabilia,False,1,25.0,-25.0
https://freemansauction.com/auction/6514-sports-memorabilia/lot/105,150.0,184.5,150.0,184.5,100.0,200.0,100.0,200.0,USD,Freemans,Sports,Baseball,A 1960 Topps Willie McCovey Baseball Rookie Card No. 316 (PSA 4 VG-EX),2026-04-09,https://freemansauction.com/auctions/6514-sports-memorabilia,False,1,0.0,0.0
https://freemansauction.com/auction/6514-sports-memorabilia/lot/106,350.0,430.5,350.0,430.5,200.0,300.0,200.0,300.0,USD,Freemans,Sports,Baseball,A 1960 Topps Carl Yastrzemski Rookie Baseball Card No. 148 (PSA 6 EX-MT),2026-04-09,https://freemansauction.com/auctions/6514-sports-memorabilia,False,1,28.571428571428573,-28.571428571428573
https://freemansauction.com/auction/6514-sports-memorabilia/lot/107,400.0,492.0,400.0,492.0,250.0,350.0,250.0,350.0,USD,Freemans,Sports,Baseball,A Collection of PSA Graded 1960 and 1961 Topps Carl Yastrzemski Baseball Cards,2026-04-09,https://freemansauction.com/auctions/6514-sports-memorabilia,False,1,25.0,-25.0
https://freemansauction.com/auction/6514-sports-memorabilia/lot/108,300.0,369.0,300.0,369.0,300.0,500.0,300.0,500.0,USD,Freemans,Sports,Baseball,A Collection of PSA Graded 1961 Topps Hank Aaron Baseball Cards,2026-04-09,https://freemansauction.com/auctions/6514-sports-memorabilia,False,1,33.333333333333336,33.333333333333336
https://freemansauction.com/auction/6514-sports-memorabilia/lot/109,150.0,184.5,150.0,184.5,200.0,300.0,200.0,300.0,USD,Freemans,Sports,Baseball,A 1961 Topps Juan Marichal Rookie Baseball Card No. 417 (PSA 7 NM OC),2026-04-09,https://freemansauction.com/auctions/6514-sports-memorabilia,False,1,66.66666666666667,66.66666666666667
https://freemansauction.com/auction/6514-sports-memorabilia/lot/110,200.0,246.0,200.0,246.0,100.0,200.0,100.0,200.0,USD,Freemans,Sports,Baseball,A 1961 Topps Juan Marichal Rookie Baseball Card No. 417 (PSA 5 EX),2026-04-09,https://freemansauction.com/auctions/6514-sports-memorabilia,False,1,25.0,-25.0
https://freemansauction.com/auction/6514-sports-memorabilia/lot/111,350.0,430.5,350.0,430.5,200.0,300.0,200.0,300.0,USD,Freemans,Sports,Baseball,A 1961 Topps Roberto Clemente Baseball Card No. 388 (PSA 7 NM),2026-04-09,https://freemansauction.com/auctions/6514-sports-memorabilia,False,1,28.571428571428573,-28.571428571428573
https://freemansauction.com/auction/6514-sports-memorabilia/lot/112,350.0,430.5,350.0,430.5,200.0,300.0,200.0,300.0,USD,Freemans,Sports,Baseball,A 1961 Topps Roberto Clemente Baseball Card No. 388 (PSA 7 NM),2026-04-09,https://freemansauction.com/auctions/6514-sports-memorabilia,False,1,28.571428571428573,-28.571428571428573
https://freemansauction.com/auction/6514-sports-memorabilia/lot/113,250.0,307.5,250.0,307.5,150.0,250.0,150.0,250.0,USD,Freemans,Sports,Baseball,A 1961 Topps Roberto Clemente Baseball Card No. 388 (PSA 6 EX-MT),2026-04-09,https://freemansauction.com/auctions/6514-sports-memorabilia,False,1,20.0,-20.0
https://freemansauction.com/auction/6514-sports-memorabilia/lot/114,200.0,246.0,200.0,246.0,150.0,250.0,150.0,250.0,USD,Freemans,Sports,Baseball,A 1961 Topps Roberto Clemente Baseball Card No. 388 (PSA 6 EX-MT),2026-04-09,https://freemansauction.com/auctions/6514-sports-memorabilia,False,1,0.0,0.0
https://freemansauction.com/auction/6514-sports-memorabilia/lot/115,400.0,492.0,400.0,492.0,150.0,250.0,150.0,250.0,USD,Freemans,Sports,Baseball,A Collection of PSA Graded 1961 Topps Babe Ruth Baseball Cards No. 401,2026-04-09,https://freemansauction.com/auctions/6514-sports-memorabilia,False,1,50.0,-50.0
https://freemansauction.com/auction/6514-sports-memorabilia/lot/116,400.0,492.0,400.0,492.0,300.0,500.0,300.0,500.0,USD,Freemans,Sports,Baseball,A 1963 Topps Mickey Mantle Baseball Card No. 200 (PSA 4 VG-EX),2026-04-09,https://freemansauction.com/auctions/6514-sports-memorabilia,False,1,0.0,0.0
https://freemansauction.com/auction/6514-sports-memorabilia/lot/117,450.0,553.5,450.0,553.5,250.0,350.0,250.0,350.0,USD,Freemans,Sports,Baseball,A 1963 Topps Mickey Mantle Baseball Card No. 200 (PSA 3 VG),2026-04-09,https://freemansauction.com/auctions/6514-sports-memorabilia,False,1,33.333333333333336,-33.333333333333336
https://freemansauction.com/auction/6514-sports-memorabilia/lot/118,2750.0,3382.5,2750.0,3382.5,2500.0,3500.0,2500.0,3500.0,USD,Freemans,Sports,Baseball,A 1963 Topps Pete Rose Rookie Card No. 537 (PSA 6 EX-MT),2026-04-09,https://freemansauction.com/auctions/6514-sports-memorabilia,False,1,9.090909090909092,9.090909090909092
https://freemansauction.com/auction/6514-sports-memorabilia/lot/119,250.0,307.5,250.0,307.5,300.0,500.0,300.0,500.0,USD,Freemans,Sports,Baseball,A 1964 Topps Pete Rose Baseball Card No. 125 (PSA 4 VG-EX),2026-04-09,https://freemansauction.com/auctions/6514-sports-memorabilia,False,1,60.0,60.0
https://freemansauction.com/auction/6514-sports-memorabilia/lot/120,300.0,369.0,300.0,369.0,300.0,500.0,300.0,500.0,USD,Freemans,Sports,Baseball,A 1964 Topps Pete Rose Baseball Card No. 125 (PSA 4 VG-EX),2026-04-09,https://freemansauction.com/auctions/6514-sports-memorabilia,False,1,33.333333333333336,33.333333333333336
https://freemansauction.com/auction/6514-sports-memorabilia/lot/121,150.0,184.5,150.0,184.5,150.0,250.0,150.0,250.0,USD,Freemans,Sports,Baseball,A 1964 Topps Pete Rose Baseball Card No. 125 (PSA 4 VG-EX MC),2026-04-09,https://freemansauction.com/auctions/6514-sports-memorabilia,False,1,33.333333333333336,33.333333333333336
https://freemansauction.com/auction/6514-sports-memorabilia/lot/122,200.0,246.0,200.0,246.0,200.0,300.0,200.0,300.0,USD,Freemans,Sports,Baseball,A 1964 Topps Pete Rose Baseball Card No. 125 (PSA 3 VG),2026-04-09,https://freemansauction.com/auctions/6514-sports-memorabilia,False,1,25.0,25.0
https://freemansauction.com/auction/6514-sports-memorabilia/lot/123,250.0,307.5,250.0,307.5,200.0,300.0,200.0,300.0,USD,Freemans,Sports,Baseball,A 1966 Topps Mickey Mantle Baseball Card No. 50 (SGC 4 VG/EX),2026-04-09,https://freemansauction.com/auctions/6514-sports-memorabilia,False,1,0.0,0.0
https://freemansauction.com/auction/6514-sports-memorabilia/lot/124,300.0,369.0,300.0,369.0,200.0,300.0,200.0,300.0,USD,Freemans,Sports,Baseball,A Collection of PSA Graded 1968 Topps Super Stars Baseball Cards No. 490,2026-04-09,https://freemansauction.com/auctions/6514-sports-memorabilia,False,1,16.666666666666668,-16.666666666666668
https://freemansauction.com/auction/6514-sports-memorabilia/lot/125,400.0,492.0,400.0,492.0,300.0,500.0,300.0,500.0,USD,Freemans,Sports,Baseball,A Collection of PSA Graded 1968 Topps Johnny Bench Rookie Baseball Cards No. 247,2026-04-09,https://freemansauction.com/auctions/6514-sports-memorabilia,False,1,0.0,0.0
https://freemansauction.com/auction/6514-sports-memorabilia/lot/126,800.0,984.0,800.0,984.0,600.0,800.0,600.0,800.0,USD,Freemans,Sports,Baseball,A 1968 Topps Nolan Ryan Rookie Baseball Card No. 177 (PSA 3 VG),2026-04-09,https://freemansauction.com/auctions/6514-sports-memorabilia,False,1,12.5,-12.5
https://freemansauction.com/auction/6514-sports-memorabilia/lot/128,400.0,492.0,400.0,492.0,300.0,500.0,300.0,500.0,USD,Freemans,Sports,Baseball,A Collection of PSA Graded 1968 Topps Halll of Fame and Notable Baseball Cards,2026-04-09,https://freemansauction.com/auctions/6514-sports-memorabilia,False,1,0.0,0.0
https://freemansauction.com/auction/6514-sports-memorabilia/lot/130,200.0,246.0,200.0,246.0,150.0,250.0,150.0,250.0,USD,Freemans,Sports,Baseball,A 1969 Topps Reggie Jackson Rookie Baseball Card (PSA 4 VG-EX),2026-04-09,https://freemansauction.com/auctions/6514-sports-memorabilia,False,1,0.0,0.0
https://freemansauction.com/auction/6514-sports-memorabilia/lot/131,400.0,492.0,400.0,492.0,200.0,300.0,200.0,300.0,USD,Freemans,Sports,Baseball,A 1969 Topps Mickey Mantle Baseball Card No. 500 - MANTLE LAST NAME IN YELLOW (PSA 4 VG-EX),2026-04-09,https://freemansauction.com/auctions/6514-sports-memorabilia,False,1,37.5,-37.5
https://freemansauction.com/auction/6514-sports-memorabilia/lot/132,500.0,615.0,500.0,615.0,300.0,500.0,300.0,500.0,USD,Freemans,Sports,Baseball,A Collection of PSA Graded 1969 Topps Hall of Fame and Notable Baseball Cards,2026-04-09,https://freemansauction.com/auctions/6514-sports-memorabilia,False,1,20.0,-20.0
https://freemansauction.com/auction/6514-sports-memorabilia/lot/133,250.0,307.5,250.0,307.5,150.0,250.0,150.0,250.0,USD,Freemans,Sports,Baseball,A 1973 Topps Mike Schmidt Rookie Baseball Card No. 615 (PSA 5 EX),2026-04-09,https://freemansauction.com/auctions/6514-sports-memorabilia,False,1,20.0,-20.0
https://freemansauction.com/auction/6514-sports-memorabilia/lot/134,150.0,184.5,150.0,184.5,200.0,300.0,200.0,300.0,USD,Freemans,Sports,Baseball,A 1973 Topps Mike Schmidt Rookie Baseball Card No. 615 (PSA 4 VG-EX),2026-04-09,https://freemansauction.com/auctions/6514-sports-memorabilia,False,1,66.66666666666667,66.66666666666667
https://freemansauction.com/auction/6514-sports-memorabilia/lot/135,450.0,553.5,450.0,553.5,400.0,600.0,400.0,600.0,USD,Freemans,Sports,Baseball,A 1982 Topps Traded Baseball Card Set With PSA 9 Cal Ripken Rookie Card No. 98T,2026-04-09,https://freemansauction.com/auctions/6514-sports-memorabilia,False,1,11.11111111111111,11.11111111111111
https://freemansauction.com/auction/6514-sports-memorabilia/lot/136,300.0,369.0,300.0,369.0,300.0,500.0,300.0,500.0,USD,Freemans,Sports,Baseball,A 1982 Topps Traded Baseball Card Set With PSA 7 Cal Ripken Rookie Card No. 98T,2026-04-09,https://freemansauction.com/auctions/6514-sports-memorabilia,False,1,33.333333333333336,33.333333333333336
https://freemansauction.com/auction/6514-sports-memorabilia/lot/137,350.0,430.5,350.0,430.5,500.0,700.0,500.0,700.0,USD,Freemans,Sports,Baseball,A Group of Five 1982 Chicago Cubs Red Lobster Factory Sealed Unopened Team Sets - Ryne Sandberg Rookie Cards,2026-04-09,https://freemansauction.com/auctions/6514-sports-memorabilia,False,1,71.42857142857143,71.42857142857143
https://freemansauction.com/auction/6514-sports-memorabilia/lot/138,150.0,184.5,150.0,184.5,150.0,250.0,150.0,250.0,USD,Freemans,Sports,Baseball,A Collection of 12 PSA Graded 1985 Topps Mark McGwire Rookie Baseball Cards,2026-04-09,https://freemansauction.com/auctions/6514-sports-memorabilia,False,1,33.333333333333336,33.333333333333336
https://freemansauction.com/auction/6514-sports-memorabilia/lot/139,200.0,246.0,200.0,246.0,250.0,350.0,250.0,350.0,USD,Freemans,Sports,Baseball,"A Complete Set of 1985 Topps Baseball Cards in Six Uncut Sheets Featuring Mark McGwire, Roger Clemens and Kirby Puckett Rookie Cards",2026-04-09,https://freemansauction.com/auctions/6514-sports-memorabilia,False,1,50.0,50.0
https://freemansauction.com/auction/6514-sports-memorabilia/lot/141,200.0,246.0,200.0,246.0,100.0,200.0,100.0,200.0,USD,Freemans,Sports,Baseball,A Collection of Baseball Rookie Cards Including 1989 Upper Deck Ken Griffey Jr. (PSA 8 NM-MT),2026-04-09,https://freemansauction.com/auctions/6514-sports-memorabilia,False,1,25.0,-25.0
https://freemansauction.com/auction/6514-sports-memorabilia/lot/142,300.0,369.0,300.0,369.0,150.0,250.0,150.0,250.0,USD,Freemans,Sports,Baseball,A Collection of PSA Graded 1989 Upper Deck Ken Griffey Jr. Rookie Baseball Cards,2026-04-09,https://freemansauction.com/auctions/6514-sports-memorabilia,False,1,33.333333333333336,-33.333333333333336
https://freemansauction.com/auction/6514-sports-memorabilia/lot/143,200.0,246.0,200.0,246.0,200.0,300.0,200.0,300.0,USD,Freemans,Sports,Baseball,A Group of PSA Graded 1996 Metal Universe Ken Griffey Jr. Baseball Cards,2026-04-09,https://freemansauction.com/auctions/6514-sports-memorabilia,False,1,25.0,25.0
https://freemansauction.com/auction/6514-sports-memorabilia/lot/144,300.0,369.0,300.0,369.0,100.0,200.0,100.0,200.0,USD,Freemans,Sports,Basketball,A 1972 Topps Julius Dr. J Erving Rookie Basketball Card,2026-04-09,https://freemansauction.com/auctions/6514-sports-memorabilia,False,1,50.0,-50.0
https://freemansauction.com/auction/6514-sports-memorabilia/lot/145,550.0,676.5,550.0,676.5,300.0,500.0,300.0,500.0,USD,Freemans,Sports,Basketball,A 1980 Topps Larry Bird Magic Johnson Rookie Basketball Card,2026-04-09,https://freemansauction.com/auctions/6514-sports-memorabilia,False,1,27.272727272727273,-27.272727272727273
https://freemansauction.com/auction/6514-sports-memorabilia/lot/146,900.0,1107.0,900.0,1107.0,800.0,1200.0,800.0,1200.0,USD,Freemans,Sports,Basketball,A 1980 Topps Larry Bird Magic Johnson Rookie Basketball Card (PSA 6 EX-MT),2026-04-09,https://freemansauction.com/auctions/6514-sports-memorabilia,False,1,11.11111111111111,11.11111111111111
https://freemansauction.com/auction/6514-sports-memorabilia/lot/147,400.0,492.0,400.0,492.0,200.0,300.0,200.0,300.0,USD,Freemans,Sports,Basketball,A 1985 Star Charles Barkley Gatorade Slam Dunk Basketball Card (PSA 8 NM-MT),2026-04-09,https://freemansauction.com/auctions/6514-sports-memorabilia,False,1,37.5,-37.5
https://freemansauction.com/auction/6514-sports-memorabilia/lot/148,8500.0,10455.0,8500.0,10455.0,5000.0,7000.0,5000.0,7000.0,USD,Freemans,Sports,Basketball,A 1985 Interlake Michael Jordan Chicago Bulls Rookie Basketball Card (PSA 8 NM-MT),2026-04-09,https://freemansauction.com/auctions/6514-sports-memorabilia,False,1,29.41176470588235,-29.41176470588235
https://freemansauction.com/auction/6514-sports-memorabilia/lot/149,1400.0,1722.0,1400.0,1722.0,1000.0,2000.0,1000.0,2000.0,USD,Freemans,Sports,Basketball,A 1985 Nike Michael Jordan Jumpman Air Jordan Promo Basketball Card (PSA 8),2026-04-09,https://freemansauction.com/auctions/6514-sports-memorabilia,False,1,7.142857142857143,7.142857142857143
https://freemansauction.com/auction/6514-sports-memorabilia/lot/150,4000.0,4920.0,4000.0,4920.0,2000.0,3000.0,2000.0,3000.0,USD,Freemans,Sports,Basketball,"A 1986 Star Best Of The Old, Best Of The New Basketball Card Set Featuring Michael Jordan Card No. 2 (BGS 9 MINT)",2026-04-09,https://freemansauction.com/auctions/6514-sports-memorabilia,False,1,37.5,-37.5
https://freemansauction.com/auction/6514-sports-memorabilia/lot/151,2750.0,3382.5,2750.0,3382.5,1000.0,2000.0,1000.0,2000.0,USD,Freemans,Sports,Basketball,A 1986 Star Best of the Best Set Featuring Michael Jordan,2026-04-09,https://freemansauction.com/auctions/6514-sports-memorabilia,False,1,45.45454545454545,-45.45454545454545
https://freemansauction.com/auction/6514-sports-memorabilia/lot/152,4500.0,5535.0,4500.0,5535.0,1500.0,2500.0,1500.0,2500.0,USD,Freemans,Sports,Basketball,A 1986 Fleer Michael Jordan Rookie Card No. 57 (PSA Altered),2026-04-09,https://freemansauction.com/auctions/6514-sports-memorabilia,False,1,55.55555555555556,-55.55555555555556
https://freemansauction.com/auction/6514-sports-memorabilia/lot/153,1900.0,2337.0,1900.0,2337.0,2500.0,3500.0,2500.0,3500.0,USD,Freemans,Sports,Basketball,A 1986-87 Fleer Basketball Card Near Set (131/132) with Complete Sticker Set Including Michael Jordan (11/11),2026-04-09,https://freemansauction.com/auctions/6514-sports-memorabilia,False,1,57.89473684210526,57.89473684210526
https://freemansauction.com/auction/6514-sports-memorabilia/lot/154,2250.0,2767.5,2250.0,2767.5,1500.0,2500.0,1500.0,2500.0,USD,Freemans,Sports,Basketball,A 1987 Fleer Michael Jordan Basketball Card (PSA 9 MINT),2026-04-09,https://freemansauction.com/auctions/6514-sports-memorabilia,False,1,11.11111111111111,-11.11111111111111
https://freemansauction.com/auction/6514-sports-memorabilia/lot/155,400.0,492.0,400.0,492.0,200.0,300.0,200.0,300.0,USD,Freemans,Sports,Basketball,A 1987 Fleer Michael Jordan Sticker No. 2 (PSA 8 NM-MT),2026-04-09,https://freemansauction.com/auctions/6514-sports-memorabilia,False,1,37.5,-37.5
https://freemansauction.com/auction/6514-sports-memorabilia/lot/156,850.0,1045.5,850.0,1045.5,300.0,500.0,300.0,500.0,USD,Freemans,Pop Culture,N/A,A Collection of Michael Jordan Starting Lineup Figures,2026-04-09,https://freemansauction.com/auctions/6514-sports-memorabilia,False,1,52.94117647058823,-52.94117647058823
https://freemansauction.com/auction/6514-sports-memorabilia/lot/157,50.0,61.5,50.0,61.5,100.0,200.0,100.0,200.0,USD,Freemans,Sports,Basketball,A 1988 Fournier Estrellas NBA Set Featuring Michael Jordan,2026-04-09,https://freemansauction.com/auctions/6514-sports-memorabilia,False,1,200.0,200.0
https://freemansauction.com/auction/6514-sports-memorabilia/lot/158,350.0,430.5,350.0,430.5,400.0,600.0,400.0,600.0,USD,Freemans,Sports,Basketball,A Collection of 1980s Fleer Basketball Card Near and Complete Sets,2026-04-09,https://freemansauction.com/auctions/6514-sports-memorabilia,False,1,42.857142857142854,42.857142857142854
https://freemansauction.com/auction/6514-sports-memorabilia/lot/159,450.0,553.5,450.0,553.5,250.0,350.0,250.0,350.0,USD,Freemans,Sports,Basketball,A 1988 Fleer Michael Jordan Basketball Card No. 17 (PSA 9 MINT),2026-04-09,https://freemansauction.com/auctions/6514-sports-memorabilia,False,1,33.333333333333336,-33.333333333333336
https://freemansauction.com/auction/6514-sports-memorabilia/lot/160,750.0,922.5,750.0,922.5,200.0,300.0,200.0,300.0,USD,Freemans,Sports,Basketball,A Collection of PSA Graded 1988 Fleer Michael Jordan All Star Basketball Cards No. 120 (PSA 8 NM-MT),2026-04-09,https://freemansauction.com/auctions/6514-sports-memorabilia,False,1,66.66666666666667,-66.66666666666667
https://freemansauction.com/auction/6514-sports-memorabilia/lot/161,200.0,246.0,200.0,246.0,200.0,300.0,200.0,300.0,USD,Freemans,Sports,Basketball,A 1988 Fleer Michael Jordan Sticker (PSA ST 8 NM-MT ),2026-04-09,https://freemansauction.com/auctions/6514-sports-memorabilia,False,1,25.0,25.0
https://freemansauction.com/auction/6514-sports-memorabilia/lot/162,2000.0,2460.0,2000.0,2460.0,1500.0,2500.0,1500.0,2500.0,USD,Freemans,Sports,Basketball,A 1990 Action Packed Michael Jordan Promo Basketball Card (PSA 9 MINT),2026-04-09,https://freemansauction.com/auctions/6514-sports-memorabilia,False,1,0.0,0.0
https://freemansauction.com/auction/6514-sports-memorabilia/lot/163,100.0,123.0,100.0,123.0,150.0,250.0,150.0,250.0,USD,Freemans,Sports,Basketball,An Uncommon 1990 Skybox Ahmad Rashad Broadcaster Card (PSA 7 NM),2026-04-09,https://freemansauction.com/auctions/6514-sports-memorabilia,False,1,100.0,100.0
https://freemansauction.com/auction/6514-sports-memorabilia/lot/164,10000.0,12300.0,10000.0,12300.0,5000.0,7000.0,5000.0,7000.0,USD,Freemans,Sports,Basketball,A 1990 Skybox Michael Jordan Signed Autograph Basketball Card No. 41 (PSA 9 MINT AUTO),2026-04-09,https://freemansauction.com/auctions/6514-sports-memorabilia,False,1,40.0,-40.0
https://freemansauction.com/auction/6514-sports-memorabilia/lot/165,6000.0,7380.0,6000.0,7380.0,4000.0,6000.0,4000.0,6000.0,USD,Freemans,Sports,Basketball,A 1991 Hoops Michael Jordan Signed Autograph Basketball Card No. 30 (PSA 7 AUTO),2026-04-09,https://freemansauction.com/auctions/6514-sports-memorabilia,False,1,16.666666666666668,-16.666666666666668
https://freemansauction.com/auction/6514-sports-memorabilia/lot/166,6000.0,7380.0,6000.0,7380.0,4000.0,6000.0,4000.0,6000.0,USD,Freemans,Sports,Basketball,A 1991 Skybox Michael Jordan Signed Autograph Basketball Card No. 39 (PSA 7 AUTO),2026-04-09,https://freemansauction.com/auctions/6514-sports-memorabilia,False,1,16.666666666666668,-16.666666666666668
https://freemansauction.com/auction/6514-sports-memorabilia/lot/167,11000.0,13530.0,11000.0,13530.0,4000.0,6000.0,4000.0,6000.0,USD,Freemans,Sports,Basketball,A 1991 Upper Deck Michael Jordan Signed Autograph Basketball Card No. 48 (PSA 9 AUTO),2026-04-09,https://freemansauction.com/auctions/6514-sports-memorabilia,False,1,54.54545454545455,-54.54545454545455
https://freemansauction.com/auction/6514-sports-memorabilia/lot/168,13000.0,15990.0,13000.0,15990.0,8000.0,12000.0,8000.0,12000.0,USD,Freemans,Sports,Basketball,A 1991 Upper Deck Michael Jordan Signed Autograph Basketball Card No. 69 (PSA 10 GEM MINT AUTO),2026-04-09,https://freemansauction.com/auctions/6514-sports-memorabilia,False,1,23.076923076923077,-23.076923076923077
https://freemansauction.com/auction/6514-sports-memorabilia/lot/169,11000.0,13530.0,11000.0,13530.0,7000.0,9000.0,7000.0,9000.0,USD,Freemans,Sports,Basketball,A 1991 Upper Deck Michael Jordan Signed Autograph Basketball Card No. 44 (PSA 9 MINT AUTO),2026-04-09,https://freemansauction.com/auctions/6514-sports-memorabilia,False,1,27.272727272727273,-27.272727272727273
https://freemansauction.com/auction/6514-sports-memorabilia/lot/170,11000.0,13530.0,11000.0,13530.0,4000.0,6000.0,4000.0,6000.0,USD,Freemans,Sports,Basketball,A 1991 Upper Deck Michael Jordan Signed Autograph Basketball Card No. 34 (PSA 9 MINT AUTO),2026-04-09,https://freemansauction.com/auctions/6514-sports-memorabilia,False,1,54.54545454545455,-54.54545454545455
https://freemansauction.com/auction/6514-sports-memorabilia/lot/171,250.0,307.5,250.0,307.5,150.0,250.0,150.0,250.0,USD,Freemans,Pop Culture,N/A,A Collection of 1991 Nike Trading Cards Featuring Michael Jordan,2026-04-09,https://freemansauction.com/auctions/6514-sports-memorabilia,False,1,20.0,-20.0
https://freemansauction.com/auction/6514-sports-memorabilia/lot/172,1000.0,1230.0,1000.0,1230.0,1000.0,2000.0,1000.0,2000.0,USD,Freemans,Sports,Basketball,A 1992-93 Topps Stadium Club Beam Team Basketball Card Set Featuring Shaquille O'Neal Rookie and Michael Jordan,2026-04-09,https://freemansauction.com/auctions/6514-sports-memorabilia,False,1,50.0,50.0
https://freemansauction.com/auction/6514-sports-memorabilia/lot/173,1100.0,1353.0,1100.0,1353.0,300.0,500.0,300.0,500.0,USD,Freemans,Sports,Basketball,A Collection of 1990s Basketball Card Sets Featuring Michael Jordan,2026-04-09,https://freemansauction.com/auctions/6514-sports-memorabilia,False,1,63.63636363636363,-63.63636363636363
https://freemansauction.com/auction/6514-sports-memorabilia/lot/174,1600.0,1968.0,1600.0,1968.0,1000.0,2000.0,1000.0,2000.0,USD,Freemans,Sports,Basketball,A Large Collection of Assorted Michael Jordan Basketball Cards,2026-04-09,https://freemansauction.com/auctions/6514-sports-memorabilia,False,1,6.25,-6.25
https://freemansauction.com/auction/6514-sports-memorabilia/lot/175,450.0,553.5,450.0,553.5,200.0,300.0,200.0,300.0,USD,Freemans,Sports,Basketball,A Collection of 1990s Classic Signed Autograph Basketball Cards,2026-04-09,https://freemansauction.com/auctions/6514-sports-memorabilia,False,1,44.44444444444444,-44.44444444444444
https://freemansauction.com/auction/6514-sports-memorabilia/lot/176,900.0,1107.0,900.0,1107.0,200.0,300.0,200.0,300.0,USD,Freemans,Sports,Basketball,A Large Collection of 1990s NBA Hall of Fame Basketball Cards,2026-04-09,https://freemansauction.com/auctions/6514-sports-memorabilia,False,1,72.22222222222223,-72.22222222222223
https://freemansauction.com/auction/6514-sports-memorabilia/lot/177,150.0,184.5,150.0,184.5,200.0,300.0,200.0,300.0,USD,Freemans,Sports,Basketball,A Collection of 1991 Upper Deck Promo Basketball Cards,2026-04-09,https://freemansauction.com/auctions/6514-sports-memorabilia,False,1,66.66666666666667,66.66666666666667
https://freemansauction.com/auction/6514-sports-memorabilia/lot/178,450.0,553.5,450.0,553.5,500.0,700.0,500.0,700.0,USD,Freemans,Sports,Basketball,A 1992 Courtside Flashbacks Jim Valvano Signed Autograph North Carolina State Basketball Card (PSA 10 GEM MINT AUTO),2026-04-09,https://freemansauction.com/auctions/6514-sports-memorabilia,False,1,33.333333333333336,33.333333333333336
https://freemansauction.com/auction/6514-sports-memorabilia/lot/179,150.0,184.5,150.0,184.5,250.0,350.0,250.0,350.0,USD,Freemans,Sports,Basketball,A Collection of Hall of Fame Signed Autograph Basketball Cards,2026-04-09,https://freemansauction.com/auctions/6514-sports-memorabilia,False,1,100.0,100.0
https://freemansauction.com/auction/6514-sports-memorabilia/lot/180,250.0,307.5,250.0,307.5,250.0,350.0,250.0,350.0,USD,Freemans,Sports,Basketball,A 1992-93 Fleer Michael Jordan Total D Basketball Card No. 5 (PSA 8 NM-MT),2026-04-09,https://freemansauction.com/auctions/6514-sports-memorabilia,False,1,20.0,20.0
https://freemansauction.com/auction/6514-sports-memorabilia/lot/181,250.0,307.5,250.0,307.5,250.0,350.0,250.0,350.0,USD,Freemans,Sports,Basketball,A 1992 Fleer Team Leader Michael Jordan Basketball Card No. 4 (PSA 8 NM-MT),2026-04-09,https://freemansauction.com/auctions/6514-sports-memorabilia,False,1,20.0,20.0
https://freemansauction.com/auction/6514-sports-memorabilia/lot/182,300.0,369.0,300.0,369.0,300.0,500.0,300.0,500.0,USD,Freemans,Sports,Basketball,A 1993 Topps Stadium Club Michael Jordan Beam Team Basketball Card No. 4 (PSA 8 NM-MT),2026-04-09,https://freemansauction.com/auctions/6514-sports-memorabilia,False,1,33.333333333333336,33.333333333333336
https://freemansauction.com/auction/6514-sports-memorabilia/lot/183,200.0,246.0,200.0,246.0,150.0,250.0,150.0,250.0,USD,Freemans,Sports,Basketball,A 1993 Ultra Michael Jordan Famous Nicknames Basketball Card No. 7 (PSA 9 MINT),2026-04-09,https://freemansauction.com/auctions/6514-sports-memorabilia,False,1,0.0,0.0
https://freemansauction.com/auction/6514-sports-memorabilia/lot/184,2000.0,2460.0,2000.0,2460.0,1800.0,2400.0,1800.0,2400.0,USD,Freemans,Sports,Basketball,A 1993 Ultra Scoring Kings Michael Jordan Basketball Card No. 5 (PSA 8 NM-MT),2026-04-09,https://freemansauction.com/auctions/6514-sports-memorabilia,False,1,5.0,5.0
https://freemansauction.com/auction/6514-sports-memorabilia/lot/185,150.0,184.5,150.0,184.5,200.0,300.0,200.0,300.0,USD,Freemans,Sports,Basketball,A 1993 Ultra All Defensive Michael Jordan Basketball Card No. 2 (PSA 8 NM-MT),2026-04-09,https://freemansauction.com/auctions/6514-sports-memorabilia,False,1,66.66666666666667,66.66666666666667
https://freemansauction.com/auction/6514-sports-memorabilia/lot/186,250.0,307.5,250.0,307.5,200.0,300.0,200.0,300.0,USD,Freemans,Sports,Basketball,A 1993-94 Fleer Ultra Michael Jordan Power In The Key Basketball Card No. 2 (PSA 7 NM),2026-04-09,https://freemansauction.com/auctions/6514-sports-memorabilia,False,1,0.0,0.0
https://freemansauction.com/auction/6514-sports-memorabilia/lot/187,500.0,615.0,500.0,615.0,500.0,700.0,500.0,700.0,USD,Freemans,Sports,Baseball,A 1994 SP Holoview Red Michael Jordan Baseball Card No. 16 (PSA 9 MINT),2026-04-09,https://freemansauction.com/auctions/6514-sports-memorabilia,False,1,20.0,20.0
https://freemansauction.com/auction/6514-sports-memorabilia/lot/188,200.0,246.0,200.0,246.0,200.0,300.0,200.0,300.0,USD,Freemans,Sports,Basketball,A 1995 Fleer Metal Michael Jordan Slick Silver Basketball Card No. 3 (PSA 8 NM-MT),2026-04-09,https://freemansauction.com/auctions/6514-sports-memorabilia,False,1,25.0,25.0
https://freemansauction.com/auction/6514-sports-memorabilia/lot/189,200.0,246.0,200.0,246.0,100.0,200.0,100.0,200.0,USD,Freemans,Sports,Basketball,A 1995 Fleer Metal Michael Jordan Maximum Metal Basketball Card No. 4 (PSA 8 NM-MT),2026-04-09,https://freemansauction.com/auctions/6514-sports-memorabilia,False,1,25.0,-25.0
https://freemansauction.com/auction/6514-sports-memorabilia/lot/190,250.0,307.5,250.0,307.5,300.0,500.0,300.0,500.0,USD,Freemans,Sports,Basketball,A 1995 Fleer Metal Michael Jordan Scoring Magnet Basketball Card No. 4 (PSA 8 NM-MT),2026-04-09,https://freemansauction.com/auctions/6514-sports-memorabilia,False,1,60.0,60.0
https://freemansauction.com/auction/6514-sports-memorabilia/lot/191,900.0,1107.0,900.0,1107.0,700.0,900.0,700.0,900.0,USD,Freemans,Sports,Basketball,A 1995 Flair Michael Jordan New Heights Basketball Card No. 4 (PSA 9 MINT),2026-04-09,https://freemansauction.com/auctions/6514-sports-memorabilia,False,1,11.11111111111111,-11.11111111111111
https://freemansauction.com/auction/6514-sports-memorabilia/lot/192,700.0,861.0,700.0,861.0,600.0,800.0,600.0,800.0,USD,Freemans,Sports,Basketball,A 1995 Topps Stadium Club Beam Team Michael Jordan Basketball Card,2026-04-09,https://freemansauction.com/auctions/6514-sports-memorabilia,False,1,0.0,0.0
https://freemansauction.com/auction/6514-sports-memorabilia/lot/193,300.0,369.0,300.0,369.0,300.0,500.0,300.0,500.0,USD,Freemans,Sports,Basketball,A 1995 Topps Stadium Club Michael Jordan Warp Speed Basketball Card No. WS1 (PSA 7 NM),2026-04-09,https://freemansauction.com/auctions/6514-sports-memorabilia,False,1,33.333333333333336,33.333333333333336
https://freemansauction.com/auction/6514-sports-memorabilia/lot/194,450.0,553.5,450.0,553.5,400.0,600.0,400.0,600.0,USD,Freemans,Sports,Basketball,A 1995-96 NBA Hoops Skyview Michael Jordan Basketball Card No. SV1 (PSA 8 NM-MT),2026-04-09,https://freemansauction.com/auctions/6514-sports-memorabilia,False,1,11.11111111111111,11.11111111111111
https://freemansauction.com/auction/6514-sports-memorabilia/lot/195,450.0,553.5,450.0,553.5,400.0,600.0,400.0,600.0,USD,Freemans,Sports,Basketball,A 1995-96 Flair Michael Jordan Anticipation Basketball Card No. 2 (PSA 8 NM-MT),2026-04-09,https://freemansauction.com/auctions/6514-sports-memorabilia,False,1,11.11111111111111,11.11111111111111
https://freemansauction.com/auction/6514-sports-memorabilia/lot/196,1600.0,1968.0,1600.0,1968.0,1000.0,2000.0,1000.0,2000.0,USD,Freemans,Sports,Basketball,A 1995-96 Flair Michael Jordan Hot Numbers Basketball Card No. 4 (PSA 8 NM-MT),2026-04-09,https://freemansauction.com/auctions/6514-sports-memorabilia,False,1,6.25,-6.25
https://freemansauction.com/auction/6514-sports-memorabilia/lot/197,250.0,307.5,250.0,307.5,250.0,350.0,250.0,350.0,USD,Freemans,Sports,Basketball,A 1995-96 Fleer Ultra Michael Jordan Gold Medallion Basketball Card No. 25 (PSA 8 NM-MT),2026-04-09,https://freemansauction.com/auctions/6514-sports-memorabilia,False,1,20.0,20.0
https://freemansauction.com/auction/6514-sports-memorabilia/lot/198,100.0,123.0,100.0,123.0,100.0,200.0,100.0,200.0,USD,Freemans,Sports,Basketball,A 1995 Skybox Premium Michael Jordan Standouts Hobby Basketball Card No. SH1 (PSA 7 NM),2026-04-09,https://freemansauction.com/auctions/6514-sports-memorabilia,False,1,50.0,50.0
https://freemansauction.com/auction/6514-sports-memorabilia/lot/199,300.0,369.0,300.0,369.0,300.0,500.0,300.0,500.0,USD,Freemans,Sports,Basketball,A 1995 Skybox Premium Michael Jordan Larger Than Life Basketball Card No. L1 (PSA 8 NM-MT),2026-04-09,https://freemansauction.com/auctions/6514-sports-memorabilia,False,1,33.333333333333336,33.333333333333336
https://freemansauction.com/auction/6514-sports-memorabilia/lot/200,750.0,922.5,750.0,922.5,700.0,900.0,700.0,900.0,USD,Freemans,Sports,Basketball,A 1995 Skybox Premium Michael Jordan Meltdown Basketball Card No. M1 (PSA 7 NM),2026-04-09,https://freemansauction.com/auctions/6514-sports-memorabilia,False,1,6.666666666666667,6.666666666666667
https://freemansauction.com/auction/6514-sports-memorabilia/lot/201,100.0,123.0,100.0,123.0,100.0,200.0,100.0,200.0,USD,Freemans,Sports,Basketball,A 1996 Flair Showcase Michael Jordan Row 1 Basketball Card (PSA 7 NM),2026-04-09,https://freemansauction.com/auctions/6514-sports-memorabilia,False,1,50.0,50.0
https://freemansauction.com/auction/6514-sports-memorabilia/lot/202,300.0,369.0,300.0,369.0,300.0,500.0,300.0,500.0,USD,Freemans,Sports,Basketball,A 1996 Fleer Metal Michael Jordan Decade of Excellence Basketball Card No. M4 (PSA 8 NM-MT),2026-04-09,https://freemansauction.com/auctions/6514-sports-memorabilia,False,1,33.333333333333336,33.333333333333336
https://freemansauction.com/auction/6514-sports-memorabilia/lot/203,300.0,369.0,300.0,369.0,300.0,500.0,300.0,500.0,USD,Freemans,Sports,Basketball,A 1996 Stadium Club Finest Michael Jordan 1984 Star Reprint Basketball Card No. 24 (PSA 8 NM-MT),2026-04-09,https://freemansauction.com/auctions/6514-sports-memorabilia,False,1,33.333333333333336,33.333333333333336
https://freemansauction.com/auction/6514-sports-memorabilia/lot/204,500.0,615.0,500.0,615.0,400.0,600.0,400.0,600.0,USD,Freemans,Sports,Basketball,A 1996 Topps Stadium Club Michael Jordan Special Forces Basketball Card No. SF4 (PSA 8 NM-MT),2026-04-09,https://freemansauction.com/auctions/6514-sports-memorabilia,False,1,0.0,0.0
https://freemansauction.com/auction/6514-sports-memorabilia/lot/206,200.0,246.0,200.0,246.0,100.0,200.0,100.0,200.0,USD,Freemans,Sports,Basketball,A 1993-94 Upper Deck Behind The Glass Sealed Redemption Set Including Michael Jordan,2026-04-09,https://freemansauction.com/auctions/6514-sports-memorabilia,False,1,25.0,-25.0
https://freemansauction.com/auction/6514-sports-memorabilia/lot/207,400.0,492.0,400.0,492.0,300.0,500.0,300.0,500.0,USD,Freemans,Sports,Basketball,A 1994-95 Skybox Emotion Ntense Basketball Card Insert Set Including Michael Jordan,2026-04-09,https://freemansauction.com/auctions/6514-sports-memorabilia,False,1,0.0,0.0
https://freemansauction.com/auction/6514-sports-memorabilia/lot/208,500.0,615.0,500.0,615.0,600.0,800.0,600.0,800.0,USD,Freemans,Sports,Basketball,A 1996 Topps NBA Stars Members Only Set Including 1985 Star Michael Jordan Reprint No. 24,2026-04-09,https://freemansauction.com/auctions/6514-sports-memorabilia,False,1,40.0,40.0
https://freemansauction.com/auction/6514-sports-memorabilia/lot/209,850.0,1045.5,850.0,1045.5,500.0,700.0,500.0,700.0,USD,Freemans,Sports,Basketball,A Collection of Six PSA Graded 1996 Topps Kobe Bryant Rookie Basketball Cards No. 138 (Four PSA 9 MINT and Two PSA 8 NM-MT),2026-04-09,https://freemansauction.com/auctions/6514-sports-memorabilia,False,1,29.41176470588235,-29.41176470588235
https://freemansauction.com/auction/6514-sports-memorabilia/lot/210,900.0,1107.0,900.0,1107.0,300.0,500.0,300.0,500.0,USD,Freemans,Sports,Basketball,A Collection of 10 1996 Stadium Club Rookies 2 R9 Kobe Bryant Rookie Cards (PSA 8 NM-MT)),2026-04-09,https://freemansauction.com/auctions/6514-sports-memorabilia,False,1,55.55555555555556,-55.55555555555556
https://freemansauction.com/auction/6514-sports-memorabilia/lot/211,200.0,246.0,200.0,246.0,100.0,200.0,100.0,200.0,USD,Freemans,Sports,Basketball,A Collection of PSA Graded 1997 Metal Universe Allen Iverson Reebok Basketball Cards No. 20,2026-04-09,https://freemansauction.com/auctions/6514-sports-memorabilia,False,1,25.0,-25.0
https://freemansauction.com/auction/6514-sports-memorabilia/lot/212,350.0,430.5,350.0,430.5,500.0,700.0,500.0,700.0,USD,Freemans,Sports,Basketball,A Collection of Upper Deck Michael Jordan 24K Gold Cards (7 Total),2026-04-09,https://freemansauction.com/auctions/6514-sports-memorabilia,False,1,71.42857142857143,71.42857142857143
https://freemansauction.com/auction/6514-sports-memorabilia/lot/213,6500.0,7995.0,6500.0,7995.0,8000.0,12000.0,8000.0,12000.0,USD,Freemans,Sports,Basketball,A 2003 Topps Chrome LeBron James Rookie Basketball Card No. 111 (PSA 10 GEM MINT),2026-04-09,https://freemansauction.com/auctions/6514-sports-memorabilia,False,1,53.84615384615385,53.84615384615385
https://freemansauction.com/auction/6514-sports-memorabilia/lot/214,1829.0,2249.67,1829.0,2249.67,2000.0,3000.0,2000.0,3000.0,USD,Freemans,Sports,Basketball,A 2003 Bowman Rookies and Stars LeBron James Bowman Rookie Basketball Card No. 123 (PSA 10 GEM MINT),2026-04-09,https://freemansauction.com/auctions/6514-sports-memorabilia,False,1,36.686714051394205,36.686714051394205
https://freemansauction.com/auction/6514-sports-memorabilia/lot/215,200.0,246.0,200.0,246.0,150.0,200.0,150.0,200.0,USD,Freemans,Sports,Basketball,A 2003 Upper Deck LeBron James Redemption Special Rookie Basketball Card (PSA 10 GEM MINT),2026-04-09,https://freemansauction.com/auctions/6514-sports-memorabilia,False,1,12.5,-12.5
https://freemansauction.com/auction/6514-sports-memorabilia/lot/216,100.0,123.0,100.0,123.0,100.0,200.0,100.0,200.0,USD,Freemans,Sports,Basketball,A 2003 Upper Deck Top Prospects LeBron James Rookie Basketball Card No. 60 (PSA 10 GEM MINT),2026-04-09,https://freemansauction.com/auctions/6514-sports-memorabilia,False,1,50.0,50.0
https://freemansauction.com/auction/6514-sports-memorabilia/lot/217,1100.0,1353.0,1100.0,1353.0,200.0,300.0,200.0,300.0,USD,Freemans,Sports,Basketball,A Large Collection of 1990s Basketball Card Sets,2026-04-09,https://freemansauction.com/auctions/6514-sports-memorabilia,False,1,77.27272727272727,-77.27272727272727
https://freemansauction.com/auction/6514-sports-memorabilia/lot/218,1300.0,1599.0,1300.0,1599.0,800.0,1200.0,800.0,1200.0,USD,Freemans,Sports,Football,A Collection of 1948 and 1949 Leaf Football Cards Including Multiple Hall of Famers (66),2026-04-09,https://freemansauction.com/auctions/6514-sports-memorabilia,False,1,23.076923076923077,-23.076923076923077
https://freemansauction.com/auction/6514-sports-memorabilia/lot/219,1800.0,2214.0,1800.0,2214.0,2000.0,3000.0,2000.0,3000.0,USD,Freemans,Sports,Football,A Collection of 1950 Bowman Football Cards Including Multiple Hall of Famers and Rookies (210),2026-04-09,https://freemansauction.com/auctions/6514-sports-memorabilia,False,1,38.888888888888886,38.888888888888886
https://freemansauction.com/auction/6514-sports-memorabilia/lot/220,300.0,369.0,300.0,369.0,300.0,500.0,300.0,500.0,USD,Freemans,Sports,Football,A Near Set of 1951 Topps Magic Football Cards (74/75),2026-04-09,https://freemansauction.com/auctions/6514-sports-memorabilia,False,1,33.333333333333336,33.333333333333336
https://freemansauction.com/auction/6514-sports-memorabilia/lot/221,1200.0,1476.0,1200.0,1476.0,1500.0,2500.0,1500.0,2500.0,USD,Freemans,Sports,Football,A Collection of 1951 Bowman Football Cards Including Multiple Hall of Famers and Rookies (136),2026-04-09,https://freemansauction.com/auctions/6514-sports-memorabilia,False,1,66.66666666666667,66.66666666666667
https://freemansauction.com/auction/6514-sports-memorabilia/lot/222,2250.0,2767.5,2250.0,2767.5,1000.0,2000.0,1000.0,2000.0,USD,Freemans,Sports,Football,A Collection of 1952 Bowman Large and Small Football Cards Including Multiple Hall of Famers (145),2026-04-09,https://freemansauction.com/auctions/6514-sports-memorabilia,False,1,33.333333333333336,-33.333333333333336
https://freemansauction.com/auction/6514-sports-memorabilia/lot/223,1400.0,1722.0,1400.0,1722.0,800.0,1200.0,800.0,1200.0,USD,Freemans,Sports,Football,A 1976 Topps Walter Payton Rookie Football Card No. 148 (PSA 8),2026-04-09,https://freemansauction.com/auctions/6514-sports-memorabilia,False,1,28.571428571428573,-28.571428571428573
https://freemansauction.com/auction/6514-sports-memorabilia/lot/224,350.0,430.5,350.0,430.5,250.0,350.0,250.0,350.0,USD,Freemans,Sports,Football,A 1976 Topps Walter Payton Rookie Football Card No. 148 (SGC 5 EX),2026-04-09,https://freemansauction.com/auctions/6514-sports-memorabilia,False,1,14.285714285714286,-14.285714285714286
https://freemansauction.com/auction/6514-sports-memorabilia/lot/225,150.0,184.5,150.0,184.5,300.0,500.0,300.0,500.0,USD,Freemans,Sports,Football,A Collection of Assorted Chicago Bears / Walter Payton Football Cards,2026-04-09,https://freemansauction.com/auctions/6514-sports-memorabilia,False,1,166.66666666666666,166.66666666666666
https://freemansauction.com/auction/6514-sports-memorabilia/lot/226,150.0,184.5,150.0,184.5,200.0,300.0,200.0,300.0,USD,Freemans,Sports,Football,A Complete Set of 1981 Topps Football Cards With PSA Graded Joe Montana Rookie,2026-04-09,https://freemansauction.com/auctions/6514-sports-memorabilia,False,1,66.66666666666667,66.66666666666667
https://freemansauction.com/auction/6514-sports-memorabilia/lot/227,650.0,799.5,650.0,799.5,500.0,700.0,500.0,700.0,USD,Freemans,Sports,Football,A 1992 Upper Deck Walter Payton Signed Autograph Football Heroes Card (375/2800),2026-04-09,https://freemansauction.com/auctions/6514-sports-memorabilia,False,1,7.6923076923076925,-7.6923076923076925
https://freemansauction.com/auction/6514-sports-memorabilia/lot/228,400.0,492.0,400.0,492.0,200.0,300.0,200.0,300.0,USD,Freemans,Sports,Football,A 1998 Bowman Chrome Peyton Manning Rookie Football Card No. 1 (PSA 10 GEM MINT),2026-04-09,https://freemansauction.com/auctions/6514-sports-memorabilia,False,1,37.5,-37.5
https://freemansauction.com/auction/6514-sports-memorabilia/lot/229,100.0,123.0,100.0,123.0,150.0,250.0,150.0,250.0,USD,Freemans,Sports,Football,A 1998 Leaf Rookies and Stars Peyton Manning Rookie Football Card No. 233 (PSA 10 GEM MINT),2026-04-09,https://freemansauction.com/auctions/6514-sports-memorabilia,False,1,100.0,100.0
https://freemansauction.com/auction/6514-sports-memorabilia/lot/230,200.0,246.0,200.0,246.0,100.0,200.0,100.0,200.0,USD,Freemans,Sports,Football,A 2000 Upper Deck Walter Payton Legendary Jerseys Football Card No. LJ-WP (Three Color Jersey Patch),2026-04-09,https://freemansauction.com/auctions/6514-sports-memorabilia,False,1,25.0,-25.0
https://freemansauction.com/auction/6514-sports-memorabilia/lot/231,350.0,430.5,350.0,430.5,500.0,700.0,500.0,700.0,USD,Freemans,Sports,Football,A Large Collection of Assorted 1960s-90s Hall of Fame Football Cards,2026-04-09,https://freemansauction.com/auctions/6514-sports-memorabilia,False,1,71.42857142857143,71.42857142857143
https://freemansauction.com/auction/6514-sports-memorabilia/lot/232,400.0,492.0,400.0,492.0,200.0,300.0,200.0,300.0,USD,Freemans,Sports,Football,A Collection Hall of Fame Signed Autograph Football Cards,2026-04-09,https://freemansauction.com/auctions/6514-sports-memorabilia,False,1,37.5,-37.5
https://freemansauction.com/auction/6514-sports-memorabilia/lot/233,1800.0,2214.0,1800.0,2214.0,800.0,1200.0,800.0,1200.0,USD,Freemans,Sports,Hockey,A 1966 Topps Bobby Orr Rookie Hockey Card No. 35 (PSA Recolored Designation),2026-04-09,https://freemansauction.com/auctions/6514-sports-memorabilia,False,1,44.44444444444444,-44.44444444444444
https://freemansauction.com/auction/6514-sports-memorabilia/lot/234,350.0,430.5,350.0,430.5,300.0,500.0,300.0,500.0,USD,Freemans,Sports,Hockey,A Collection of Five 1995 Parkhurst Bobby Orr Signed Autograph Hockey Cards,2026-04-09,https://freemansauction.com/auctions/6514-sports-memorabilia,False,1,14.285714285714286,14.285714285714286
https://freemansauction.com/auction/6514-sports-memorabilia/lot/235,200.0,246.0,200.0,246.0,200.0,300.0,200.0,300.0,USD,Freemans,Sports,Hockey,"A 1991 Upper Deck Brett Hull Signed Autograph Hockey Heroes Card No. 9 (72/2,500) PSA 9 MINT",2026-04-09,https://freemansauction.com/auctions/6514-sports-memorabilia,False,1,25.0,25.0
https://freemansauction.com/auction/6514-sports-memorabilia/lot/236,250.0,307.5,250.0,307.5,250.0,350.0,250.0,350.0,USD,Freemans,Sports,Hockey,A 1995 Upper Deck SP Wayne Gretzky Signed Autograph Hockey Card (Upper Deck Authenticated),2026-04-09,https://freemansauction.com/auctions/6514-sports-memorabilia,False,1,20.0,20.0
https://freemansauction.com/auction/6514-sports-memorabilia/lot/237,6000.0,7380.0,6000.0,7380.0,2000.0,3000.0,2000.0,3000.0,USD,Freemans,Sports,Baseball,An Unopened Wax Box of 1980 Topps Baseball Cards – Possible Rickey Henderson Rookie (BBCE Certified),2026-04-09,https://freemansauction.com/auctions/6514-sports-memorabilia,False,1,58.333333333333336,-58.333333333333336
https://freemansauction.com/auction/6514-sports-memorabilia/lot/238,6000.0,7380.0,6000.0,7380.0,2000.0,3000.0,2000.0,3000.0,USD,Freemans,Sports,Baseball,An Unopened Wax Box of 1980 Topps Baseball Cards – Possible Rickey Henderson Rookie (BBCE Certified),2026-04-09,https://freemansauction.com/auctions/6514-sports-memorabilia,False,1,58.333333333333336,-58.333333333333336
https://freemansauction.com/auction/6514-sports-memorabilia/lot/239,6500.0,7995.0,6500.0,7995.0,2000.0,3000.0,2000.0,3000.0,USD,Freemans,Sports,Baseball,An Unopened Wax Box of 1980 Topps Baseball Cards – Possible Rickey Henderson Rookie (BBCE Certified),2026-04-09,https://freemansauction.com/auctions/6514-sports-memorabilia,False,1,61.53846153846154,-61.53846153846154
https://freemansauction.com/auction/6514-sports-memorabilia/lot/240,6500.0,7995.0,6500.0,7995.0,2000.0,3000.0,2000.0,3000.0,USD,Freemans,Sports,Baseball,An Unopened Wax Box of 1980 Topps Baseball Cards – Possible Rickey Henderson Rookie (BBCE Certified),2026-04-09,https://freemansauction.com/auctions/6514-sports-memorabilia,False,1,61.53846153846154,-61.53846153846154
https://freemansauction.com/auction/6514-sports-memorabilia/lot/241,700.0,861.0,700.0,861.0,500.0,700.0,500.0,700.0,USD,Freemans,Sports,Baseball,An Unopened Wax Box of 1982 Topps Baseball Cards - Possible Cal Ripken Jr. Rookie,2026-04-09,https://freemansauction.com/auctions/6514-sports-memorabilia,False,1,14.285714285714286,-14.285714285714286
https://freemansauction.com/auction/6514-sports-memorabilia/lot/242,700.0,861.0,700.0,861.0,500.0,700.0,500.0,700.0,USD,Freemans,Sports,Baseball,An Unopened Wax Box of 1982 Topps Baseball Cards - Possible Cal Ripken Jr. Rookie,2026-04-09,https://freemansauction.com/auctions/6514-sports-memorabilia,False,1,14.285714285714286,-14.285714285714286
https://freemansauction.com/auction/6514-sports-memorabilia/lot/243,1000.0,1230.0,1000.0,1230.0,500.0,700.0,500.0,700.0,USD,Freemans,Sports,Baseball,"An Unopened Wax Box of 1983 Topps Baseball Cards – Possible Boggs, Gwynn, Sandberg Rookies",2026-04-09,https://freemansauction.com/auctions/6514-sports-memorabilia,False,1,40.0,-40.0
https://freemansauction.com/auction/6514-sports-memorabilia/lot/244,1100.0,1353.0,1100.0,1353.0,500.0,700.0,500.0,700.0,USD,Freemans,Sports,Baseball,"An Unopened Wax Box of 1983 Topps Baseball Cards – Possible Boggs, Gwynn, Sandberg Rookies",2026-04-09,https://freemansauction.com/auctions/6514-sports-memorabilia,False,1,45.45454545454545,-45.45454545454545
https://freemansauction.com/auction/6514-sports-memorabilia/lot/245,600.0,738.0,600.0,738.0,500.0,700.0,500.0,700.0,USD,Freemans,Sports,Baseball,"An Unopened Wax Box of 1983 Topps Baseball Cards – Possible Boggs, Gwynn, Sandberg Rookies",2026-04-09,https://freemansauction.com/auctions/6514-sports-memorabilia,False,1,0.0,0.0
https://freemansauction.com/auction/6514-sports-memorabilia/lot/246,1100.0,1353.0,1100.0,1353.0,500.0,700.0,500.0,700.0,USD,Freemans,Sports,Baseball,"An Unopened Wax Box of 1983 Topps Baseball Cards – Possible Boggs, Gwynn, Sandberg Rookies",2026-04-09,https://freemansauction.com/auctions/6514-sports-memorabilia,False,1,45.45454545454545,-45.45454545454545
https://freemansauction.com/auction/6514-sports-memorabilia/lot/247,950.0,1168.5,950.0,1168.5,300.0,500.0,300.0,500.0,USD,Freemans,Sports,Baseball,An Unopened Wax Box of 1984 Donruss Baseball Cards,2026-04-09,https://freemansauction.com/auctions/6514-sports-memorabilia,False,1,57.89473684210526,-57.89473684210526
https://freemansauction.com/auction/6514-sports-memorabilia/lot/248,900.0,1107.0,900.0,1107.0,300.0,500.0,300.0,500.0,USD,Freemans,Sports,Baseball,An Unopened Wax Box of 1984 Donruss Baseball Cards,2026-04-09,https://freemansauction.com/auctions/6514-sports-memorabilia,False,1,55.55555555555556,-55.55555555555556
https://freemansauction.com/auction/6514-sports-memorabilia/lot/249,500.0,615.0,500.0,615.0,200.0,300.0,200.0,300.0,USD,Freemans,Sports,Baseball,An Unopened Wax Box of 1984 Topps Baseball Cards,2026-04-09,https://freemansauction.com/auctions/6514-sports-memorabilia,False,1,50.0,-50.0
https://freemansauction.com/auction/6514-sports-memorabilia/lot/250,550.0,676.5,550.0,676.5,200.0,300.0,200.0,300.0,USD,Freemans,Sports,Baseball,An Unopened Wax Box of 1984 Topps Baseball Cards,2026-04-09,https://freemansauction.com/auctions/6514-sports-memorabilia,False,1,54.54545454545455,-54.54545454545455
https://freemansauction.com/auction/6514-sports-memorabilia/lot/251,500.0,615.0,500.0,615.0,200.0,300.0,200.0,300.0,USD,Freemans,Sports,Baseball,An Unopened Wax Box of 1984 Topps Baseball Cards,2026-04-09,https://freemansauction.com/auctions/6514-sports-memorabilia,False,1,50.0,-50.0
https://freemansauction.com/auction/6514-sports-memorabilia/lot/252,450.0,553.5,450.0,553.5,200.0,300.0,200.0,300.0,USD,Freemans,Sports,Baseball,An Unopened Wax Box of 1984 Topps Baseball Cards,2026-04-09,https://freemansauction.com/auctions/6514-sports-memorabilia,False,1,44.44444444444444,-44.44444444444444
https://freemansauction.com/auction/6514-sports-memorabilia/lot/253,450.0,553.5,450.0,553.5,200.0,300.0,200.0,300.0,USD,Freemans,Sports,Baseball,An Unopened Wax Box of 1984 Topps Baseball Cards,2026-04-09,https://freemansauction.com/auctions/6514-sports-memorabilia,False,1,44.44444444444444,-44.44444444444444
https://freemansauction.com/auction/6514-sports-memorabilia/lot/254,450.0,553.5,450.0,553.5,200.0,300.0,200.0,300.0,USD,Freemans,Sports,Baseball,An Unopened Wax Box of 1984 Topps Baseball Cards,2026-04-09,https://freemansauction.com/auctions/6514-sports-memorabilia,False,1,44.44444444444444,-44.44444444444444
https://freemansauction.com/auction/6514-sports-memorabilia/lot/255,300.0,369.0,300.0,369.0,200.0,300.0,200.0,300.0,USD,Freemans,Sports,Baseball,An Unopened Wax Box of 1984 Topps Baseball Cards,2026-04-09,https://freemansauction.com/auctions/6514-sports-memorabilia,False,1,16.666666666666668,-16.666666666666668
https://freemansauction.com/auction/6514-sports-memorabilia/lot/256,400.0,492.0,400.0,492.0,200.0,300.0,200.0,300.0,USD,Freemans,Sports,Baseball,An Unopened Wax Box of 1984 Topps Baseball Cards,2026-04-09,https://freemansauction.com/auctions/6514-sports-memorabilia,False,1,37.5,-37.5
https://freemansauction.com/auction/6514-sports-memorabilia/lot/257,650.0,799.5,650.0,799.5,300.0,500.0,300.0,500.0,USD,Freemans,Sports,Baseball,An Unopened Wax Box of 1985 Topps Baseball Cards,2026-04-09,https://freemansauction.com/auctions/6514-sports-memorabilia,False,1,38.46153846153846,-38.46153846153846
https://freemansauction.com/auction/6514-sports-memorabilia/lot/258,600.0,738.0,600.0,738.0,300.0,500.0,300.0,500.0,USD,Freemans,Sports,Baseball,An Unopened Wax Box of 1985 Topps Baseball Cards,2026-04-09,https://freemansauction.com/auctions/6514-sports-memorabilia,False,1,33.333333333333336,-33.333333333333336
https://freemansauction.com/auction/6514-sports-memorabilia/lot/259,200.0,246.0,200.0,246.0,200.0,300.0,200.0,300.0,USD,Freemans,Pop Culture,N/A,A 1950 Topps Football Felt Back Varsity Bubble Gum Pack,2026-04-09,https://freemansauction.com/auctions/6514-sports-memorabilia,False,1,25.0,25.0
https://freemansauction.com/auction/6514-sports-memorabilia/lot/260,900.0,1107.0,900.0,1107.0,600.0,800.0,600.0,800.0,USD,Freemans,Sports,Football,An Unopened Wax Box of 1982 Topps Football Cards,2026-04-09,https://freemansauction.com/auctions/6514-sports-memorabilia,False,1,22.22222222222222,-22.22222222222222
https://freemansauction.com/auction/6514-sports-memorabilia/lot/261,2250.0,2767.5,2250.0,2767.5,2000.0,3000.0,2000.0,3000.0,USD,Freemans,Sports,Football,"An Unopened Wax Box of 1984 Topps Football Cards – Possible Elway, Marino and Dickerson Rookies (BBCE CERTIFIED)",2026-04-09,https://freemansauction.com/auctions/6514-sports-memorabilia,False,1,11.11111111111111,11.11111111111111
https://freemansauction.com/auction/6514-sports-memorabilia/lot/262,350.0,430.5,350.0,430.5,200.0,300.0,200.0,300.0,USD,Freemans,Sports,Football,An Unopened Wax Box of 1987 Topps Football Cards,2026-04-09,https://freemansauction.com/auctions/6514-sports-memorabilia,False,1,28.571428571428573,-28.571428571428573
https://freemansauction.com/auction/6514-sports-memorabilia/lot/263,350.0,430.5,350.0,430.5,200.0,300.0,200.0,300.0,USD,Freemans,Sports,Football,An Unopened Wax Box of 1987 Topps Football Cards,2026-04-09,https://freemansauction.com/auctions/6514-sports-memorabilia,False,1,28.571428571428573,-28.571428571428573
https://freemansauction.com/auction/6514-sports-memorabilia/lot/264,400.0,492.0,400.0,492.0,300.0,500.0,300.0,500.0,USD,Freemans,Sports,Baseball,An Original Circa 1920s Babe Ruth Type Three World Wide News Photograph (PSA),2026-04-09,https://freemansauction.com/auctions/6514-sports-memorabilia,False,1,0.0,0.0
https://freemansauction.com/auction/6514-sports-memorabilia/lot/265,700.0,861.0,700.0,861.0,400.0,600.0,400.0,600.0,USD,Freemans,Sports,Baseball,An Original 1931 Babe Ruth New York Yankees With New York Mayor Jimmy Walker Type One Snapshot Photograph (PSA Authenticated),2026-04-09,https://freemansauction.com/auctions/6514-sports-memorabilia,False,1,28.571428571428573,-28.571428571428573
https://freemansauction.com/auction/6514-sports-memorabilia/lot/266,150.0,184.5,150.0,184.5,200.0,300.0,200.0,300.0,USD,Freemans,Sports,Baseball,A Barry Bonds Single Signed Autograph Baseball with 73 HR Inscription (JSA),2026-04-09,https://freemansauction.com/auctions/6514-sports-memorabilia,False,1,66.66666666666667,66.66666666666667
https://freemansauction.com/auction/6514-sports-memorabilia/lot/267,1000.0,1230.0,1000.0,1230.0,1000.0,2000.0,1000.0,2000.0,USD,Freemans,Sports,Baseball,A Collection of 15 500 Home Run Club Member Single Signed Autograph Baseballs (JSA),2026-04-09,https://freemansauction.com/auctions/6514-sports-memorabilia,False,1,50.0,50.0
https://freemansauction.com/auction/6514-sports-memorabilia/lot/268,300.0,369.0,300.0,369.0,250.0,350.0,250.0,350.0,USD,Freemans,Sports,Baseball,A Collection of 500 Home Run Club Signed Autograph Baseballs,2026-04-09,https://freemansauction.com/auctions/6514-sports-memorabilia,False,1,0.0,0.0
https://freemansauction.com/auction/6514-sports-memorabilia/lot/269,150.0,184.5,150.0,184.5,200.0,300.0,200.0,300.0,USD,Freemans,Sports,Baseball,A Hank Aaron Single Signed Autograph Baseball (Beckett Authentication Services),2026-04-09,https://freemansauction.com/auctions/6514-sports-memorabilia,False,1,66.66666666666667,66.66666666666667
https://freemansauction.com/auction/6514-sports-memorabilia/lot/270,100.0,123.0,100.0,123.0,150.0,250.0,150.0,250.0,USD,Freemans,Sports,Baseball,A Hank Aaron Single Signed Autograph Baseball - Vintage Signature (Beckett Authentication Services Letter),2026-04-09,https://freemansauction.com/auctions/6514-sports-memorabilia,False,1,100.0,100.0
https://freemansauction.com/auction/6514-sports-memorabilia/lot/272,300.0,369.0,300.0,369.0,400.0,600.0,400.0,600.0,USD,Freemans,Sports,Baseball,A Walter Alston Single Signed Autograph Baseball (JSA Letter),2026-04-09,https://freemansauction.com/auctions/6514-sports-memorabilia,False,1,66.66666666666667,66.66666666666667
https://freemansauction.com/auction/6514-sports-memorabilia/lot/273,1200.0,1476.0,1200.0,1476.0,1000.0,2000.0,1000.0,2000.0,USD,Freemans,Sports,Baseball,A 500 Home Run Club Signed Autograph Baseball (Beckett Authentication Services Letter),2026-04-09,https://freemansauction.com/auctions/6514-sports-memorabilia,False,1,25.0,25.0
https://freemansauction.com/auction/6514-sports-memorabilia/lot/274,150.0,184.5,150.0,184.5,300.0,500.0,300.0,500.0,USD,Freemans,Sports,Baseball,A Kings of Baseball Signed Autograph Bat (Beckett Authentication Services Letter),2026-04-09,https://freemansauction.com/auctions/6514-sports-memorabilia,False,1,166.66666666666666,166.66666666666666
https://freemansauction.com/auction/6514-sports-memorabilia/lot/276,1600.0,1968.0,1600.0,1968.0,1000.0,2000.0,1000.0,2000.0,USD,Freemans,Sports,Baseball,"A 1930 Chicago Cubs Team Signed Autograph Baseball with Rogers Hornsby, Hack Wilson, Kiki Cuyler and Gabby Hartnett (Beckett Authentication Services Letter)",2026-04-09,https://freemansauction.com/auctions/6514-sports-memorabilia,False,1,6.25,-6.25
https://freemansauction.com/auction/6514-sports-memorabilia/lot/277,100.0,123.0,100.0,123.0,150.0,250.0,150.0,250.0,USD,Freemans,Sports,Baseball,An Ernie Banks Signed Autograph Bat (Beckett Authentication Services),2026-04-09,https://freemansauction.com/auctions/6514-sports-memorabilia,False,1,100.0,100.0
https://freemansauction.com/auction/6514-sports-memorabilia/lot/278,200.0,246.0,200.0,246.0,300.0,500.0,300.0,500.0,USD,Freemans,Sports,Baseball,A Collection of 1969 Chicago Cubs Single Signed Autograph Baseballs,2026-04-09,https://freemansauction.com/auctions/6514-sports-memorabilia,False,1,100.0,100.0
https://freemansauction.com/auction/6514-sports-memorabilia/lot/279,150.0,184.5,150.0,184.5,200.0,300.0,200.0,300.0,USD,Freemans,Sports,Baseball,A Collection of Chicago Cubs Hall of Fame Signed Autograph Baseballs,2026-04-09,https://freemansauction.com/auctions/6514-sports-memorabilia,False,1,66.66666666666667,66.66666666666667
https://freemansauction.com/auction/6514-sports-memorabilia/lot/280,100.0,123.0,100.0,123.0,200.0,300.0,200.0,300.0,USD,Freemans,Sports,Baseball,A Collection of Chicago Cubs Signed Autograph Baseballs Including Sammy Sosa,2026-04-09,https://freemansauction.com/auctions/6514-sports-memorabilia,False,1,150.0,150.0
https://freemansauction.com/auction/6514-sports-memorabilia/lot/281,200.0,246.0,200.0,246.0,200.0,300.0,200.0,300.0,USD,Freemans,Sports,Baseball,A Harry Caray Single Signed Autograph Baseball,2026-04-09,https://freemansauction.com/auctions/6514-sports-memorabilia,False,1,25.0,25.0
https://freemansauction.com/auction/6514-sports-memorabilia/lot/282,200.0,246.0,200.0,246.0,200.0,300.0,200.0,300.0,USD,Freemans,Sports,Baseball,A 1998 Chicago Cubs vs. Houston Astros Kerry Wood 20 Strikeout Game Ticket Stub,2026-04-09,https://freemansauction.com/auctions/6514-sports-memorabilia,False,1,25.0,25.0
https://freemansauction.com/auction/6514-sports-memorabilia/lot/283,350.0,430.5,350.0,430.5,500.0,700.0,500.0,700.0,USD,Freemans,Sports,Baseball,A Collection of 2016 World Series Champion Chicago Cubs Signed Autograph Baseballs,2026-04-09,https://freemansauction.com/auctions/6514-sports-memorabilia,False,1,71.42857142857143,71.42857142857143
https://freemansauction.com/auction/6514-sports-memorabilia/lot/285,200.0,246.0,200.0,246.0,400.0,600.0,400.0,600.0,USD,Freemans,Sports,Baseball,A Collection of 2005 World Series Champion Chicago White Sox Signed Autograph Baseballs,2026-04-09,https://freemansauction.com/auctions/6514-sports-memorabilia,False,1,150.0,150.0
https://freemansauction.com/auction/6514-sports-memorabilia/lot/286,1400.0,1722.0,1400.0,1722.0,1000.0,2000.0,1000.0,2000.0,USD,Freemans,Sports,Baseball,A 2005 World Series Chicago White Sox Team Signed Autograph Baseball (Beckett Authentication Services),2026-04-09,https://freemansauction.com/auctions/6514-sports-memorabilia,False,1,7.142857142857143,7.142857142857143
https://freemansauction.com/auction/6514-sports-memorabilia/lot/287,100.0,123.0,100.0,123.0,200.0,300.0,200.0,300.0,USD,Freemans,Sports,Baseball,A Roy Campanella Post Accident Signed Autograph Photo Display (Beckett Authentication Services),2026-04-09,https://freemansauction.com/auctions/6514-sports-memorabilia,False,1,150.0,150.0
https://freemansauction.com/auction/6514-sports-memorabilia/lot/288,250.0,307.5,250.0,307.5,300.0,500.0,300.0,500.0,USD,Freemans,Sports,Baseball,"A Collection of Nine Brooklyn Dodgers Era Signed Autograph Baseballs (JSA, PSA, MLB)",2026-04-09,https://freemansauction.com/auctions/6514-sports-memorabilia,False,1,60.0,60.0
https://freemansauction.com/auction/6514-sports-memorabilia/lot/289,450.0,553.5,450.0,553.5,200.0,300.0,200.0,300.0,USD,Freemans,Sports,Baseball,A Sandy Koufax Single Signed Autograph Baseball (JSA),2026-04-09,https://freemansauction.com/auctions/6514-sports-memorabilia,False,1,44.44444444444444,-44.44444444444444
https://freemansauction.com/auction/6514-sports-memorabilia/lot/290,100.0,123.0,100.0,123.0,150.0,250.0,150.0,250.0,USD,Freemans,Sports,Baseball,A Rachel Robinson Single Signed Autograph Baseball (JSA),2026-04-09,https://freemansauction.com/auctions/6514-sports-memorabilia,False,1,100.0,100.0
https://freemansauction.com/auction/6514-sports-memorabilia/lot/291,250.0,307.5,250.0,307.5,200.0,300.0,200.0,300.0,USD,Freemans,Sports,Baseball,A Vin Scully Single Signed Autograph Baseball (JSA),2026-04-09,https://freemansauction.com/auctions/6514-sports-memorabilia,False,1,0.0,0.0
https://freemansauction.com/auction/6514-sports-memorabilia/lot/292,200.0,246.0,200.0,246.0,250.0,350.0,250.0,350.0,USD,Freemans,Sports,Baseball,A Collection of Los Angeles Dodgers Signed Autograph Baseballs,2026-04-09,https://freemansauction.com/auctions/6514-sports-memorabilia,False,1,50.0,50.0
https://freemansauction.com/auction/6514-sports-memorabilia/lot/293,300.0,369.0,300.0,369.0,300.0,500.0,300.0,500.0,USD,Freemans,Sports,Baseball,A Collection of New York Yankees Hall of Fame and Notable Signed Autograph Baseballs,2026-04-09,https://freemansauction.com/auctions/6514-sports-memorabilia,False,1,33.333333333333336,33.333333333333336
https://freemansauction.com/auction/6514-sports-memorabilia/lot/294,250.0,307.5,250.0,307.5,400.0,600.0,400.0,600.0,USD,Freemans,Sports,Baseball,A Collection of New York Yankees Signed Autograph Baseballs,2026-04-09,https://freemansauction.com/auctions/6514-sports-memorabilia,False,1,100.0,100.0
https://freemansauction.com/auction/6514-sports-memorabilia/lot/296,350.0,430.5,350.0,430.5,200.0,300.0,200.0,300.0,USD,Freemans,Sports,Baseball,"A Yogi Berra Single Signed Baseball Inscribed ""It Ain't Over Till It's Over""",2026-04-09,https://freemansauction.com/auctions/6514-sports-memorabilia,False,1,28.571428571428573,-28.571428571428573
https://freemansauction.com/auction/6514-sports-memorabilia/lot/297,500.0,615.0,500.0,615.0,300.0,500.0,300.0,500.0,USD,Freemans,Sports,Baseball,A Joe DiMaggio Signed Autograph Yankee Clipper Portrait Baseball (Beckett Authentication Services),2026-04-09,https://freemansauction.com/auctions/6514-sports-memorabilia,False,1,20.0,-20.0
https://freemansauction.com/auction/6514-sports-memorabilia/lot/298,300.0,369.0,300.0,369.0,200.0,300.0,200.0,300.0,USD,Freemans,Sports,Baseball,A Joe DiMaggio Single Signed Autograph Baseball (Beckett Authentication Services),2026-04-09,https://freemansauction.com/auctions/6514-sports-memorabilia,False,1,16.666666666666668,-16.666666666666668
https://freemansauction.com/auction/6514-sports-memorabilia/lot/299,300.0,369.0,300.0,369.0,200.0,300.0,200.0,300.0,USD,Freemans,Sports,Baseball,A Joe DiMaggio Single Signed Autograph Baseball (Beckett Authentication Services),2026-04-09,https://freemansauction.com/auctions/6514-sports-memorabilia,False,1,16.666666666666668,-16.666666666666668
https://freemansauction.com/auction/6514-sports-memorabilia/lot/300,250.0,307.5,250.0,307.5,200.0,300.0,200.0,300.0,USD,Freemans,Sports,Baseball,A Derek Jeter Single Signed Autograph Baseball (Beckett Authentication Services and Steiner),2026-04-09,https://freemansauction.com/auctions/6514-sports-memorabilia,False,1,0.0,0.0
https://freemansauction.com/auction/6514-sports-memorabilia/lot/301,200.0,246.0,200.0,246.0,200.0,300.0,200.0,300.0,USD,Freemans,Sports,Baseball,A Mickey Mantle Signed Autograph Photo (Beckett Authentication Services),2026-04-09,https://freemansauction.com/auctions/6514-sports-memorabilia,False,1,25.0,25.0
https://freemansauction.com/auction/6514-sports-memorabilia/lot/302,200.0,246.0,200.0,246.0,300.0,500.0,300.0,500.0,USD,Freemans,Pop Culture,N/A,"A July 18, 1956 Sports Illustrated Magazine — Mickey Mantle First Cover Appearance",2026-04-09,https://freemansauction.com/auctions/6514-sports-memorabilia,False,1,100.0,100.0
https://freemansauction.com/auction/6514-sports-memorabilia/lot/303,100.0,123.0,100.0,123.0,100.0,200.0,100.0,200.0,USD,Freemans,Sports,Baseball,A Casey Stengel Signed Autograph Postcard (PSA),2026-04-09,https://freemansauction.com/auctions/6514-sports-memorabilia,False,1,50.0,50.0
https://freemansauction.com/auction/6514-sports-memorabilia/lot/304,200.0,246.0,200.0,246.0,200.0,300.0,200.0,300.0,USD,Freemans,Sports,Baseball,A George Steinbrenner Single Signed Autograph Baseball (PSA),2026-04-09,https://freemansauction.com/auctions/6514-sports-memorabilia,False,1,25.0,25.0
https://freemansauction.com/auction/6514-sports-memorabilia/lot/305,300.0,369.0,300.0,369.0,200.0,300.0,200.0,300.0,USD,Freemans,Sports,Baseball,A Ken Griffey Jr. and Sr. Dual Signed Autograph Baseball (JSA),2026-04-09,https://freemansauction.com/auctions/6514-sports-memorabilia,False,1,16.666666666666668,-16.666666666666668
https://freemansauction.com/auction/6514-sports-memorabilia/lot/306,200.0,246.0,200.0,246.0,300.0,500.0,300.0,500.0,USD,Freemans,Sports,Baseball,A Rogers Hornsby Single Signed Autograph Baseball (JSA Letter),2026-04-09,https://freemansauction.com/auctions/6514-sports-memorabilia,False,1,100.0,100.0
https://freemansauction.com/auction/6514-sports-memorabilia/lot/307,100.0,123.0,100.0,123.0,150.0,250.0,150.0,250.0,USD,Freemans,Sports,Baseball,A Carl Hubbell Single Signed Autograph Baseball (JSA Letter),2026-04-09,https://freemansauction.com/auctions/6514-sports-memorabilia,False,1,100.0,100.0
https://freemansauction.com/auction/6514-sports-memorabilia/lot/308,350.0,430.5,350.0,430.5,250.0,350.0,250.0,350.0,USD,Freemans,Sports,Baseball,A Willie Mays Signed Autograph Bat (Beckett Authentication Services Letter),2026-04-09,https://freemansauction.com/auctions/6514-sports-memorabilia,False,1,14.285714285714286,-14.285714285714286
https://freemansauction.com/auction/6514-sports-memorabilia/lot/309,600.0,738.0,600.0,738.0,600.0,800.0,600.0,800.0,USD,Freemans,Pop Culture,N/A,An Original Vintage 1960s Willie Mays Bobblehead With Factory Box (Made In Japan),2026-04-09,https://freemansauction.com/auctions/6514-sports-memorabilia,False,1,16.666666666666668,16.666666666666668
https://freemansauction.com/auction/6514-sports-memorabilia/lot/311,150.0,184.5,150.0,184.5,200.0,300.0,200.0,300.0,USD,Freemans,Sports,Baseball,An Archive of Material from The Collection of Stan Musial,2026-04-09,https://freemansauction.com/auctions/6514-sports-memorabilia,False,1,66.66666666666667,66.66666666666667
https://freemansauction.com/auction/6514-sports-memorabilia/lot/312,400.0,492.0,400.0,492.0,300.0,500.0,300.0,500.0,USD,Freemans,Sports,Baseball,A Collection of St. Louis Hall of Fame and Notable Signed Autograph Baseballs,2026-04-09,https://freemansauction.com/auctions/6514-sports-memorabilia,False,1,0.0,0.0
https://freemansauction.com/auction/6514-sports-memorabilia/lot/313,200.0,246.0,200.0,246.0,200.0,300.0,200.0,300.0,USD,Freemans,Sports,Baseball,A Kirby Puckett Single Signed Autograph Baseball (Beckett Authentication Services),2026-04-09,https://freemansauction.com/auctions/6514-sports-memorabilia,False,1,25.0,25.0
https://freemansauction.com/auction/6514-sports-memorabilia/lot/314,300.0,369.0,300.0,369.0,200.0,300.0,200.0,300.0,USD,Freemans,Sports,Baseball,A Ted Williams Single Signed Autograph Baseball (JSA),2026-04-09,https://freemansauction.com/auctions/6514-sports-memorabilia,False,1,16.666666666666668,-16.666666666666668
https://freemansauction.com/auction/6514-sports-memorabilia/lot/315,400.0,492.0,400.0,492.0,500.0,700.0,500.0,700.0,USD,Freemans,Sports,Baseball,"A Collection of 12 3,000 Hit Club Member Single Signed Autograph Baseballs (JSA)",2026-04-09,https://freemansauction.com/auctions/6514-sports-memorabilia,False,1,50.0,50.0
https://freemansauction.com/auction/6514-sports-memorabilia/lot/316,300.0,369.0,300.0,369.0,400.0,600.0,400.0,600.0,USD,Freemans,Sports,Baseball,"A Collection of Nine 3,000 Hit Club Signed Autograph Baseballs",2026-04-09,https://freemansauction.com/auctions/6514-sports-memorabilia,False,1,66.66666666666667,66.66666666666667
https://freemansauction.com/auction/6514-sports-memorabilia/lot/317,200.0,246.0,200.0,246.0,200.0,300.0,200.0,300.0,USD,Freemans,Sports,Baseball,A Collection of Pete Rose Signed Autograph Baseballs with Inscriptions and Marge Schott Signed Baseball,2026-04-09,https://freemansauction.com/auctions/6514-sports-memorabilia,False,1,25.0,25.0
https://freemansauction.com/auction/6514-sports-memorabilia/lot/318,150.0,184.5,150.0,184.5,100.0,200.0,100.0,200.0,USD,Freemans,Sports,Baseball,"A Pete Rose Signed Autograph Black Baseball Inscribed ""I'm Sorry I Bet On Baseball"" (PSA)",2026-04-09,https://freemansauction.com/auctions/6514-sports-memorabilia,False,1,0.0,0.0
https://freemansauction.com/auction/6514-sports-memorabilia/lot/319,500.0,615.0,500.0,615.0,500.0,700.0,500.0,700.0,USD,Freemans,Sports,Baseball,A Large Collection of Hall of Fame Signed Autograph Baseballs (23),2026-04-09,https://freemansauction.com/auctions/6514-sports-memorabilia,False,1,20.0,20.0
https://freemansauction.com/auction/6514-sports-memorabilia/lot/320,250.0,307.5,250.0,307.5,300.0,500.0,300.0,500.0,USD,Freemans,Sports,Baseball,A Collection of Seven Hall of Fame and Notable Pitcher Signed Autograph Baseballs,2026-04-09,https://freemansauction.com/auctions/6514-sports-memorabilia,False,1,60.0,60.0
https://freemansauction.com/auction/6514-sports-memorabilia/lot/321,300.0,369.0,300.0,369.0,200.0,300.0,200.0,300.0,USD,Freemans,Sports,Baseball,A Bob Uecker Single Signed Autograph Baseball,2026-04-09,https://freemansauction.com/auctions/6514-sports-memorabilia,False,1,16.666666666666668,-16.666666666666668
https://freemansauction.com/auction/6514-sports-memorabilia/lot/322,350.0,430.5,350.0,430.5,300.0,500.0,300.0,500.0,USD,Freemans,Sports,Baseball,A Collection of 12 Hall of Fame and Notable Announcer Signed Autograph Baseballs,2026-04-09,https://freemansauction.com/auctions/6514-sports-memorabilia,False,1,14.285714285714286,14.285714285714286
https://freemansauction.com/auction/6514-sports-memorabilia/lot/323,200.0,246.0,200.0,246.0,300.0,500.0,300.0,500.0,USD,Freemans,Sports,Baseball,A Collection of 10 Hall of Fame Manager Signed Autograph Baseballs (JSA),2026-04-09,https://freemansauction.com/auctions/6514-sports-memorabilia,False,1,100.0,100.0
https://freemansauction.com/auction/6514-sports-memorabilia/lot/324,100.0,123.0,100.0,123.0,150.0,250.0,150.0,250.0,USD,Freemans,Sports,Baseball,A Bill Buckner and Mookie Wilson Dual Signed Autograph Baseball,2026-04-09,https://freemansauction.com/auctions/6514-sports-memorabilia,False,1,100.0,100.0
https://freemansauction.com/auction/6514-sports-memorabilia/lot/325,550.0,676.5,550.0,676.5,300.0,500.0,300.0,500.0,USD,Freemans,Sports,Baseball,A Large Collection of Notable Signed Autograph Baseballs (38),2026-04-09,https://freemansauction.com/auctions/6514-sports-memorabilia,False,1,27.272727272727273,-27.272727272727273
https://freemansauction.com/auction/6514-sports-memorabilia/lot/326,100.0,123.0,100.0,123.0,150.0,250.0,150.0,250.0,USD,Freemans,Sports,Baseball,A Collection of Five Executive Signed Autograph Baseballs,2026-04-09,https://freemansauction.com/auctions/6514-sports-memorabilia,False,1,100.0,100.0
https://freemansauction.com/auction/6514-sports-memorabilia/lot/327,150.0,184.5,150.0,184.5,150.0,250.0,150.0,250.0,USD,Freemans,Sports,Baseball,A Collection of 2004 World Series Champion Boston Red Sox Signed Autograph Baseballs,2026-04-09,https://freemansauction.com/auctions/6514-sports-memorabilia,False,1,33.333333333333336,33.333333333333336
https://freemansauction.com/auction/6514-sports-memorabilia/lot/329,350.0,430.5,350.0,430.5,300.0,500.0,300.0,500.0,USD,Freemans,Sports,Baseball,A Large Archive of Awards and Autographs from The Personal Collection of Ted Simmons,2026-04-09,https://freemansauction.com/auctions/6514-sports-memorabilia,False,1,14.285714285714286,14.285714285714286
https://freemansauction.com/auction/6514-sports-memorabilia/lot/330,200.0,246.0,200.0,246.0,200.0,300.0,200.0,300.0,USD,Freemans,Sports,Baseball,A Collection of 1952 and 1953 World Series New York Yankees Ticket Stubs,2026-04-09,https://freemansauction.com/auctions/6514-sports-memorabilia,False,1,25.0,25.0
https://freemansauction.com/auction/6514-sports-memorabilia/lot/332,400.0,492.0,400.0,492.0,200.0,300.0,200.0,300.0,USD,Freemans,Sports,Baseball,A Large Collection of Baseball Postseason Ticket Stubs,2026-04-09,https://freemansauction.com/auctions/6514-sports-memorabilia,False,1,37.5,-37.5
https://freemansauction.com/auction/6514-sports-memorabilia/lot/333,200.0,246.0,200.0,246.0,400.0,600.0,400.0,600.0,USD,Freemans,Sports,Baseball,"An Original, Unused 1940s Reach Official American League Baseball in Sealed Box",2026-04-09,https://freemansauction.com/auctions/6514-sports-memorabilia,False,1,150.0,150.0
https://freemansauction.com/auction/6514-sports-memorabilia/lot/335,950.0,1168.5,950.0,1168.5,200.0,300.0,200.0,300.0,USD,Freemans,Sports,N/A,An Al Hirschfeld Signed Autograph Baseball (Beckett Authentication Services),2026-04-09,https://freemansauction.com/auctions/6514-sports-memorabilia,False,1,73.6842105263158,-73.6842105263158
https://freemansauction.com/auction/6514-sports-memorabilia/lot/336,150.0,184.5,150.0,184.5,150.0,250.0,150.0,250.0,USD,Freemans,Pop Culture,N/A,A Stan Lee Signed Autograph Baseball (PSA),2026-04-09,https://freemansauction.com/auctions/6514-sports-memorabilia,False,1,33.333333333333336,33.333333333333336
https://freemansauction.com/auction/6514-sports-memorabilia/lot/337,1500.0,1845.0,1500.0,1845.0,800.0,1200.0,800.0,1200.0,USD,Freemans,Sports,Baseball,A President Barack Obama Single Signed Autograph Baseball (Beckett Authentication Services and JSA),2026-04-09,https://freemansauction.com/auctions/6514-sports-memorabilia,False,1,33.333333333333336,-33.333333333333336
https://freemansauction.com/auction/6514-sports-memorabilia/lot/338,450.0,553.5,450.0,553.5,700.0,900.0,700.0,900.0,USD,Freemans,Pop Culture,N/A,A President Joe Biden Single Signed Autograph Baseball (Beckett Authentication Services),2026-04-09,https://freemansauction.com/auctions/6514-sports-memorabilia,False,1,77.77777777777777,77.77777777777777
https://freemansauction.com/auction/6514-sports-memorabilia/lot/339,300.0,369.0,300.0,369.0,300.0,500.0,300.0,500.0,USD,Freemans,Pop Culture,N/A,A Collection of President Bill Clinton and Hillary Rodham Clinton Signed Autograph Baseballs (PSA),2026-04-09,https://freemansauction.com/auctions/6514-sports-memorabilia,False,1,33.333333333333336,33.333333333333336
https://freemansauction.com/auction/6514-sports-memorabilia/lot/340,250.0,307.5,250.0,307.5,200.0,300.0,200.0,300.0,USD,Freemans,Pop Culture,N/A,A Jimmy Carter Single Signed Autograph Baseball (PSA),2026-04-09,https://freemansauction.com/auctions/6514-sports-memorabilia,False,1,0.0,0.0
https://freemansauction.com/auction/6514-sports-memorabilia/lot/341,300.0,369.0,300.0,369.0,200.0,300.0,200.0,300.0,USD,Freemans,Pop Culture,N/A,A President Gerald Ford Single Signed Autograph Baseball,2026-04-09,https://freemansauction.com/auctions/6514-sports-memorabilia,False,1,16.666666666666668,-16.666666666666668
https://freemansauction.com/auction/6514-sports-memorabilia/lot/342,150.0,184.5,150.0,184.5,300.0,500.0,300.0,500.0,USD,Freemans,Pop Culture,N/A,An Evel Knievel Single Signed Autograph Basketball (PSA),2026-04-09,https://freemansauction.com/auctions/6514-sports-memorabilia,False,1,166.66666666666666,166.66666666666666
https://freemansauction.com/auction/6514-sports-memorabilia/lot/343,1000.0,1230.0,1000.0,1230.0,600.0,800.0,600.0,800.0,USD,Freemans,Pop Culture,N/A,Two James Earl Jones Field Of Dreams Inscribed Signed Baseballs (JSA),2026-04-09,https://freemansauction.com/auctions/6514-sports-memorabilia,False,1,30.0,-30.0
https://freemansauction.com/auction/6514-sports-memorabilia/lot/344,450.0,553.5,450.0,553.5,200.0,300.0,200.0,300.0,USD,Freemans,Pop Culture,N/A,"A Group of ""Field Of Dreams"" Actors Signed Baseballs Including Kevin Costner",2026-04-09,https://freemansauction.com/auctions/6514-sports-memorabilia,False,1,44.44444444444444,-44.44444444444444
https://freemansauction.com/auction/6514-sports-memorabilia/lot/345,150.0,184.5,150.0,184.5,200.0,300.0,200.0,300.0,USD,Freemans,Pop Culture,N/A,A Betty White Signed Autograph Baseball (PSA),2026-04-09,https://freemansauction.com/auctions/6514-sports-memorabilia,False,1,66.66666666666667,66.66666666666667
https://freemansauction.com/auction/6514-sports-memorabilia/lot/346,450.0,553.5,450.0,553.5,300.0,500.0,300.0,500.0,USD,Freemans,Sports,Basketball,A Collection of Kareem Abdul-Jabbar and John Wooden Signed Autograph Basketballs,2026-04-09,https://freemansauction.com/auctions/6514-sports-memorabilia,False,1,11.11111111111111,-11.11111111111111
https://freemansauction.com/auction/6514-sports-memorabilia/lot/347,100.0,123.0,100.0,123.0,200.0,300.0,200.0,300.0,USD,Freemans,Sports,Basketball,A Charles Barkley Signed Autograph Basketball (Beckett Authentication Services),2026-04-09,https://freemansauction.com/auctions/6514-sports-memorabilia,False,1,150.0,150.0
https://freemansauction.com/auction/6514-sports-memorabilia/lot/348,150.0,184.5,150.0,184.5,150.0,250.0,150.0,250.0,USD,Freemans,Sports,Basketball,A Larry Bird and Magic Johnson Dual Signed Autograph Photo (PSA and Beckett Authentication Services),2026-04-09,https://freemansauction.com/auctions/6514-sports-memorabilia,False,1,33.333333333333336,33.333333333333336
https://freemansauction.com/auction/6514-sports-memorabilia/lot/349,250.0,307.5,250.0,307.5,200.0,300.0,200.0,300.0,USD,Freemans,Sports,Basketball,A Larry Bird Signed Autograph Boston Celtics Jersey (Beckett Authentication Services),2026-04-09,https://freemansauction.com/auctions/6514-sports-memorabilia,False,1,0.0,0.0
https://freemansauction.com/auction/6514-sports-memorabilia/lot/350,450.0,553.5,450.0,553.5,200.0,300.0,200.0,300.0,USD,Freemans,Sports,Basketball,A Pair of Stephen Curry Signed Autograph Under Armour Basketball Shoes (Fanatics Authentic),2026-04-09,https://freemansauction.com/auctions/6514-sports-memorabilia,False,1,44.44444444444444,-44.44444444444444
https://freemansauction.com/auction/6514-sports-memorabilia/lot/351,30000.0,36900.0,30000.0,36900.0,3000.0,5000.0,3000.0,5000.0,USD,Freemans,Pop Culture,N/A,An Important Michael Jordan Nike Air Jordan III Type I Jean Moss Original Large 30 x 40 (48.75 x 59.75 Overall) Photograph Print (Moss Family Letter),2026-04-09,https://freemansauction.com/auctions/6514-sports-memorabilia,False,1,86.66666666666667,-86.66666666666667
https://freemansauction.com/auction/6514-sports-memorabilia/lot/352,2000.0,2460.0,2000.0,2460.0,2000.0,3000.0,2000.0,3000.0,USD,Freemans,Sports,Basketball,"A Michael Jordan Vintage Signed Autograph Basketball (Beckett Authentication Services, Moss Family Letter)",2026-04-09,https://freemansauction.com/auctions/6514-sports-memorabilia,False,1,25.0,25.0
https://freemansauction.com/auction/6514-sports-memorabilia/lot/353,2750.0,3382.5,2750.0,3382.5,1500.0,2500.0,1500.0,2500.0,USD,Freemans,Sports,Basketball,"A Michael Jordan Signed Autograph Original Jean Moss Polaroid Proof for McDonalds Acclaimed 1987 Muscular Dystrophy Advertisement (Beckett Authentication Services, Moss Family Letter)",2026-04-09,https://freemansauction.com/auctions/6514-sports-memorabilia,False,1,27.272727272727273,-27.272727272727273
https://freemansauction.com/auction/6514-sports-memorabilia/lot/354,2000.0,2460.0,2000.0,2460.0,1500.0,2500.0,1500.0,2500.0,USD,Freemans,Sports,Basketball,"A Michael Jordan Signed Autograph Original Jean Moss Polaroid Proof for McDonalds Acclaimed 1987 Muscular Dystrophy Advertisement (Beckett Authentication Services, Moss Family Letter)",2026-04-09,https://freemansauction.com/auctions/6514-sports-memorabilia,False,1,0.0,0.0
https://freemansauction.com/auction/6514-sports-memorabilia/lot/355,5500.0,6765.0,5500.0,6765.0,1500.0,2500.0,1500.0,2500.0,USD,Freemans,Sports,Basketball,"A Michael Jordan Signed Autograph Original Jean Moss Polaroid Proof for McDonalds Acclaimed 1987 Muscular Dystrophy Advertisement (Beckett Authentication Services, Moss Family Letter)",2026-04-09,https://freemansauction.com/auctions/6514-sports-memorabilia,False,1,63.63636363636363,-63.63636363636363
https://freemansauction.com/auction/6514-sports-memorabilia/lot/356,5000.0,6150.0,5000.0,6150.0,1500.0,2500.0,1500.0,2500.0,USD,Freemans,Sports,Basketball,"A Michael Jordan Signed Autograph Original Jean Moss Polaroid Proof for McDonalds Acclaimed 1987 Muscular Dystrophy Advertisement (Beckett Authentication Services, Moss Family Letter)",2026-04-09,https://freemansauction.com/auctions/6514-sports-memorabilia,False,1,60.0,-60.0
https://freemansauction.com/auction/6514-sports-memorabilia/lot/357,5000.0,6150.0,5000.0,6150.0,1500.0,2500.0,1500.0,2500.0,USD,Freemans,Sports,Basketball,"A Michael Jordan Signed Autograph Original Jean Moss Polaroid Proof for McDonalds Acclaimed 1987 Muscular Dystrophy Advertisement (Beckett Authentication Services, Moss Family Letter)",2026-04-09,https://freemansauction.com/auctions/6514-sports-memorabilia,False,1,60.0,-60.0
https://freemansauction.com/auction/6514-sports-memorabilia/lot/358,150.0,184.5,150.0,184.5,100.0,200.0,100.0,200.0,USD,Freemans,Sports,Basketball,A Collection of 1990s Chicago Bulls Tickets,2026-04-09,https://freemansauction.com/auctions/6514-sports-memorabilia,False,1,0.0,0.0
https://freemansauction.com/auction/6514-sports-memorabilia/lot/359,250.0,307.5,250.0,307.5,300.0,500.0,300.0,500.0,USD,Freemans,Sports,Basketball,A Career Collection of Michael Jordan Chicago Bulls Pocket Schedules,2026-04-09,https://freemansauction.com/auctions/6514-sports-memorabilia,False,1,60.0,60.0
https://freemansauction.com/auction/6514-sports-memorabilia/lot/360,50000.0,61500.0,50000.0,61500.0,10000.0,20000.0,10000.0,20000.0,USD,Freemans,Pop Culture,N/A,"A Nov. 28, 1983 Sports Illustrated Newsstand Edition - Michael Jordan First Cover Appearance - CGC 9.4, POP 2, Only One Graded Higher",2026-04-09,https://freemansauction.com/auctions/6514-sports-memorabilia,False,1,70.0,-70.0
https://freemansauction.com/auction/6514-sports-memorabilia/lot/362,550.0,676.5,550.0,676.5,400.0,600.0,400.0,600.0,USD,Freemans,Sports,Basketball,A Career Collection of Michael Jordan Sports Illustrated Magazines,2026-04-09,https://freemansauction.com/auctions/6514-sports-memorabilia,False,1,9.090909090909092,-9.090909090909092
https://freemansauction.com/auction/6514-sports-memorabilia/lot/363,50.0,61.5,50.0,61.5,100.0,200.0,100.0,200.0,USD,Freemans,Sports,Basketball,A Collection of Michael Jordan Chicago Bulls Tickets and 1985 Red Auerbach Tribute Ticket,2026-04-09,https://freemansauction.com/auctions/6514-sports-memorabilia,False,1,200.0,200.0
https://freemansauction.com/auction/6514-sports-memorabilia/lot/364,2750.0,3382.5,2750.0,3382.5,2000.0,3000.0,2000.0,3000.0,USD,Freemans,Sports,Basketball,A Michael Jordan 1988 Gatorade Slam Dunk Championship Signed Autograph Display (Upper Deck Authenticated Hologram),2026-04-09,https://freemansauction.com/auctions/6514-sports-memorabilia,False,1,9.090909090909092,-9.090909090909092
https://freemansauction.com/auction/6514-sports-memorabilia/lot/365,3000.0,3690.0,3000.0,3690.0,3000.0,5000.0,3000.0,5000.0,USD,Freemans,Sports,Basketball,A Michael Jordan Signed Autograph NBA All-Star Jersey (Upper Deck Authenticated Hologram),2026-04-09,https://freemansauction.com/auctions/6514-sports-memorabilia,False,1,33.333333333333336,33.333333333333336
https://freemansauction.com/auction/6514-sports-memorabilia/lot/366,250.0,307.5,250.0,307.5,300.0,500.0,300.0,500.0,USD,Freemans,Sports,Basketball,"A Michael Jordan 1998 NBA Finals ""The Shot"" Photo Display",2026-04-09,https://freemansauction.com/auctions/6514-sports-memorabilia,False,1,60.0,60.0
https://freemansauction.com/auction/6514-sports-memorabilia/lot/367,1200.0,1476.0,1200.0,1476.0,1000.0,2000.0,1000.0,2000.0,USD,Freemans,Sports,Basketball,A Michael Jordan Signed Autograph Upper Deck Authenticated Letter Display,2026-04-09,https://freemansauction.com/auctions/6514-sports-memorabilia,False,1,25.0,25.0
https://freemansauction.com/auction/6514-sports-memorabilia/lot/368,2250.0,2767.5,2250.0,2767.5,600.0,800.0,600.0,800.0,USD,Freemans,Sports,Golf,A Michael Jordan Signed Autograph Wilson Golf Bag (Beckett Authentication Services),2026-04-09,https://freemansauction.com/auctions/6514-sports-memorabilia,False,1,68.88888888888889,-68.88888888888889
https://freemansauction.com/auction/6514-sports-memorabilia/lot/369,1000.0,1230.0,1000.0,1230.0,1000.0,2000.0,1000.0,2000.0,USD,Freemans,Sports,Golf,A 2004 Chrysler All-Star Golf Shootout Signed Autograph Golf Flag Including Michael Jordan (Beckett Authentication Services Letter),2026-04-09,https://freemansauction.com/auctions/6514-sports-memorabilia,False,1,50.0,50.0
https://freemansauction.com/auction/6514-sports-memorabilia/lot/372,1200.0,1476.0,1200.0,1476.0,200.0,300.0,200.0,300.0,USD,Freemans,Pop Culture,N/A,A Large Collection of Assorted Michael Jordan Collectibles and Advertising Material,2026-04-09,https://freemansauction.com/auctions/6514-sports-memorabilia,False,1,79.16666666666667,-79.16666666666667
https://freemansauction.com/auction/6514-sports-memorabilia/lot/373,250.0,307.5,250.0,307.5,200.0,300.0,200.0,300.0,USD,Freemans,Pop Culture,N/A,"A 1987 Michael Jordan, Walter Payton and Andre Dawson Chicago Sports Legends Photo Display",2026-04-09,https://freemansauction.com/auctions/6514-sports-memorabilia,False,1,0.0,0.0
https://freemansauction.com/auction/6514-sports-memorabilia/lot/374,1000.0,1230.0,1000.0,1230.0,500.0,700.0,500.0,700.0,USD,Freemans,Sports,Basketball,A Collection of Vintage 1990s Chicago Bulls Locker Room Shirts and Hats,2026-04-09,https://freemansauction.com/auctions/6514-sports-memorabilia,False,1,40.0,-40.0
https://freemansauction.com/auction/6514-sports-memorabilia/lot/376,100.0,123.0,100.0,123.0,200.0,300.0,200.0,300.0,USD,Freemans,Sports,Basketball,A Shaquille O'Neal Signed Autograph Los Angeles Lakers Jersey,2026-04-09,https://freemansauction.com/auctions/6514-sports-memorabilia,False,1,150.0,150.0
https://freemansauction.com/auction/6514-sports-memorabilia/lot/377,200.0,246.0,200.0,246.0,250.0,350.0,250.0,350.0,USD,Freemans,Sports,Basketball,A Bill Russell Signed Autograph Basketball (Beckett Authentication Services),2026-04-09,https://freemansauction.com/auctions/6514-sports-memorabilia,False,1,50.0,50.0
https://freemansauction.com/auction/6514-sports-memorabilia/lot/378,200.0,246.0,200.0,246.0,250.0,350.0,250.0,350.0,USD,Freemans,Sports,Basketball,A Bill Russell Signed Autograph Basketball (Beckett Authentication Services),2026-04-09,https://freemansauction.com/auctions/6514-sports-memorabilia,False,1,50.0,50.0
https://freemansauction.com/auction/6514-sports-memorabilia/lot/380,350.0,430.5,350.0,430.5,400.0,600.0,400.0,600.0,USD,Freemans,Sports,Boxing,"A Sept. 20, 1955 Rocky Marciano vs. Archie Moore World Heavyweight Championship Boxing Ticket – Final Bout of Marciano's Historic 49-0 Career",2026-04-09,https://freemansauction.com/auctions/6514-sports-memorabilia,False,1,42.857142857142854,42.857142857142854
https://freemansauction.com/auction/6514-sports-memorabilia/lot/381,700.0,861.0,700.0,861.0,500.0,700.0,500.0,700.0,USD,Freemans,Sports,Boxing,"A Muhammad Ali vs Joe Frazier March 8, 1971 Signed Autograph Poster (PSA)",2026-04-09,https://freemansauction.com/auctions/6514-sports-memorabilia,False,1,14.285714285714286,-14.285714285714286
https://freemansauction.com/auction/6514-sports-memorabilia/lot/382,300.0,369.0,300.0,369.0,250.0,350.0,250.0,350.0,USD,Freemans,Pop Culture,N/A,A Muhammad Ali Signed Autograph Watch Set,2026-04-09,https://freemansauction.com/auctions/6514-sports-memorabilia,False,1,0.0,0.0
https://freemansauction.com/auction/6514-sports-memorabilia/lot/383,4000.0,4920.0,4000.0,4920.0,4000.0,6000.0,4000.0,6000.0,USD,Freemans,Sports,Football,A Tom Brady Signed Autograph Football with Extraordinarily Rare G.O.A.T. Inscription (G.O.A.T Authentics Letter),2026-04-09,https://freemansauction.com/auctions/6514-sports-memorabilia,False,1,25.0,25.0
https://freemansauction.com/auction/6514-sports-memorabilia/lot/384,4000.0,4920.0,4000.0,4920.0,4000.0,6000.0,4000.0,6000.0,USD,Freemans,Sports,Football,"A Rare Jostens 1985 Chicago Bears Super Bowl XX Championship Salesman Sample Ring Crafted to William ""The Refrigerator"" Perry's Size",2026-04-09,https://freemansauction.com/auctions/6514-sports-memorabilia,False,1,25.0,25.0
https://freemansauction.com/auction/6514-sports-memorabilia/lot/385,400.0,492.0,400.0,492.0,600.0,800.0,600.0,800.0,USD,Freemans,Sports,Football,A Walter Payton Signed Autograph Football (Beckett Authentication Services Letter),2026-04-09,https://freemansauction.com/auctions/6514-sports-memorabilia,False,1,75.0,75.0
https://freemansauction.com/auction/6514-sports-memorabilia/lot/387,1200.0,1476.0,1200.0,1476.0,1000.0,2000.0,1000.0,2000.0,USD,Freemans,Sports,Football,A Walter Payton Signed Autograph Chicago Bears Jersey Display With Multiple Career Inscriptions (PSA),2026-04-09,https://freemansauction.com/auctions/6514-sports-memorabilia,False,1,25.0,25.0
https://freemansauction.com/auction/6514-sports-memorabilia/lot/388,250.0,307.5,250.0,307.5,300.0,500.0,300.0,500.0,USD,Freemans,Sports,Football,A Collection of Walter Payton Signed Autograph Displays,2026-04-09,https://freemansauction.com/auctions/6514-sports-memorabilia,False,1,60.0,60.0
https://freemansauction.com/auction/6514-sports-memorabilia/lot/389,400.0,492.0,400.0,492.0,600.0,800.0,600.0,800.0,USD,Freemans,Sports,Football,A Collection of Chicago Bears Super XX Signed Autograph Mini Helmets (21),2026-04-09,https://freemansauction.com/auctions/6514-sports-memorabilia,False,1,75.0,75.0
https://freemansauction.com/auction/6514-sports-memorabilia/lot/390,450.0,553.5,450.0,553.5,500.0,700.0,500.0,700.0,USD,Freemans,Sports,Football,A Collection of Eight Chicago Bears Hall of Fame Signed Autograph Mini Helmets,2026-04-09,https://freemansauction.com/auctions/6514-sports-memorabilia,False,1,33.333333333333336,33.333333333333336
https://freemansauction.com/auction/6514-sports-memorabilia/lot/391,750.0,922.5,750.0,922.5,300.0,500.0,300.0,500.0,USD,Freemans,Sports,Football,A Collection of Chicago Bears Legends Signed Autograph Jerseys,2026-04-09,https://freemansauction.com/auctions/6514-sports-memorabilia,False,1,46.666666666666664,-46.666666666666664
https://freemansauction.com/auction/6514-sports-memorabilia/lot/392,250.0,307.5,250.0,307.5,300.0,500.0,300.0,500.0,USD,Freemans,Sports,Football,A Collection of Running Back Legend Signed Autograph Mini Helmets,2026-04-09,https://freemansauction.com/auctions/6514-sports-memorabilia,False,1,60.0,60.0
https://freemansauction.com/auction/6514-sports-memorabilia/lot/393,350.0,430.5,350.0,430.5,500.0,700.0,500.0,700.0,USD,Freemans,Sports,Football,A Group of Green Bay Packers Hall of Fame and Notable Signed Autograph Mini Helmets,2026-04-09,https://freemansauction.com/auctions/6514-sports-memorabilia,False,1,71.42857142857143,71.42857142857143
https://freemansauction.com/auction/6514-sports-memorabilia/lot/394,200.0,246.0,200.0,246.0,300.0,500.0,300.0,500.0,USD,Freemans,Sports,Football,A Reggie White Signed Autograph Green Bay Packers Mini Helmet (PSA),2026-04-09,https://freemansauction.com/auctions/6514-sports-memorabilia,False,1,100.0,100.0
https://freemansauction.com/auction/6514-sports-memorabilia/lot/395,250.0,307.5,250.0,307.5,300.0,500.0,300.0,500.0,USD,Freemans,Sports,Football,A Collection of Dallas Cowboys Hall of Fame Signed Autograph Mini Helmets,2026-04-09,https://freemansauction.com/auctions/6514-sports-memorabilia,False,1,60.0,60.0
https://freemansauction.com/auction/6514-sports-memorabilia/lot/396,150.0,184.5,150.0,184.5,300.0,500.0,300.0,500.0,USD,Freemans,Sports,Football,A Collection of Miami Dolphins Hall of Fame and Notables Signed Autograph Mini Helmets,2026-04-09,https://freemansauction.com/auctions/6514-sports-memorabilia,False,1,166.66666666666666,166.66666666666666
https://freemansauction.com/auction/6514-sports-memorabilia/lot/397,250.0,307.5,250.0,307.5,300.0,500.0,300.0,500.0,USD,Freemans,Sports,Football,A Collection of San Francisco 49ers Hall of Fame Signed Autograph Mini Helmets,2026-04-09,https://freemansauction.com/auctions/6514-sports-memorabilia,False,1,60.0,60.0
https://freemansauction.com/auction/6514-sports-memorabilia/lot/398,250.0,307.5,250.0,307.5,200.0,300.0,200.0,300.0,USD,Freemans,Sports,Football,A Joe Montana Signed Autograph San Francisco 49ers Jersey,2026-04-09,https://freemansauction.com/auctions/6514-sports-memorabilia,False,1,0.0,0.0
https://freemansauction.com/auction/6514-sports-memorabilia/lot/399,550.0,676.5,550.0,676.5,300.0,500.0,300.0,500.0,USD,Freemans,Sports,Football,A Collection of Pittsburgh Steelers Hall of Fame Signed Autograph Mini Helmets,2026-04-09,https://freemansauction.com/auctions/6514-sports-memorabilia,False,1,27.272727272727273,-27.272727272727273
https://freemansauction.com/auction/6514-sports-memorabilia/lot/400,150.0,184.5,150.0,184.5,150.0,250.0,150.0,250.0,USD,Freemans,Sports,Football,A Collection of Joe Namath Signed Autograph Mini Helmets,2026-04-09,https://freemansauction.com/auctions/6514-sports-memorabilia,False,1,33.333333333333336,33.333333333333336
https://freemansauction.com/auction/6514-sports-memorabilia/lot/401,1200.0,1476.0,1200.0,1476.0,600.0,800.0,600.0,800.0,USD,Freemans,Sports,Football,A Collection of Quarterback Greats Signed Autograph Mini Helmets (17),2026-04-09,https://freemansauction.com/auctions/6514-sports-memorabilia,False,1,41.666666666666664,-41.666666666666664
https://freemansauction.com/auction/6514-sports-memorabilia/lot/402,600.0,738.0,600.0,738.0,300.0,500.0,300.0,500.0,USD,Freemans,Sports,Football,A Large Collection of Assorted Notable Signed Autograph Mini Helmets (25),2026-04-09,https://freemansauction.com/auctions/6514-sports-memorabilia,False,1,33.333333333333336,-33.333333333333336
https://freemansauction.com/auction/6514-sports-memorabilia/lot/403,650.0,799.5,650.0,799.5,600.0,800.0,600.0,800.0,USD,Freemans,Sports,Football,A Large Collection of Football Hall of Fame Signed Autograph Mini Helmets (19),2026-04-09,https://freemansauction.com/auctions/6514-sports-memorabilia,False,1,7.6923076923076925,7.6923076923076925
https://freemansauction.com/auction/6514-sports-memorabilia/lot/404,150.0,184.5,150.0,184.5,250.0,350.0,250.0,350.0,USD,Freemans,Sports,Football,A Fearsome Foursome Signed Autograph Mini Helmet,2026-04-09,https://freemansauction.com/auctions/6514-sports-memorabilia,False,1,100.0,100.0
https://freemansauction.com/auction/6514-sports-memorabilia/lot/410,200.0,246.0,200.0,246.0,200.0,300.0,200.0,300.0,USD,Freemans,Sports,Golf,A Jack Nicklaus and Arnold Palmer Dual Signed Autograph Photo Display (PSA),2026-04-09,https://freemansauction.com/auctions/6514-sports-memorabilia,False,1,25.0,25.0
https://freemansauction.com/auction/6514-sports-memorabilia/lot/411,500.0,615.0,500.0,615.0,800.0,1200.0,800.0,1200.0,USD,Freemans,Sports,Hockey,A Collection of Signed Autograph Hockey Pucks Including Wayne Gretzky,2026-04-09,https://freemansauction.com/auctions/6514-sports-memorabilia,False,1,100.0,100.0
https://freemansauction.com/auction/6514-sports-memorabilia/lot/412,500.0,615.0,500.0,615.0,500.0,700.0,500.0,700.0,USD,Freemans,Sports,Soccer,A Pele Signed Autograph Soccer Ball,2026-04-09,https://freemansauction.com/auctions/6514-sports-memorabilia,False,1,20.0,20.0
https://freemansauction.com/auctions/6421-sports-memorabilia/lot/1,564.17,677.0,564.17,677.0,400.0,600.0,400.0,600.0,USD,Freemans,Sports,Baseball,A 1909-11 T206 Christy Mathewson Baseball Card (Polar Bear) (PSA Authentic Altered),2025-12-04,https://hindmanauctions.com/auctions/6421-sports-memorabilia,False,1,11.374231171455406,-11.374231171455406
https://freemansauction.com/auctions/6421-sports-memorabilia/lot/2,3331.67,3998.0,3331.67,3998.0,3000.0,5000.0,3000.0,5000.0,USD,Freemans,Sports,Baseball,A 1909-11 T206 Walter Johnson Hands At Chest Baseball Card (Piedmont) (PSA 4 VG-EX),2025-12-04,https://hindmanauctions.com/auctions/6421-sports-memorabilia,False,1,20.059909895037624,20.059909895037624
https://freemansauction.com/auctions/6421-sports-memorabilia/lot/3,154.17,185.0,154.17,185.0,100.0,200.0,100.0,200.0,USD,Freemans,Sports,Baseball,A 1909-11 T206 John McGraw Glove at Hip Baseball Card (Sweet Caporal) (PSA 2 GOOD),2025-12-04,https://hindmanauctions.com/auctions/6421-sports-memorabilia,False,1,2.7048063825646933,-2.7048063825646933
https://freemansauction.com/auctions/6421-sports-memorabilia/lot/5,205.0,246.0,205.0,246.0,300.0,500.0,300.0,500.0,USD,Freemans,Sports,Baseball,"A 1909-11 T206 Mickey Doolan (Portrait, Doolin Misspelled) Baseball Card (Sovereign) BVG 4 VG-EX",2025-12-04,https://hindmanauctions.com/auctions/6421-sports-memorabilia,False,1,95.1219512195122,95.1219512195122
https://freemansauction.com/auctions/6421-sports-memorabilia/lot/6,102.5,123.0,102.5,123.0,200.0,300.0,200.0,300.0,USD,Freemans,Sports,Baseball,A 1909-11 T206 Doc White (Portrait) Baseball Card (Sovereign) BVG 3.5 VG+,2025-12-04,https://hindmanauctions.com/auctions/6421-sports-memorabilia,False,1,143.90243902439025,143.90243902439025
https://freemansauction.com/auctions/6421-sports-memorabilia/lot/7,154.17,185.0,154.17,185.0,300.0,500.0,300.0,500.0,USD,Freemans,Sports,Baseball,A 1909-11 T206 Bill Hinchman (Cleveland) Baseball Card (Sovereign) BVG 4 VG-EX,2025-12-04,https://hindmanauctions.com/auctions/6421-sports-memorabilia,False,1,159.45384964649415,159.45384964649415
https://freemansauction.com/auctions/6421-sports-memorabilia/lot/8,102.5,123.0,102.5,123.0,200.0,300.0,200.0,300.0,USD,Freemans,Sports,Baseball,A 1909-11 T206 Dode Paskert Baseball Card (Sovereign) BVG 3.5 VG+,2025-12-04,https://hindmanauctions.com/auctions/6421-sports-memorabilia,False,1,143.90243902439025,143.90243902439025
https://freemansauction.com/auctions/6421-sports-memorabilia/lot/9,512.5,615.0,512.5,615.0,400.0,600.0,400.0,600.0,USD,Freemans,Sports,Baseball,A 1911 T205 Gold Border Christy Mathewson Baseball Card - Hassan (PSA Authentic Altered),2025-12-04,https://hindmanauctions.com/auctions/6421-sports-memorabilia,False,1,2.4390243902439024,-2.4390243902439024
https://freemansauction.com/auctions/6421-sports-memorabilia/lot/10,205.0,246.0,205.0,246.0,300.0,500.0,300.0,500.0,USD,Freemans,Sports,Baseball,A 1922 Eastern Exhibit Rogers Hornsby Baseball Card (PSA Authentic),2025-12-04,https://hindmanauctions.com/auctions/6421-sports-memorabilia,False,1,95.1219512195122,95.1219512195122
https://freemansauction.com/auctions/6421-sports-memorabilia/lot/11,15375.0,18450.0,15375.0,18450.0,15000.0,25000.0,15000.0,25000.0,USD,Freemans,Sports,Baseball,A 1925 Exhibits Lou Gehrig Rookie Baseball Card (PSA Authentic),2025-12-04,https://hindmanauctions.com/auctions/6421-sports-memorabilia,False,1,30.08130081300813,30.08130081300813
https://freemansauction.com/auctions/6421-sports-memorabilia/lot/12,2050.0,2460.0,2050.0,2460.0,2000.0,3000.0,2000.0,3000.0,USD,Freemans,Sports,Baseball,A 1925 Exhibits Babe Ruth Baseball Card (PSA Authentic),2025-12-04,https://hindmanauctions.com/auctions/6421-sports-memorabilia,False,1,21.951219512195124,21.951219512195124
https://freemansauction.com/auctions/6421-sports-memorabilia/lot/13,154.17,185.0,154.17,185.0,200.0,300.0,200.0,300.0,USD,Freemans,Sports,Baseball,A 1925 Exhibits Tris Speaker Baseball Card (PSA Authentic),2025-12-04,https://hindmanauctions.com/auctions/6421-sports-memorabilia,False,1,62.15865602905885,62.15865602905885
https://freemansauction.com/auctions/6421-sports-memorabilia/lot/14,307.5,369.0,307.5,369.0,500.0,700.0,500.0,700.0,USD,Freemans,Sports,Baseball,A 1926-29 Exhibits Walter Johnson Baseball Card - Blank Back (PSA Authentic),2025-12-04,https://hindmanauctions.com/auctions/6421-sports-memorabilia,False,1,95.1219512195122,95.1219512195122
https://freemansauction.com/auctions/6421-sports-memorabilia/lot/15,3587.5,4305.0,3587.5,4305.0,2000.0,3000.0,2000.0,3000.0,USD,Freemans,Sports,Baseball,A Collection of 1933 Goudey Baseball Cards (106),2025-12-04,https://hindmanauctions.com/auctions/6421-sports-memorabilia,False,1,30.313588850174217,-30.313588850174217
https://freemansauction.com/auctions/6421-sports-memorabilia/lot/16,256.67,308.0,256.67,308.0,250.0,350.0,250.0,350.0,USD,Freemans,Sports,Baseball,A Collection of 1933 Goudey Baseball Cards,2025-12-04,https://hindmanauctions.com/auctions/6421-sports-memorabilia,False,1,16.881598940273495,16.881598940273495
https://freemansauction.com/auctions/6421-sports-memorabilia/lot/17,12300.0,14760.0,12300.0,14760.0,8000.0,12000.0,8000.0,12000.0,USD,Freemans,Sports,Baseball,A 1933 Goudey Babe Ruth Baseball Card No. 181 (PSA 2.5 GOOD+),2025-12-04,https://hindmanauctions.com/auctions/6421-sports-memorabilia,False,1,18.69918699186992,-18.69918699186992
https://freemansauction.com/auctions/6421-sports-memorabilia/lot/18,6150.0,7380.0,6150.0,7380.0,5000.0,7000.0,5000.0,7000.0,USD,Freemans,Sports,Baseball,A 1933 Goudey Lou Gehrig Baseball Card No. 92 (PSA 3 VG),2025-12-04,https://hindmanauctions.com/auctions/6421-sports-memorabilia,False,1,2.4390243902439024,-2.4390243902439024
https://freemansauction.com/auctions/6421-sports-memorabilia/lot/20,410.0,492.0,410.0,492.0,300.0,500.0,300.0,500.0,USD,Freemans,Sports,Baseball,A 1933 Goudey Tris Speaker Baseball Card No. 89 (PSA 2 GOOD),2025-12-04,https://hindmanauctions.com/auctions/6421-sports-memorabilia,False,1,2.4390243902439024,-2.4390243902439024
https://freemansauction.com/auctions/6421-sports-memorabilia/lot/19,307.5,369.0,307.5,369.0,200.0,300.0,200.0,300.0,USD,Freemans,Sports,Baseball,A 1933 Goudey Rogers Hornsby Baseball Card No. 188 (PSA 1.5),2025-12-04,https://hindmanauctions.com/auctions/6421-sports-memorabilia,False,1,18.69918699186992,-18.69918699186992
https://freemansauction.com/auctions/6421-sports-memorabilia/lot/21,974.17,1169.0,974.17,1169.0,800.0,1200.0,800.0,1200.0,USD,Freemans,Sports,Baseball,A 1933 Goudey Mel Ott Baseball Card No. 127 (PSA 3 VG),2025-12-04,https://hindmanauctions.com/auctions/6421-sports-memorabilia,False,1,2.651487933317598,2.651487933317598
https://freemansauction.com/auctions/6421-sports-memorabilia/lot/22,154.17,185.0,154.17,185.0,200.0,300.0,200.0,300.0,USD,Freemans,Sports,Baseball,A 1933 Goudey Gabby Hartnett Baseball Card No. 202 (PSA 2 GOOD),2025-12-04,https://hindmanauctions.com/auctions/6421-sports-memorabilia,False,1,62.15865602905885,62.15865602905885
https://freemansauction.com/auctions/6421-sports-memorabilia/lot/24,359.17,431.0,359.17,431.0,500.0,700.0,500.0,700.0,USD,Freemans,Sports,Baseball,A Collection of 1934 Butterfinger Baseball Premiums Including Multiple Hall of Famers (9),2025-12-04,https://hindmanauctions.com/auctions/6421-sports-memorabilia,False,1,67.05181390427931,67.05181390427931
https://freemansauction.com/auctions/6421-sports-memorabilia/lot/25,1537.5,1845.0,1537.5,1845.0,1500.0,2500.0,1500.0,2500.0,USD,Freemans,Sports,Baseball,A 1934 R310 Butterfinger Babe Ruth Baseball Card (PSA 1),2025-12-04,https://hindmanauctions.com/auctions/6421-sports-memorabilia,False,1,30.08130081300813,30.08130081300813
https://freemansauction.com/auctions/6421-sports-memorabilia/lot/26,666.67,800.0,666.67,800.0,800.0,1200.0,800.0,1200.0,USD,Freemans,Sports,Baseball,A 1934 R310 Butterfinger Lou Gehrig Baseball Card (PSA 1),2025-12-04,https://hindmanauctions.com/auctions/6421-sports-memorabilia,False,1,49.99925000374999,49.99925000374999
https://freemansauction.com/auctions/6421-sports-memorabilia/lot/27,410.0,492.0,410.0,492.0,700.0,900.0,700.0,900.0,USD,Freemans,Sports,Baseball,A 1934 R310 Butterfinger Rogers Hornsby Baseball Card (PSA 1.5),2025-12-04,https://hindmanauctions.com/auctions/6421-sports-memorabilia,False,1,95.1219512195122,95.1219512195122
https://freemansauction.com/auctions/6421-sports-memorabilia/lot/28,410.0,492.0,410.0,492.0,700.0,900.0,700.0,900.0,USD,Freemans,Sports,Baseball,A 1934 R310 Butterfinger Walter Johnson Baseball Card (PSA 1.5),2025-12-04,https://hindmanauctions.com/auctions/6421-sports-memorabilia,False,1,95.1219512195122,95.1219512195122
https://freemansauction.com/auctions/6421-sports-memorabilia/lot/29,256.67,308.0,256.67,308.0,300.0,500.0,300.0,500.0,USD,Freemans,Sports,Baseball,A 1934 Gold Medal Flour Dizzy Dean Baseball Card (PSA 4 VG-EX),2025-12-04,https://hindmanauctions.com/auctions/6421-sports-memorabilia,False,1,55.84213192036466,55.84213192036466
https://freemansauction.com/auctions/6421-sports-memorabilia/lot/30,154.17,185.0,154.17,185.0,100.0,200.0,100.0,200.0,USD,Freemans,Sports,Baseball,A 1934 Gold Medal Flour Mickey Cochrane Baseball Card (PSA 4 VG-EX),2025-12-04,https://hindmanauctions.com/auctions/6421-sports-memorabilia,False,1,2.7048063825646933,-2.7048063825646933
https://freemansauction.com/auctions/6421-sports-memorabilia/lot/31,205.0,246.0,205.0,246.0,200.0,300.0,200.0,300.0,USD,Freemans,Sports,Baseball,A 1934 Gold Medal Flour Joe Medwick Rookie Baseball Card (PSA 4 VG-EX),2025-12-04,https://hindmanauctions.com/auctions/6421-sports-memorabilia,False,1,21.951219512195124,21.951219512195124
https://freemansauction.com/auctions/6421-sports-memorabilia/lot/32,102.5,123.0,102.5,123.0,150.0,250.0,150.0,250.0,USD,Freemans,Sports,Baseball,A 1934 Gold Medal Flour Pepper Martin Baseball Card (PSA 5 EX),2025-12-04,https://hindmanauctions.com/auctions/6421-sports-memorabilia,False,1,95.1219512195122,95.1219512195122
https://freemansauction.com/auctions/6421-sports-memorabilia/lot/33,102.5,123.0,102.5,123.0,150.0,250.0,150.0,250.0,USD,Freemans,Sports,Baseball,A 1934 Gold Medal Flour Frankie Frisch Baseball Card (PSA 4.5 VG-EX+),2025-12-04,https://hindmanauctions.com/auctions/6421-sports-memorabilia,False,1,95.1219512195122,95.1219512195122
https://freemansauction.com/auctions/6421-sports-memorabilia/lot/34,102.5,123.0,102.5,123.0,150.0,250.0,150.0,250.0,USD,Freemans,Sports,Baseball,A Collection of 1934 Gold Medal Flour Premiums R313A Baseball Cards (6),2025-12-04,https://hindmanauctions.com/auctions/6421-sports-memorabilia,False,1,95.1219512195122,95.1219512195122
https://freemansauction.com/auctions/6421-sports-memorabilia/lot/35,102.5,123.0,102.5,123.0,100.0,200.0,100.0,200.0,USD,Freemans,Sports,Baseball,A 1934 Diamond Stars Bill Terry Baseball Card No. 14 (PSA 2 GOOD),2025-12-04,https://hindmanauctions.com/auctions/6421-sports-memorabilia,False,1,46.34146341463415,46.34146341463415
https://freemansauction.com/auctions/6421-sports-memorabilia/lot/36,102.5,123.0,102.5,123.0,100.0,200.0,100.0,200.0,USD,Freemans,Sports,Baseball,A 1934 Diamond Stars Lloyd Waner Baseball Card No. 16 (PSA 2 GOOD),2025-12-04,https://hindmanauctions.com/auctions/6421-sports-memorabilia,False,1,46.34146341463415,46.34146341463415
https://freemansauction.com/auctions/6421-sports-memorabilia/lot/37,256.67,308.0,256.67,308.0,200.0,300.0,200.0,300.0,USD,Freemans,Sports,Baseball,A Collection of 1936 R311 Goudey Premiums Including Scarce Pepper Martin and Bat Boy Issue,2025-12-04,https://hindmanauctions.com/auctions/6421-sports-memorabilia,False,1,2.598667549772087,-2.598667549772087
https://freemansauction.com/auctions/6421-sports-memorabilia/lot/38,256.67,308.0,256.67,308.0,250.0,350.0,250.0,350.0,USD,Freemans,Sports,Baseball,A 1936 R311 Glossy Hank Greenberg Baseball Card (PSA 2 GOOD),2025-12-04,https://hindmanauctions.com/auctions/6421-sports-memorabilia,False,1,16.881598940273495,16.881598940273495
https://freemansauction.com/auctions/6421-sports-memorabilia/lot/39,4100.0,4920.0,4100.0,4920.0,3000.0,5000.0,3000.0,5000.0,USD,Freemans,Sports,Baseball,A 1936 Lou Gehrig Original News Type One Photograph Used For 1936 Goudey Card (PSA),2025-12-04,https://hindmanauctions.com/auctions/6421-sports-memorabilia,False,1,2.4390243902439024,-2.4390243902439024
https://freemansauction.com/auctions/6421-sports-memorabilia/lot/40,8200.0,9840.0,8200.0,9840.0,4000.0,6000.0,4000.0,6000.0,USD,Freemans,Sports,Baseball,A 1938 Goudey Heads Up Joe DiMaggio Rookie Baseball Card No. 250 (PSA 3 VG),2025-12-04,https://hindmanauctions.com/auctions/6421-sports-memorabilia,False,1,39.02439024390244,-39.02439024390244
https://freemansauction.com/auctions/6421-sports-memorabilia/lot/41,12300.0,14760.0,12300.0,14760.0,10000.0,20000.0,10000.0,20000.0,USD,Freemans,Sports,Baseball,A 1939 Goudey Premiums R303-A Ted Williams Rookie Baseball Card (PSA 3 VG),2025-12-04,https://hindmanauctions.com/auctions/6421-sports-memorabilia,False,1,21.951219512195124,21.951219512195124
https://freemansauction.com/auctions/6421-sports-memorabilia/lot/43,820.0,984.0,820.0,984.0,500.0,700.0,500.0,700.0,USD,Freemans,Sports,Baseball,A 1939-46 Salutations Exhibit Ted Williams Number 9 Not Showing Signed Autograph Baseball Card (PSA 10 Auto),2025-12-04,https://hindmanauctions.com/auctions/6421-sports-memorabilia,False,1,26.829268292682926,-26.829268292682926
https://freemansauction.com/auctions/6421-sports-memorabilia/lot/44,205.0,246.0,205.0,246.0,200.0,300.0,200.0,300.0,USD,Freemans,Sports,Baseball,A 1947-66 Exhibits Mickey Mantle Baseball Card - NAME IN WHITE OUTLINE (PSA 3.5 VG+),2025-12-04,https://hindmanauctions.com/auctions/6421-sports-memorabilia,False,1,21.951219512195124,21.951219512195124
https://freemansauction.com/auctions/6421-sports-memorabilia/lot/45,307.5,369.0,307.5,369.0,150.0,250.0,150.0,250.0,USD,Freemans,Sports,Baseball,A Collection of 1947-66 Exhibits Baseball Cards Including Jackie Robinson,2025-12-04,https://hindmanauctions.com/auctions/6421-sports-memorabilia,False,1,34.959349593495936,-34.959349593495936
https://freemansauction.com/auctions/6421-sports-memorabilia/lot/46,461.67,554.0,461.67,554.0,500.0,700.0,500.0,700.0,USD,Freemans,Sports,Baseball,A Collection of 1950s Exhibit Baseball Cards Including Multiple Hall of Famers (62),2025-12-04,https://hindmanauctions.com/auctions/6421-sports-memorabilia,False,1,29.962960556241466,29.962960556241466
https://freemansauction.com/auctions/6421-sports-memorabilia/lot/47,154.17,185.0,154.17,185.0,200.0,300.0,200.0,300.0,USD,Freemans,Sports,Baseball,A 1949 Baseball Sports Stamp Album National League Edition Complete With Jackie Robinson Stamp,2025-12-04,https://hindmanauctions.com/auctions/6421-sports-memorabilia,False,1,62.15865602905885,62.15865602905885
https://freemansauction.com/auctions/6421-sports-memorabilia/lot/48,769.17,923.0,769.17,923.0,500.0,700.0,500.0,700.0,USD,Freemans,Sports,Baseball,A Collection of 1950s Topps and Bowman Baseball Cards,2025-12-04,https://hindmanauctions.com/auctions/6421-sports-memorabilia,False,1,21.993837513163538,-21.993837513163538
https://freemansauction.com/auctions/6421-sports-memorabilia/lot/49,205.0,246.0,205.0,246.0,150.0,250.0,150.0,250.0,USD,Freemans,Sports,Baseball,A Collection of 1950 and 1951 Bowman Baseball Cards (33),2025-12-04,https://hindmanauctions.com/auctions/6421-sports-memorabilia,False,1,2.4390243902439024,-2.4390243902439024
https://freemansauction.com/auctions/6421-sports-memorabilia/lot/51,2050.0,2460.0,2050.0,2460.0,2000.0,3000.0,2000.0,3000.0,USD,Freemans,Sports,Baseball,A 1951 Bowman Willie Mays Rookie Baseball Card No. 305 (PSA 1),2025-12-04,https://hindmanauctions.com/auctions/6421-sports-memorabilia,False,1,21.951219512195124,21.951219512195124
https://freemansauction.com/auctions/6421-sports-memorabilia/lot/52,307.5,369.0,307.5,369.0,300.0,500.0,300.0,500.0,USD,Freemans,Sports,Baseball,A 1951 Bowman Ted Williams Baseball Card No. 165 (PSA 3 VG),2025-12-04,https://hindmanauctions.com/auctions/6421-sports-memorabilia,False,1,30.08130081300813,30.08130081300813
https://freemansauction.com/auctions/6421-sports-memorabilia/lot/53,410.0,492.0,410.0,492.0,300.0,500.0,300.0,500.0,USD,Freemans,Sports,Baseball,An Unopened Wax Pack of 1951 Topps Baseball Cards - RED BACK (PSA 8 NM-MT),2025-12-04,https://hindmanauctions.com/auctions/6421-sports-memorabilia,False,1,2.4390243902439024,-2.4390243902439024
https://freemansauction.com/auctions/6421-sports-memorabilia/lot/54,3587.5,4305.0,3587.5,4305.0,3000.0,5000.0,3000.0,5000.0,USD,Freemans,Sports,Baseball,A 1952 Bowman Mickey Mantle Baseball Card No. 101 (PSA 3.5 VG-EX+),2025-12-04,https://hindmanauctions.com/auctions/6421-sports-memorabilia,False,1,11.498257839721255,11.498257839721255
https://freemansauction.com/auctions/6421-sports-memorabilia/lot/55,666.67,800.0,666.67,800.0,400.0,600.0,400.0,600.0,USD,Freemans,Sports,Baseball,A 1952 Bowman Stan Musial Signed Autograph Baseball Card No. 196 (PSA Authentic),2025-12-04,https://hindmanauctions.com/auctions/6421-sports-memorabilia,False,1,25.000374998125004,-25.000374998125004
https://freemansauction.com/auctions/6421-sports-memorabilia/lot/56,102.5,123.0,102.5,123.0,150.0,250.0,150.0,250.0,USD,Freemans,Sports,Baseball,A 1952 Bowman Phil Rizzuto Signed Autograph Baseball Card No. 52 (PSA Authentic),2025-12-04,https://hindmanauctions.com/auctions/6421-sports-memorabilia,False,1,95.1219512195122,95.1219512195122
https://freemansauction.com/auctions/6421-sports-memorabilia/lot/57,359.17,431.0,359.17,431.0,300.0,500.0,300.0,500.0,USD,Freemans,Sports,Baseball,A 1952 Berk Ross Stan Musial Baseball Card (PSA 6 EX-MT),2025-12-04,https://hindmanauctions.com/auctions/6421-sports-memorabilia,False,1,11.367875936186202,11.367875936186202
https://freemansauction.com/auctions/6421-sports-memorabilia/lot/58,359.17,431.0,359.17,431.0,600.0,800.0,600.0,800.0,USD,Freemans,Sports,Baseball,A Collection of 1952 Bowman Baseball Cards Including Notables and Hall of Famers (81),2025-12-04,https://hindmanauctions.com/auctions/6421-sports-memorabilia,False,1,94.89378288832586,94.89378288832586
https://freemansauction.com/auctions/6421-sports-memorabilia/lot/60,2562.5,3075.0,2562.5,3075.0,1000.0,2000.0,1000.0,2000.0,USD,Freemans,Sports,Baseball,A Near Set of 1953 Bowman Color Baseball Cards (158/160),2025-12-04,https://hindmanauctions.com/auctions/6421-sports-memorabilia,False,1,41.46341463414634,-41.46341463414634
https://freemansauction.com/auctions/6421-sports-memorabilia/lot/59,359.17,431.0,359.17,431.0,200.0,300.0,200.0,300.0,USD,Freemans,Sports,Baseball,A Collection of 1952 Topps Baseball Cards Including Yogi Berra and Warren Spahn (20),2025-12-04,https://hindmanauctions.com/auctions/6421-sports-memorabilia,False,1,30.395077539883623,-30.395077539883623
https://freemansauction.com/auctions/6421-sports-memorabilia/lot/61,512.5,615.0,512.5,615.0,500.0,700.0,500.0,700.0,USD,Freemans,Sports,Baseball,A 1953 Bowman Color Mickey Mantle Baseball Card No. 59 (PSA 1 MK),2025-12-04,https://hindmanauctions.com/auctions/6421-sports-memorabilia,False,1,17.073170731707318,17.073170731707318
https://freemansauction.com/auctions/6421-sports-memorabilia/lot/62,512.5,615.0,512.5,615.0,500.0,700.0,500.0,700.0,USD,Freemans,Sports,Baseball,A 1953 Bowman Color Stan Musial Baseball Card No. 32 (PSA 5 EX),2025-12-04,https://hindmanauctions.com/auctions/6421-sports-memorabilia,False,1,17.073170731707318,17.073170731707318
https://freemansauction.com/auctions/6421-sports-memorabilia/lot/63,307.5,369.0,307.5,369.0,300.0,500.0,300.0,500.0,USD,Freemans,Sports,Baseball,A 1953 Bowman Color Stan Musial Baseball Card No. 32 (PSA 4 VG-EX),2025-12-04,https://hindmanauctions.com/auctions/6421-sports-memorabilia,False,1,30.08130081300813,30.08130081300813
https://freemansauction.com/auctions/6421-sports-memorabilia/lot/64,4356.67,5228.0,4356.67,5228.0,1500.0,2500.0,1500.0,2500.0,USD,Freemans,Sports,Baseball,A Near Set of 1953 Topps Baseball Cards (269/274),2025-12-04,https://hindmanauctions.com/auctions/6421-sports-memorabilia,False,1,54.093378658470805,-54.093378658470805
https://freemansauction.com/auctions/6421-sports-memorabilia/lot/65,205.0,246.0,205.0,246.0,150.0,250.0,150.0,250.0,USD,Freemans,Sports,Baseball,A Collection of 1953 Topps Baseball Cards,2025-12-04,https://hindmanauctions.com/auctions/6421-sports-memorabilia,False,1,2.4390243902439024,-2.4390243902439024
https://freemansauction.com/auctions/6421-sports-memorabilia/lot/67,5125.0,6150.0,5125.0,6150.0,4000.0,6000.0,4000.0,6000.0,USD,Freemans,Sports,Baseball,A 1953 Topps Mickey Mantle Baseball Card No. 82 (PSA 4 VG-EX),2025-12-04,https://hindmanauctions.com/auctions/6421-sports-memorabilia,False,1,2.4390243902439024,-2.4390243902439024
https://freemansauction.com/auctions/6421-sports-memorabilia/lot/69,1332.5,1599.0,1332.5,1599.0,1200.0,1800.0,1200.0,1800.0,USD,Freemans,Sports,Baseball,A 1953 Topps Willie Mays Baseball Card No. 244 (PSA 2 GOOD),2025-12-04,https://hindmanauctions.com/auctions/6421-sports-memorabilia,False,1,12.570356472795497,12.570356472795497
https://freemansauction.com/auctions/6421-sports-memorabilia/lot/70,1127.5,1353.0,1127.5,1353.0,800.0,1200.0,800.0,1200.0,USD,Freemans,Sports,Baseball,A 1953 Topps Satchel Paige Baseball Card No. 220 (PSA 3.5 VG+),2025-12-04,https://hindmanauctions.com/auctions/6421-sports-memorabilia,False,1,11.30820399113082,-11.30820399113082
https://freemansauction.com/auctions/6421-sports-memorabilia/lot/71,820.0,984.0,820.0,984.0,800.0,1200.0,800.0,1200.0,USD,Freemans,Sports,Baseball,A 1953 Topps Jackie Robinson Baseball Card No. 1 (PSA 2 GOOD),2025-12-04,https://hindmanauctions.com/auctions/6421-sports-memorabilia,False,1,21.951219512195124,21.951219512195124
https://freemansauction.com/auctions/6421-sports-memorabilia/lot/72,307.5,369.0,307.5,369.0,250.0,350.0,250.0,350.0,USD,Freemans,Sports,Baseball,A 1954 Bowman Mickey Mantle Baseball Card (SGC Authentic - Altered),2025-12-04,https://hindmanauctions.com/auctions/6421-sports-memorabilia,False,1,2.4390243902439024,-2.4390243902439024
https://freemansauction.com/auctions/6421-sports-memorabilia/lot/73,256.67,308.0,256.67,308.0,400.0,600.0,400.0,600.0,USD,Freemans,Sports,Baseball,A 1954 Bowman Willie Mays Baseball Card No. 89 (PSA 5 EX MC),2025-12-04,https://hindmanauctions.com/auctions/6421-sports-memorabilia,False,1,94.80266490045584,94.80266490045584
https://freemansauction.com/auctions/6421-sports-memorabilia/lot/74,205.0,246.0,205.0,246.0,150.0,250.0,150.0,250.0,USD,Freemans,Sports,Baseball,A Collection of 1954-56 Topps and Bowman Baseball Cards (166),2025-12-04,https://hindmanauctions.com/auctions/6421-sports-memorabilia,False,1,2.4390243902439024,-2.4390243902439024
https://freemansauction.com/auctions/6421-sports-memorabilia/lot/75,205.0,246.0,205.0,246.0,200.0,300.0,200.0,300.0,USD,Freemans,Sports,Baseball,A Complete 1954 Sports Illustrated First Issue with Original Mailing Envelope and 1954 Topps Baseball Card Insert,2025-12-04,https://hindmanauctions.com/auctions/6421-sports-memorabilia,False,1,21.951219512195124,21.951219512195124
https://freemansauction.com/auctions/6421-sports-memorabilia/lot/76,1435.0,1722.0,1435.0,1722.0,1000.0,2000.0,1000.0,2000.0,USD,Freemans,Sports,Baseball,A Near Set of 1954 Topps Baseball Cards (243/250),2025-12-04,https://hindmanauctions.com/auctions/6421-sports-memorabilia,False,1,4.529616724738676,4.529616724738676
https://freemansauction.com/auctions/6421-sports-memorabilia/lot/77,1742.5,2091.0,1742.5,2091.0,1500.0,2500.0,1500.0,2500.0,USD,Freemans,Sports,Baseball,A 1954 Topps Hank Aaron Rookie Baseball Card No. 128 (PSA 1.5 MK),2025-12-04,https://hindmanauctions.com/auctions/6421-sports-memorabilia,False,1,14.777618364418938,14.777618364418938
https://freemansauction.com/auctions/6421-sports-memorabilia/lot/78,359.17,431.0,359.17,431.0,400.0,600.0,400.0,600.0,USD,Freemans,Sports,Baseball,A 1954 Topps Ernie Banks Baseball Card No. 94 (PSA 2 GOOD MK),2025-12-04,https://hindmanauctions.com/auctions/6421-sports-memorabilia,False,1,39.209844920232754,39.209844920232754
https://freemansauction.com/auctions/6421-sports-memorabilia/lot/79,154.17,185.0,154.17,185.0,200.0,300.0,200.0,300.0,USD,Freemans,Sports,Baseball,A 1954 Topps Al Kaline Rookie Baseball Card No. 201 (PSA 1),2025-12-04,https://hindmanauctions.com/auctions/6421-sports-memorabilia,False,1,62.15865602905885,62.15865602905885
https://freemansauction.com/auctions/6421-sports-memorabilia/lot/80,307.5,369.0,307.5,369.0,300.0,500.0,300.0,500.0,USD,Freemans,Sports,Baseball,A 1954 Topps Willie Mays Baseball Card No. 90 (PSA 3 VG),2025-12-04,https://hindmanauctions.com/auctions/6421-sports-memorabilia,False,1,30.08130081300813,30.08130081300813
https://freemansauction.com/auctions/6421-sports-memorabilia/lot/81,307.5,369.0,307.5,369.0,300.0,500.0,300.0,500.0,USD,Freemans,Sports,Baseball,A 1954 Topps Jackie Robinson Baseball Card (PSA 2 GOOD),2025-12-04,https://hindmanauctions.com/auctions/6421-sports-memorabilia,False,1,30.08130081300813,30.08130081300813
https://freemansauction.com/auctions/6421-sports-memorabilia/lot/82,461.67,554.0,461.67,554.0,300.0,500.0,300.0,500.0,USD,Freemans,Sports,Baseball,A 1954 Topps Jackie Robinson Baseball Card No. 10 (PSA 2.5 GOOD+),2025-12-04,https://hindmanauctions.com/auctions/6421-sports-memorabilia,False,1,13.358026295839023,-13.358026295839023
https://freemansauction.com/auctions/6421-sports-memorabilia/lot/83,154.17,185.0,154.17,185.0,200.0,300.0,200.0,300.0,USD,Freemans,Sports,Baseball,A 1954 Topps Ted Williams Baseball Card No. 1 (PSA 4 VG-EX MC),2025-12-04,https://hindmanauctions.com/auctions/6421-sports-memorabilia,False,1,62.15865602905885,62.15865602905885
https://freemansauction.com/auctions/6421-sports-memorabilia/lot/85,256.67,308.0,256.67,308.0,250.0,350.0,250.0,350.0,USD,Freemans,Sports,Baseball,A 1954 Topps Ted Williams Baseball Card No. 250 (PSA 3 VG),2025-12-04,https://hindmanauctions.com/auctions/6421-sports-memorabilia,False,1,16.881598940273495,16.881598940273495
https://freemansauction.com/auctions/6421-sports-memorabilia/lot/84,102.5,123.0,102.5,123.0,100.0,200.0,100.0,200.0,USD,Freemans,Sports,Baseball,A 1954 Topps Ted Williams Baseball Card No. 250 (PSA 1.5),2025-12-04,https://hindmanauctions.com/auctions/6421-sports-memorabilia,False,1,46.34146341463415,46.34146341463415
https://freemansauction.com/auctions/6421-sports-memorabilia/lot/86,205.0,246.0,205.0,246.0,250.0,350.0,250.0,350.0,USD,Freemans,Sports,Baseball,A Collection of PSA Graded 1954 Topps Ted Williams Baseball Cards,2025-12-04,https://hindmanauctions.com/auctions/6421-sports-memorabilia,False,1,46.34146341463415,46.34146341463415
https://freemansauction.com/auctions/6421-sports-memorabilia/lot/87,307.5,369.0,307.5,369.0,250.0,350.0,250.0,350.0,USD,Freemans,Sports,Baseball,A 1955 Bowman Willie Mays Baseball Card No. 184 (PSA 4 VG-EX),2025-12-04,https://hindmanauctions.com/auctions/6421-sports-memorabilia,False,1,2.4390243902439024,-2.4390243902439024
https://freemansauction.com/auctions/6421-sports-memorabilia/lot/88,461.67,554.0,461.67,554.0,200.0,300.0,200.0,300.0,USD,Freemans,Sports,Baseball,A Collection of 1955 Bowman Trimmed Baseball Cards,2025-12-04,https://hindmanauctions.com/auctions/6421-sports-memorabilia,False,1,45.84876643489939,-45.84876643489939
https://freemansauction.com/auctions/6421-sports-memorabilia/lot/89,717.5,861.0,717.5,861.0,400.0,600.0,400.0,600.0,USD,Freemans,Sports,Baseball,A Collection of 1950s Red Man Tobacco Baseball Cards Including Multiple Hall of Famers - All With Tabs (49),2025-12-04,https://hindmanauctions.com/auctions/6421-sports-memorabilia,False,1,30.313588850174217,-30.313588850174217
https://freemansauction.com/auctions/6421-sports-memorabilia/lot/91,205.0,246.0,205.0,246.0,200.0,300.0,200.0,300.0,USD,Freemans,Sports,Baseball,A 1955 Topps Ted Williams Baseball Card No. 2 (PSA 3 VG),2025-12-04,https://hindmanauctions.com/auctions/6421-sports-memorabilia,False,1,21.951219512195124,21.951219512195124
https://freemansauction.com/auctions/6421-sports-memorabilia/lot/90,1127.5,1353.0,1127.5,1353.0,1000.0,2000.0,1000.0,2000.0,USD,Freemans,Sports,Baseball,A 1955 Topps Jackie Robinson Baseball Card No. 50 (PSA 5 EX),2025-12-04,https://hindmanauctions.com/auctions/6421-sports-memorabilia,False,1,33.03769401330377,33.03769401330377
https://freemansauction.com/auctions/6421-sports-memorabilia/lot/92,154.17,185.0,154.17,185.0,150.0,250.0,150.0,250.0,USD,Freemans,Sports,Baseball,A 1956 Topps Sandy Koufax Baseball Card - White Back (PSA 2 GOOD),2025-12-04,https://hindmanauctions.com/auctions/6421-sports-memorabilia,False,1,29.726924823247074,29.726924823247074
https://freemansauction.com/auctions/6421-sports-memorabilia/lot/93,205.0,246.0,205.0,246.0,150.0,250.0,150.0,250.0,USD,Freemans,Sports,Baseball,A 1956 Topps Sandy Koufax Baseball Card No. 79 - Gray Back (PSA 2 GOOD),2025-12-04,https://hindmanauctions.com/auctions/6421-sports-memorabilia,False,1,2.4390243902439024,-2.4390243902439024
https://freemansauction.com/auctions/6421-sports-memorabilia/lot/94,205.0,246.0,205.0,246.0,200.0,300.0,200.0,300.0,USD,Freemans,Sports,Baseball,A 1956 Topps Sandy Koufax Baseball Card No. 79 - Gray Back (PSA 3 VG),2025-12-04,https://hindmanauctions.com/auctions/6421-sports-memorabilia,False,1,21.951219512195124,21.951219512195124
https://freemansauction.com/auctions/6421-sports-memorabilia/lot/95,359.17,431.0,359.17,431.0,300.0,500.0,300.0,500.0,USD,Freemans,Sports,Baseball,A 1956 Topps Jackie Robinson Baseball Card No. 30 - White Back (PSA 2 GOOD),2025-12-04,https://hindmanauctions.com/auctions/6421-sports-memorabilia,False,1,11.367875936186202,11.367875936186202
https://freemansauction.com/auctions/6421-sports-memorabilia/lot/96,615.0,738.0,615.0,738.0,400.0,600.0,400.0,600.0,USD,Freemans,Sports,Baseball,A Collection of 1957 Topps Baseball Cards Including Hall of Famers and Rookies (241),2025-12-04,https://hindmanauctions.com/auctions/6421-sports-memorabilia,False,1,18.69918699186992,-18.69918699186992
https://freemansauction.com/auctions/6421-sports-memorabilia/lot/97,307.5,369.0,307.5,369.0,300.0,500.0,300.0,500.0,USD,Freemans,Sports,Baseball,A 1957 Topps Roberto Clemente Baseball Card No. 76 (PSA 6 EX-MT),2025-12-04,https://hindmanauctions.com/auctions/6421-sports-memorabilia,False,1,30.08130081300813,30.08130081300813
https://freemansauction.com/auctions/6421-sports-memorabilia/lot/98,154.17,185.0,154.17,185.0,200.0,300.0,200.0,300.0,USD,Freemans,Sports,Baseball,A 1957 Topps Willie Mays Baseball Card No. 10 (PSA 3 MC),2025-12-04,https://hindmanauctions.com/auctions/6421-sports-memorabilia,False,1,62.15865602905885,62.15865602905885
https://freemansauction.com/auctions/6421-sports-memorabilia/lot/99,564.17,677.0,564.17,677.0,600.0,800.0,600.0,800.0,USD,Freemans,Sports,Baseball,A 1957 Topps Mickey Mantle Baseball Card No. 95 (PSA 4 VG-EX),2025-12-04,https://hindmanauctions.com/auctions/6421-sports-memorabilia,False,1,24.076076359962432,24.076076359962432
https://freemansauction.com/auctions/6421-sports-memorabilia/lot/100,7687.5,9225.0,7687.5,9225.0,2000.0,3000.0,2000.0,3000.0,USD,Freemans,Sports,Baseball,A 1957 Topps Mickey Mantle Signed Autograph Baseball Card No. 95 (PSA 5 EX / AUTO 8),2025-12-04,https://hindmanauctions.com/auctions/6421-sports-memorabilia,False,1,67.47967479674797,-67.47967479674797
https://freemansauction.com/auctions/6421-sports-memorabilia/lot/101,256.67,308.0,256.67,308.0,100.0,200.0,100.0,200.0,USD,Freemans,Sports,Baseball,A 1957 Topps Mickey Mantle Yogi Berra Yankees Power Hitters Baseball Card No. 407 (PSA 2.5 GOOD+),2025-12-04,https://hindmanauctions.com/auctions/6421-sports-memorabilia,False,1,41.559200529863254,-41.559200529863254
https://freemansauction.com/auctions/6421-sports-memorabilia/lot/102,205.0,246.0,205.0,246.0,100.0,200.0,100.0,200.0,USD,Freemans,Sports,Baseball,A 1957 Yankee Powers Hitters No. 407 Baseball Card (PSA 1.5),2025-12-04,https://hindmanauctions.com/auctions/6421-sports-memorabilia,False,1,26.829268292682926,-26.829268292682926
https://freemansauction.com/auctions/6421-sports-memorabilia/lot/103,307.5,369.0,307.5,369.0,500.0,700.0,500.0,700.0,USD,Freemans,Sports,Baseball,A 1957 Topps Ted Williams Baseball Card No. 1 (PSA 8 NM-MT OC),2025-12-04,https://hindmanauctions.com/auctions/6421-sports-memorabilia,False,1,95.1219512195122,95.1219512195122
https://freemansauction.com/auctions/6421-sports-memorabilia/lot/104,102.5,123.0,102.5,123.0,200.0,300.0,200.0,300.0,USD,Freemans,Sports,Baseball,A 1957 Topps Ted Williams Baseball Card No. 1 (PSA 3 VG),2025-12-04,https://hindmanauctions.com/auctions/6421-sports-memorabilia,False,1,143.90243902439025,143.90243902439025
https://freemansauction.com/auctions/6421-sports-memorabilia/lot/105,51.67,62.0,51.67,62.0,100.0,200.0,100.0,200.0,USD,Freemans,Sports,Baseball,A 1957 Topps Frank Robinson Rookie Baseball Card No. 35 (PSA 2 GOOD),2025-12-04,https://hindmanauctions.com/auctions/6421-sports-memorabilia,False,1,190.30385136442808,190.30385136442808
https://freemansauction.com/auctions/6421-sports-memorabilia/lot/106,410.0,492.0,410.0,492.0,300.0,500.0,300.0,500.0,USD,Freemans,Sports,Baseball,A Collection of 1958 Topps Baseball Cards Including Multiple Hall of Famers (95),2025-12-04,https://hindmanauctions.com/auctions/6421-sports-memorabilia,False,1,2.4390243902439024,-2.4390243902439024
https://freemansauction.com/auctions/6421-sports-memorabilia/lot/107,205.0,246.0,205.0,246.0,200.0,300.0,200.0,300.0,USD,Freemans,Sports,Baseball,A 1958 Topps Hank Aaron Baseball Card No. 30 (PSA 4 VG-EX),2025-12-04,https://hindmanauctions.com/auctions/6421-sports-memorabilia,False,1,21.951219512195124,21.951219512195124
https://freemansauction.com/auctions/6421-sports-memorabilia/lot/109,256.67,308.0,256.67,308.0,250.0,350.0,250.0,350.0,USD,Freemans,Sports,Baseball,A 1958 Topps Mickey Mantle All Star Baseball Card No. 487 (PSA 6 EX-MT),2025-12-04,https://hindmanauctions.com/auctions/6421-sports-memorabilia,False,1,16.881598940273495,16.881598940273495
https://freemansauction.com/auctions/6421-sports-memorabilia/lot/108,154.17,185.0,154.17,185.0,100.0,200.0,100.0,200.0,USD,Freemans,Sports,Baseball,A 1958 Topps Mickey Mantle All Star Baseball Card No. 487 (PSA 2 GOOD),2025-12-04,https://hindmanauctions.com/auctions/6421-sports-memorabilia,False,1,2.7048063825646933,-2.7048063825646933
https://freemansauction.com/auctions/6421-sports-memorabilia/lot/110,205.0,246.0,205.0,246.0,200.0,300.0,200.0,300.0,USD,Freemans,Sports,Baseball,A 1958 Topps Roger Maris Rookie Baseball Card No. 47 (PSA 4 VG-EX),2025-12-04,https://hindmanauctions.com/auctions/6421-sports-memorabilia,False,1,21.951219512195124,21.951219512195124
https://freemansauction.com/auctions/6421-sports-memorabilia/lot/111,154.17,185.0,154.17,185.0,150.0,250.0,150.0,250.0,USD,Freemans,Sports,Baseball,A 1958 Topps Sandy Koufax Baseball Card No. 187 (PSA 5 EX),2025-12-04,https://hindmanauctions.com/auctions/6421-sports-memorabilia,False,1,29.726924823247074,29.726924823247074
https://freemansauction.com/auctions/6421-sports-memorabilia/lot/112,410.0,492.0,410.0,492.0,400.0,600.0,400.0,600.0,USD,Freemans,Sports,Baseball,A Collection of 1959 Topps Baseball Cards Including Multiple Hall of Famers (86),2025-12-04,https://hindmanauctions.com/auctions/6421-sports-memorabilia,False,1,21.951219512195124,21.951219512195124
https://freemansauction.com/auctions/6421-sports-memorabilia/lot/113,307.5,369.0,307.5,369.0,250.0,350.0,250.0,350.0,USD,Freemans,Sports,Baseball,A 1959 Topps Bob Gibson Rookie Baseball Card No. 514 (PSA 2 GOOD),2025-12-04,https://hindmanauctions.com/auctions/6421-sports-memorabilia,False,1,2.4390243902439024,-2.4390243902439024
https://freemansauction.com/auctions/6421-sports-memorabilia/lot/114,666.67,800.0,666.67,800.0,700.0,900.0,700.0,900.0,USD,Freemans,Sports,Baseball,A 1959 Fleer Ted Williams Ted Signs For 1959 Baseball Card No. 68 (PSA 5 EX),2025-12-04,https://hindmanauctions.com/auctions/6421-sports-memorabilia,False,1,19.99940000299999,19.99940000299999
https://freemansauction.com/auctions/6421-sports-memorabilia/lot/115,410.0,492.0,410.0,492.0,600.0,800.0,600.0,800.0,USD,Freemans,Sports,Baseball,A Near Set of 1959 Fleer Ted Williams Baseball Cards (79/80),2025-12-04,https://hindmanauctions.com/auctions/6421-sports-memorabilia,False,1,70.73170731707317,70.73170731707317
https://freemansauction.com/auctions/6421-sports-memorabilia/lot/116,1230.0,1476.0,1230.0,1476.0,600.0,800.0,600.0,800.0,USD,Freemans,Sports,Baseball,A Shoebox Collection of 1950s-60s Baseball Cards Including Multiple Hall of Famers,2025-12-04,https://hindmanauctions.com/auctions/6421-sports-memorabilia,False,1,43.08943089430894,-43.08943089430894
https://freemansauction.com/auctions/6421-sports-memorabilia/lot/118,1947.5,2337.0,1947.5,2337.0,800.0,1200.0,800.0,1200.0,USD,Freemans,Sports,Baseball,A Collection of Assorted 1960s Baseball Cards Including Mickey Mantle and Multiple Hall of Famers,2025-12-04,https://hindmanauctions.com/auctions/6421-sports-memorabilia,False,1,48.65211810012837,-48.65211810012837
https://freemansauction.com/auctions/6421-sports-memorabilia/lot/119,717.5,861.0,717.5,861.0,500.0,700.0,500.0,700.0,USD,Freemans,Sports,Baseball,A Collection of Mickey Mantle Baseball Cards Including PSA Graded Issues,2025-12-04,https://hindmanauctions.com/auctions/6421-sports-memorabilia,False,1,16.37630662020906,-16.37630662020906
https://freemansauction.com/auctions/6421-sports-memorabilia/lot/120,307.5,369.0,307.5,369.0,250.0,350.0,250.0,350.0,USD,Freemans,Sports,Baseball,A Collection of Hall of Fame Graded Baseball Cards,2025-12-04,https://hindmanauctions.com/auctions/6421-sports-memorabilia,False,1,2.4390243902439024,-2.4390243902439024
https://freemansauction.com/auctions/6421-sports-memorabilia/lot/121,205.0,246.0,205.0,246.0,300.0,500.0,300.0,500.0,USD,Freemans,Sports,Baseball,A Collection of 1960s Willie Mays SGC Graded Topps Baseball Cards,2025-12-04,https://hindmanauctions.com/auctions/6421-sports-memorabilia,False,1,95.1219512195122,95.1219512195122
https://freemansauction.com/auctions/6421-sports-memorabilia/lot/122,512.5,615.0,512.5,615.0,400.0,600.0,400.0,600.0,USD,Freemans,Sports,Baseball,A Collection of Over 550 1960 Topps Baseball Cards,2025-12-04,https://hindmanauctions.com/auctions/6421-sports-memorabilia,False,1,2.4390243902439024,-2.4390243902439024
https://freemansauction.com/auctions/6421-sports-memorabilia/lot/123,1127.5,1353.0,1127.5,1353.0,800.0,1200.0,800.0,1200.0,USD,Freemans,Sports,Baseball,A Near Set of 1960 Topps Baseball Cards (549/572),2025-12-04,https://hindmanauctions.com/auctions/6421-sports-memorabilia,False,1,11.30820399113082,-11.30820399113082
https://freemansauction.com/auctions/6421-sports-memorabilia/lot/125,410.0,492.0,410.0,492.0,400.0,600.0,400.0,600.0,USD,Freemans,Sports,Baseball,A 1960 Topps Roberto Clemente Baseball Card No. 326 (PSA 7 NM),2025-12-04,https://hindmanauctions.com/auctions/6421-sports-memorabilia,False,1,21.951219512195124,21.951219512195124
https://freemansauction.com/auctions/6421-sports-memorabilia/lot/124,256.67,308.0,256.67,308.0,200.0,300.0,200.0,300.0,USD,Freemans,Sports,Baseball,A 1960 Topps Hank Aaron Baseball Card No. 300 (PSA 5 EX),2025-12-04,https://hindmanauctions.com/auctions/6421-sports-memorabilia,False,1,2.598667549772087,-2.598667549772087
https://freemansauction.com/auctions/6421-sports-memorabilia/lot/126,205.0,246.0,205.0,246.0,150.0,250.0,150.0,250.0,USD,Freemans,Sports,Baseball,A 1960 Topps Sandy Koufax Baseball Card No. 343 (PSA 6 EX-MT),2025-12-04,https://hindmanauctions.com/auctions/6421-sports-memorabilia,False,1,2.4390243902439024,-2.4390243902439024
https://freemansauction.com/auctions/6421-sports-memorabilia/lot/127,666.67,800.0,666.67,800.0,600.0,800.0,600.0,800.0,USD,Freemans,Sports,Baseball,A 1960 Topps Mickey Mantle Baseball Card No. 350 (PSA 5 EX),2025-12-04,https://hindmanauctions.com/auctions/6421-sports-memorabilia,False,1,4.999475002624993,4.999475002624993
https://freemansauction.com/auctions/6421-sports-memorabilia/lot/128,1127.5,1353.0,1127.5,1353.0,1000.0,2000.0,1000.0,2000.0,USD,Freemans,Sports,Baseball,A 1960 Topps Mickey Mantle Signed Autograph Baseball Card No. 160 (PSA 10 AUTO),2025-12-04,https://hindmanauctions.com/auctions/6421-sports-memorabilia,False,1,33.03769401330377,33.03769401330377
https://freemansauction.com/auctions/6421-sports-memorabilia/lot/129,359.17,431.0,359.17,431.0,250.0,350.0,250.0,350.0,USD,Freemans,Sports,Baseball,A 1960 Topps Willie Mays Baseball Card No. 200 (PSA 6 EX-MT),2025-12-04,https://hindmanauctions.com/auctions/6421-sports-memorabilia,False,1,16.47409304786035,-16.47409304786035
https://freemansauction.com/auctions/6421-sports-memorabilia/lot/130,359.17,431.0,359.17,431.0,200.0,300.0,200.0,300.0,USD,Freemans,Sports,Baseball,A 1960 Topps Carl Yastrzemski Rookie Baseball Card No. 148 (PSA 6 EX-MT),2025-12-04,https://hindmanauctions.com/auctions/6421-sports-memorabilia,False,1,30.395077539883623,-30.395077539883623
https://freemansauction.com/auctions/6421-sports-memorabilia/lot/131,717.5,861.0,717.5,861.0,500.0,700.0,500.0,700.0,USD,Freemans,Sports,Baseball,A 1960 Topps Willie McCovey Rookie Baseball Card No. 316 (PSA 7 NM),2025-12-04,https://hindmanauctions.com/auctions/6421-sports-memorabilia,False,1,16.37630662020906,-16.37630662020906
https://freemansauction.com/auctions/6421-sports-memorabilia/lot/132,3331.67,3998.0,3331.67,3998.0,300.0,500.0,300.0,500.0,USD,Freemans,Pop Culture,N/A,A Collection of Uncommon 1960 and 1962 Topps Issued Collector's Presentation Boxes,2025-12-04,https://hindmanauctions.com/auctions/6421-sports-memorabilia,False,1,87.99400901049624,-87.99400901049624
https://freemansauction.com/auctions/6421-sports-memorabilia/lot/133,1230.0,1476.0,1230.0,1476.0,800.0,1200.0,800.0,1200.0,USD,Freemans,Sports,Baseball,A Collection of Over 900 1961 Topps Baseball Cards Including Multiple Hall of Famers,2025-12-04,https://hindmanauctions.com/auctions/6421-sports-memorabilia,False,1,18.69918699186992,-18.69918699186992
https://freemansauction.com/auctions/6421-sports-memorabilia/lot/134,102.5,123.0,102.5,123.0,150.0,250.0,150.0,250.0,USD,Freemans,Sports,Baseball,A 1961 Topps Hank Aaron Baseball Card No. 415 (PSA 4 VG-EX),2025-12-04,https://hindmanauctions.com/auctions/6421-sports-memorabilia,False,1,95.1219512195122,95.1219512195122
https://freemansauction.com/auctions/6421-sports-memorabilia/lot/135,256.67,308.0,256.67,308.0,200.0,300.0,200.0,300.0,USD,Freemans,Sports,Baseball,A 1961 Topps Roberto Clemente Baseball Card No. 388 (PSA 7 NM),2025-12-04,https://hindmanauctions.com/auctions/6421-sports-memorabilia,False,1,2.598667549772087,-2.598667549772087
https://freemansauction.com/auctions/6421-sports-memorabilia/lot/136,102.5,123.0,102.5,123.0,100.0,200.0,100.0,200.0,USD,Freemans,Sports,Baseball,A 1961 Topps Billy Williams Rookie Baseball Card No. 141 (PSA 7 NM),2025-12-04,https://hindmanauctions.com/auctions/6421-sports-memorabilia,False,1,46.34146341463415,46.34146341463415
https://freemansauction.com/auctions/6421-sports-memorabilia/lot/137,564.17,677.0,564.17,677.0,500.0,700.0,500.0,700.0,USD,Freemans,Sports,Baseball,A 1961 Topps Juan Marichal Rookie Baseball Card No. 417 (PSA 8 NM-MT),2025-12-04,https://hindmanauctions.com/auctions/6421-sports-memorabilia,False,1,6.350922594253513,6.350922594253513
https://freemansauction.com/auctions/6421-sports-memorabilia/lot/139,154.17,185.0,154.17,185.0,100.0,200.0,100.0,200.0,USD,Freemans,Sports,Baseball,A 1961 Topps Willie Mays MVP Baseball Card No. 482 (PSA 7 NM),2025-12-04,https://hindmanauctions.com/auctions/6421-sports-memorabilia,False,1,2.7048063825646933,-2.7048063825646933
https://freemansauction.com/auctions/6421-sports-memorabilia/lot/140,410.0,492.0,410.0,492.0,300.0,500.0,300.0,500.0,USD,Freemans,Sports,Baseball,A 1961 Topps Mickey Mantle MVP Baseball Card No. 475 (PSA 7 NM),2025-12-04,https://hindmanauctions.com/auctions/6421-sports-memorabilia,False,1,2.4390243902439024,-2.4390243902439024
https://freemansauction.com/auctions/6421-sports-memorabilia/lot/141,51.67,62.0,51.67,62.0,100.0,200.0,100.0,200.0,USD,Freemans,Sports,Baseball,A 1961 Topps Babe Ruth Baseball Card No. 401 (PSA 6 EX-MT),2025-12-04,https://hindmanauctions.com/auctions/6421-sports-memorabilia,False,1,190.30385136442808,190.30385136442808
https://freemansauction.com/auctions/6421-sports-memorabilia/lot/142,1127.5,1353.0,1127.5,1353.0,600.0,800.0,600.0,800.0,USD,Freemans,Sports,Baseball,"A Collection of 1962, 1963 and 1964 Topps Baseball Cards With Multiple Hall of Famers",2025-12-04,https://hindmanauctions.com/auctions/6421-sports-memorabilia,False,1,37.91574279379157,-37.91574279379157
https://freemansauction.com/auctions/6421-sports-memorabilia/lot/143,3587.5,4305.0,3587.5,4305.0,2500.0,3500.0,2500.0,3500.0,USD,Freemans,Sports,Baseball,A Near Set of 1962 Topps Baseball Cards With Variations (597/598),2025-12-04,https://hindmanauctions.com/auctions/6421-sports-memorabilia,False,1,16.37630662020906,-16.37630662020906
https://freemansauction.com/auctions/6421-sports-memorabilia/lot/144,102.5,123.0,102.5,123.0,200.0,300.0,200.0,300.0,USD,Freemans,Sports,Baseball,A 1962 Topps Lou Brock Rookie Baseball Card No. 387 (PSA 5 EX),2025-12-04,https://hindmanauctions.com/auctions/6421-sports-memorabilia,False,1,143.90243902439025,143.90243902439025
https://freemansauction.com/auctions/6421-sports-memorabilia/lot/145,512.5,615.0,512.5,615.0,500.0,700.0,500.0,700.0,USD,Freemans,Sports,Baseball,A 1962 Topps Mickey Mantle Willie Mays Managers Dream Baseball Card No. 18 (PSA 7 NM),2025-12-04,https://hindmanauctions.com/auctions/6421-sports-memorabilia,False,1,17.073170731707318,17.073170731707318
https://freemansauction.com/auctions/6421-sports-memorabilia/lot/146,1537.5,1845.0,1537.5,1845.0,1000.0,2000.0,1000.0,2000.0,USD,Freemans,Sports,Baseball,A Near Set of 1963 Topps Baseball Cards (558/576),2025-12-04,https://hindmanauctions.com/auctions/6421-sports-memorabilia,False,1,2.4390243902439024,-2.4390243902439024
https://freemansauction.com/auctions/6421-sports-memorabilia/lot/148,410.0,492.0,410.0,492.0,400.0,600.0,400.0,600.0,USD,Freemans,Sports,Baseball,A 1963 Topps Hank Aaron Baseball Card No. 390 (SGC 7 NM),2025-12-04,https://hindmanauctions.com/auctions/6421-sports-memorabilia,False,1,21.951219512195124,21.951219512195124
https://freemansauction.com/auctions/6421-sports-memorabilia/lot/149,102.5,123.0,102.5,123.0,100.0,200.0,100.0,200.0,USD,Freemans,Sports,Baseball,A 1963 Roberto Clemente Baseball Card (PSA 3 VG),2025-12-04,https://hindmanauctions.com/auctions/6421-sports-memorabilia,False,1,46.34146341463415,46.34146341463415
https://freemansauction.com/auctions/6421-sports-memorabilia/lot/150,410.0,492.0,410.0,492.0,400.0,600.0,400.0,600.0,USD,Freemans,Sports,Baseball,A 1963 Topps Mickey Mantle Baseball Card No. 200 (PSA 4.5 VG-EX+),2025-12-04,https://hindmanauctions.com/auctions/6421-sports-memorabilia,False,1,21.951219512195124,21.951219512195124
https://freemansauction.com/auctions/6421-sports-memorabilia/lot/151,102.5,123.0,102.5,123.0,100.0,200.0,100.0,200.0,USD,Freemans,Sports,Baseball,A 1963 Topps Willie Mays Baseball Card No. 300 (PSA 4 VG-EX),2025-12-04,https://hindmanauctions.com/auctions/6421-sports-memorabilia,False,1,46.34146341463415,46.34146341463415
https://freemansauction.com/auctions/6421-sports-memorabilia/lot/152,51.67,62.0,51.67,62.0,100.0,200.0,100.0,200.0,USD,Freemans,Sports,Baseball,An Original 1963 Jay Publishing New York Yankees Team Photo Set (12) with Original Envelope,2025-12-04,https://hindmanauctions.com/auctions/6421-sports-memorabilia,False,1,190.30385136442808,190.30385136442808
https://freemansauction.com/auctions/6421-sports-memorabilia/lot/153,615.0,738.0,615.0,738.0,800.0,1200.0,800.0,1200.0,USD,Freemans,Sports,Baseball,"A 1964-66 Requena New York Yankees Mickey Mantle Signed Autograph 8x10 Baseball Card (PSA 4 VG-EX, AUTO 9)",2025-12-04,https://hindmanauctions.com/auctions/6421-sports-memorabilia,False,1,62.60162601626016,62.60162601626016
https://freemansauction.com/auctions/6421-sports-memorabilia/lot/154,154.17,185.0,154.17,185.0,150.0,250.0,150.0,250.0,USD,Freemans,Sports,Baseball,A 1964 Topps Mickey Mantle Baseball Card No. 50 (PSA 2 GOOD),2025-12-04,https://hindmanauctions.com/auctions/6421-sports-memorabilia,False,1,29.726924823247074,29.726924823247074
https://freemansauction.com/auctions/6421-sports-memorabilia/lot/155,461.67,554.0,461.67,554.0,400.0,600.0,400.0,600.0,USD,Freemans,Sports,Baseball,A 1964 Topps Pete Rose All-Star Rookie Baseball Card No. 125 (PSA 5 EX),2025-12-04,https://hindmanauctions.com/auctions/6421-sports-memorabilia,False,1,8.302467130201222,8.302467130201222
https://freemansauction.com/auctions/6421-sports-memorabilia/lot/156,102.5,123.0,102.5,123.0,100.0,200.0,100.0,200.0,USD,Freemans,Sports,Baseball,A 1964 Topps Hank Aaron Baseball Card No. 300 (PSA 4 VG-EX),2025-12-04,https://hindmanauctions.com/auctions/6421-sports-memorabilia,False,1,46.34146341463415,46.34146341463415
https://freemansauction.com/auctions/6421-sports-memorabilia/lot/157,1640.0,1968.0,1640.0,1968.0,800.0,1200.0,800.0,1200.0,USD,Freemans,Sports,Baseball,A Near Set of 1965 Topps Baseball Cards (576/598),2025-12-04,https://hindmanauctions.com/auctions/6421-sports-memorabilia,False,1,39.02439024390244,-39.02439024390244
https://freemansauction.com/auctions/6421-sports-memorabilia/lot/158,2306.67,2768.0,2306.67,2768.0,800.0,1200.0,800.0,1200.0,USD,Freemans,Sports,Baseball,A Collection of Over 800 1965 Topps Baseball Cards With Multiple Hall of Famers,2025-12-04,https://hindmanauctions.com/auctions/6421-sports-memorabilia,False,1,56.64746149210767,-56.64746149210767
https://freemansauction.com/auctions/6421-sports-memorabilia/lot/159,461.67,554.0,461.67,554.0,700.0,900.0,700.0,900.0,USD,Freemans,Sports,Baseball,A 1965 Topps Mickey Mantle Baseball Card No. 193 (PSA 5 EX),2025-12-04,https://hindmanauctions.com/auctions/6421-sports-memorabilia,False,1,73.28394740832196,73.28394740832196
https://freemansauction.com/auctions/6421-sports-memorabilia/lot/161,102.5,123.0,102.5,123.0,100.0,200.0,100.0,200.0,USD,Freemans,Sports,Baseball,A 1965 Topps Hank Aaron Baseball Card No. 170 (PSA 4 VG-EX),2025-12-04,https://hindmanauctions.com/auctions/6421-sports-memorabilia,False,1,46.34146341463415,46.34146341463415
https://freemansauction.com/auctions/6421-sports-memorabilia/lot/160,154.17,185.0,154.17,185.0,100.0,200.0,100.0,200.0,USD,Freemans,Sports,Baseball,A 1965 Topps Willie Mays Baseball Card No. 250 (PSA 5 EX),2025-12-04,https://hindmanauctions.com/auctions/6421-sports-memorabilia,False,1,2.7048063825646933,-2.7048063825646933
https://freemansauction.com/auctions/6421-sports-memorabilia/lot/162,256.67,308.0,256.67,308.0,200.0,300.0,200.0,300.0,USD,Freemans,Sports,Baseball,A 1965 Topps Joe Morgan Rookie Baseball Card No. 16 (PSA 7 NM),2025-12-04,https://hindmanauctions.com/auctions/6421-sports-memorabilia,False,1,2.598667549772087,-2.598667549772087
https://freemansauction.com/auctions/6421-sports-memorabilia/lot/163,769.17,923.0,769.17,923.0,300.0,500.0,300.0,500.0,USD,Freemans,Sports,Baseball,A Collection of Over 550 1966 Topps Baseball Cards Including Hall of Famers,2025-12-04,https://hindmanauctions.com/auctions/6421-sports-memorabilia,False,1,47.99589167544235,-47.99589167544235
https://freemansauction.com/auctions/6421-sports-memorabilia/lot/164,2562.5,3075.0,2562.5,3075.0,600.0,800.0,600.0,800.0,USD,Freemans,Sports,Baseball,A Partial Set of 1967 Topps Baseball Cards (537/609),2025-12-04,https://hindmanauctions.com/auctions/6421-sports-memorabilia,False,1,72.6829268292683,-72.6829268292683
https://freemansauction.com/auctions/6421-sports-memorabilia/lot/165,4869.17,5843.0,4869.17,5843.0,400.0,600.0,400.0,600.0,USD,Freemans,Sports,Baseball,A Collection of Over 500 1967 Topps Baseball Cards,2025-12-04,https://hindmanauctions.com/auctions/6421-sports-memorabilia,False,1,89.73130944288246,-89.73130944288246
https://freemansauction.com/auctions/6421-sports-memorabilia/lot/166,205.0,246.0,205.0,246.0,200.0,300.0,200.0,300.0,USD,Freemans,Sports,Baseball,A 1967 Topps Mickey Mantle Baseball Card No. 150 (PSA 3 VG),2025-12-04,https://hindmanauctions.com/auctions/6421-sports-memorabilia,False,1,21.951219512195124,21.951219512195124
https://freemansauction.com/auctions/6421-sports-memorabilia/lot/167,512.5,615.0,512.5,615.0,400.0,600.0,400.0,600.0,USD,Freemans,Sports,Baseball,A Collection of PSA Graded Mickey Mantle 1960s Topps Baseball Cards,2025-12-04,https://hindmanauctions.com/auctions/6421-sports-memorabilia,False,1,2.4390243902439024,-2.4390243902439024
https://freemansauction.com/auctions/6421-sports-memorabilia/lot/168,1537.5,1845.0,1537.5,1845.0,700.0,900.0,700.0,900.0,USD,Freemans,Sports,Baseball,A Collection of Over 700 1968 Topps Baseball Cards With Multiple Hall of Famers,2025-12-04,https://hindmanauctions.com/auctions/6421-sports-memorabilia,False,1,47.96747967479675,-47.96747967479675
https://freemansauction.com/auctions/6421-sports-memorabilia/lot/169,307.5,369.0,307.5,369.0,300.0,500.0,300.0,500.0,USD,Freemans,Sports,Baseball,A 1968 Topps Johnny Bench Rookie Card No. 247 (PSA 6 EX-MT),2025-12-04,https://hindmanauctions.com/auctions/6421-sports-memorabilia,False,1,30.08130081300813,30.08130081300813
https://freemansauction.com/auctions/6421-sports-memorabilia/lot/170,102.5,123.0,102.5,123.0,150.0,250.0,150.0,250.0,USD,Freemans,Sports,Baseball,A 1968 Topps Johnny Bench Rookie Baseball Card No. 247 (PSA 4 VG-EX),2025-12-04,https://hindmanauctions.com/auctions/6421-sports-memorabilia,False,1,95.1219512195122,95.1219512195122
https://freemansauction.com/auctions/6421-sports-memorabilia/lot/171,205.0,246.0,205.0,246.0,200.0,300.0,200.0,300.0,USD,Freemans,Sports,Baseball,A 1968 Topps Mickey Mantle Baseball Card No. 280 (PSA 3 VG),2025-12-04,https://hindmanauctions.com/auctions/6421-sports-memorabilia,False,1,21.951219512195124,21.951219512195124
https://freemansauction.com/auctions/6421-sports-memorabilia/lot/172,615.0,738.0,615.0,738.0,600.0,800.0,600.0,800.0,USD,Freemans,Sports,Baseball,A 1968 Topps Nolan Ryan Rookie Baseball Card No. 177 (PSA 3 VG),2025-12-04,https://hindmanauctions.com/auctions/6421-sports-memorabilia,False,1,13.821138211382113,13.821138211382113
https://freemansauction.com/auctions/6421-sports-memorabilia/lot/175,205.0,246.0,205.0,246.0,200.0,300.0,200.0,300.0,USD,Freemans,Sports,Baseball,A 1968 Topps Bob Gibson Baseball Card No. 200 (PSA 8 NM-MT),2025-12-04,https://hindmanauctions.com/auctions/6421-sports-memorabilia,False,1,21.951219512195124,21.951219512195124
https://freemansauction.com/auctions/6421-sports-memorabilia/lot/174,154.17,185.0,154.17,185.0,150.0,200.0,150.0,200.0,USD,Freemans,Sports,Baseball,A 1968 Topps Super Stars Baseball Cards No. 490 (PSA 5 EX),2025-12-04,https://hindmanauctions.com/auctions/6421-sports-memorabilia,False,1,13.511059220341192,13.511059220341192
https://freemansauction.com/auctions/6421-sports-memorabilia/lot/173,154.17,185.0,154.17,185.0,200.0,300.0,200.0,300.0,USD,Freemans,Sports,Baseball,A 1968 Tom Seaver Baseball Card No. 45 (PSA 7 NM),2025-12-04,https://hindmanauctions.com/auctions/6421-sports-memorabilia,False,1,62.15865602905885,62.15865602905885
https://freemansauction.com/auctions/6421-sports-memorabilia/lot/176,205.0,246.0,205.0,246.0,200.0,300.0,200.0,300.0,USD,Freemans,Sports,Baseball,A Complete Set of 1968 Topps Game Baseball Cards (33/33),2025-12-04,https://hindmanauctions.com/auctions/6421-sports-memorabilia,False,1,21.951219512195124,21.951219512195124
https://freemansauction.com/auctions/6421-sports-memorabilia/lot/177,2306.67,2768.0,2306.67,2768.0,1000.0,2000.0,1000.0,2000.0,USD,Freemans,Sports,Baseball,A Near Set of 1969 Topps Baseball Cards (661/664),2025-12-04,https://hindmanauctions.com/auctions/6421-sports-memorabilia,False,1,34.97119223816151,-34.97119223816151
https://freemansauction.com/auctions/6421-sports-memorabilia/lot/178,1127.5,1353.0,1127.5,1353.0,400.0,600.0,400.0,600.0,USD,Freemans,Sports,Baseball,A Collection of Over 300 1969 Topps Baseball Cards Including Multiple Hall of Famers,2025-12-04,https://hindmanauctions.com/auctions/6421-sports-memorabilia,False,1,55.65410199556541,-55.65410199556541
https://freemansauction.com/auctions/6421-sports-memorabilia/lot/179,461.67,554.0,461.67,554.0,300.0,500.0,300.0,500.0,USD,Freemans,Sports,Baseball,A 1969 Topps Mickey Mantle Baseball Card No. 500 - MANTLE LAST NAME IN YELLOW (PSA 5 EX),2025-12-04,https://hindmanauctions.com/auctions/6421-sports-memorabilia,False,1,13.358026295839023,-13.358026295839023
https://freemansauction.com/auctions/6421-sports-memorabilia/lot/180,666.67,800.0,666.67,800.0,500.0,700.0,500.0,700.0,USD,Freemans,Sports,Baseball,A 1969 Topps Reggie Jackson Rookie Baseball Card No. 260 (PSA 6.5 EX-MT+),2025-12-04,https://hindmanauctions.com/auctions/6421-sports-memorabilia,False,1,10.000449997750007,-10.000449997750007
https://freemansauction.com/auctions/6421-sports-memorabilia/lot/181,102.5,123.0,102.5,123.0,100.0,200.0,100.0,200.0,USD,Freemans,Sports,Baseball,A Complete Set of 1969 Topps Deckle Edge Baseball Cards (33/33),2025-12-04,https://hindmanauctions.com/auctions/6421-sports-memorabilia,False,1,46.34146341463415,46.34146341463415
https://freemansauction.com/auctions/6421-sports-memorabilia/lot/182,256.67,308.0,256.67,308.0,250.0,350.0,250.0,350.0,USD,Freemans,Sports,Baseball,A Collection of 1960s Odd Ball Baseball Cards Including Mickey Mantle and Multiple Hall of Famers,2025-12-04,https://hindmanauctions.com/auctions/6421-sports-memorabilia,False,1,16.881598940273495,16.881598940273495
https://freemansauction.com/auctions/6421-sports-memorabilia/lot/183,615.0,738.0,615.0,738.0,600.0,800.0,600.0,800.0,USD,Freemans,Sports,Baseball,"A Collection of Over 1,600 1970 Topps Baseball Cards",2025-12-04,https://hindmanauctions.com/auctions/6421-sports-memorabilia,False,1,13.821138211382113,13.821138211382113
https://freemansauction.com/auctions/6421-sports-memorabilia/lot/184,1742.5,2091.0,1742.5,2091.0,1500.0,2500.0,1500.0,2500.0,USD,Freemans,Sports,Baseball,A Complete Set of 1970 Topps Baseball Cards (720/720),2025-12-04,https://hindmanauctions.com/auctions/6421-sports-memorabilia,False,1,14.777618364418938,14.777618364418938
https://freemansauction.com/auctions/6421-sports-memorabilia/lot/185,1742.5,2091.0,1742.5,2091.0,1000.0,2000.0,1000.0,2000.0,USD,Freemans,Sports,Baseball,A Complete Set of 1971 Topps Baseball Cards (752/752),2025-12-04,https://hindmanauctions.com/auctions/6421-sports-memorabilia,False,1,13.916786226685796,-13.916786226685796
https://freemansauction.com/auctions/6421-sports-memorabilia/lot/186,1025.0,1230.0,1025.0,1230.0,700.0,900.0,700.0,900.0,USD,Freemans,Sports,Baseball,A Near Set of 1971 Topps Baseball Cards (743/752),2025-12-04,https://hindmanauctions.com/auctions/6421-sports-memorabilia,False,1,21.951219512195124,-21.951219512195124
https://freemansauction.com/auctions/6421-sports-memorabilia/lot/187,615.0,738.0,615.0,738.0,400.0,600.0,400.0,600.0,USD,Freemans,Sports,Baseball,"A Collection of Over 1,100 1971 Topps Baseball Cards",2025-12-04,https://hindmanauctions.com/auctions/6421-sports-memorabilia,False,1,18.69918699186992,-18.69918699186992
https://freemansauction.com/auctions/6421-sports-memorabilia/lot/188,871.67,1046.0,871.67,1046.0,500.0,700.0,500.0,700.0,USD,Freemans,Sports,Baseball,"A Collection of Over 1,500 1972 Topps Baseball Cards",2025-12-04,https://hindmanauctions.com/auctions/6421-sports-memorabilia,False,1,31.166611217547924,-31.166611217547924
https://freemansauction.com/auctions/6421-sports-memorabilia/lot/189,154.17,185.0,154.17,185.0,200.0,300.0,200.0,300.0,USD,Freemans,Sports,Baseball,A Tom Seaver Signed Autograph 1973 Topps Baseball Card No. 350 (PSA Authentic) and 1994 Signature Rookies Nolan Ryan Autograph Card,2025-12-04,https://hindmanauctions.com/auctions/6421-sports-memorabilia,False,1,62.15865602905885,62.15865602905885
https://freemansauction.com/auctions/6421-sports-memorabilia/lot/190,512.5,615.0,512.5,615.0,700.0,900.0,700.0,900.0,USD,Freemans,Sports,Baseball,A Complete Set of 1973 Topps Baseball Cards (660/660),2025-12-04,https://hindmanauctions.com/auctions/6421-sports-memorabilia,False,1,56.09756097560975,56.09756097560975
https://freemansauction.com/auctions/6421-sports-memorabilia/lot/191,256.67,308.0,256.67,308.0,200.0,300.0,200.0,300.0,USD,Freemans,Sports,Baseball,A 1973 Topps Mike Schmidt Rookie Baseball Card No. 615 (PSA 6 EX-MT),2025-12-04,https://hindmanauctions.com/auctions/6421-sports-memorabilia,False,1,2.598667549772087,-2.598667549772087
https://freemansauction.com/auctions/6421-sports-memorabilia/lot/192,205.0,246.0,205.0,246.0,250.0,350.0,250.0,350.0,USD,Freemans,Sports,Baseball,A 1973 O-Pee-Chee Mike Schmidt Rookie Baseball Card No. 615 (PSA 4 VG-EX),2025-12-04,https://hindmanauctions.com/auctions/6421-sports-memorabilia,False,1,46.34146341463415,46.34146341463415
https://freemansauction.com/auctions/6421-sports-memorabilia/lot/193,205.0,246.0,205.0,246.0,200.0,300.0,200.0,300.0,USD,Freemans,Sports,Baseball,A Collection of 1973 Topps Mike Schmidt Rookie Baseball Cards No. 615 (PSA 3 VG),2025-12-04,https://hindmanauctions.com/auctions/6421-sports-memorabilia,False,1,21.951219512195124,21.951219512195124
https://freemansauction.com/auctions/6421-sports-memorabilia/lot/194,410.0,492.0,410.0,492.0,300.0,500.0,300.0,500.0,USD,Freemans,Sports,Baseball,"A Collection of Over 1,100 1973 Topps Baseball Cards",2025-12-04,https://hindmanauctions.com/auctions/6421-sports-memorabilia,False,1,2.4390243902439024,-2.4390243902439024
https://freemansauction.com/auctions/6421-sports-memorabilia/lot/195,102.5,123.0,102.5,123.0,150.0,250.0,150.0,250.0,USD,Freemans,Sports,Baseball,A Group of Two 1973 Smithsonian Baseball Playing Card Factory Sets Featuring Babe Ruth and Lou Gehrig,2025-12-04,https://hindmanauctions.com/auctions/6421-sports-memorabilia,False,1,95.1219512195122,95.1219512195122
https://freemansauction.com/auctions/6421-sports-memorabilia/lot/197,410.0,492.0,410.0,492.0,600.0,800.0,600.0,800.0,USD,Freemans,Sports,Baseball,A Complete Set of 1975 Topps Baseball Cards (660/660),2025-12-04,https://hindmanauctions.com/auctions/6421-sports-memorabilia,False,1,70.73170731707317,70.73170731707317
https://freemansauction.com/auctions/6421-sports-memorabilia/lot/198,564.17,677.0,564.17,677.0,300.0,500.0,300.0,500.0,USD,Freemans,Sports,Baseball,A Near Set of 1975 Topps Baseball Cards (659/660),2025-12-04,https://hindmanauctions.com/auctions/6421-sports-memorabilia,False,1,29.099384937164327,-29.099384937164327
https://freemansauction.com/auctions/6421-sports-memorabilia/lot/199,307.5,369.0,307.5,369.0,200.0,300.0,200.0,300.0,USD,Freemans,Sports,Baseball,A 1975 Topps George Brett Rookie Baseball Card No. 228 (PSA 7 NM),2025-12-04,https://hindmanauctions.com/auctions/6421-sports-memorabilia,False,1,18.69918699186992,-18.69918699186992
https://freemansauction.com/auctions/6421-sports-memorabilia/lot/200,359.17,431.0,359.17,431.0,400.0,600.0,400.0,600.0,USD,Freemans,Sports,Baseball,"A Collection of Over 1,100 1975 Topps Baseball Cards",2025-12-04,https://hindmanauctions.com/auctions/6421-sports-memorabilia,False,1,39.209844920232754,39.209844920232754
https://freemansauction.com/auctions/6421-sports-memorabilia/lot/201,205.0,246.0,205.0,246.0,200.0,300.0,200.0,300.0,USD,Freemans,Sports,Baseball,A Complete Set of 1976 Topps Baseball Cards (660/660),2025-12-04,https://hindmanauctions.com/auctions/6421-sports-memorabilia,False,1,21.951219512195124,21.951219512195124
https://freemansauction.com/auctions/6421-sports-memorabilia/lot/202,154.17,185.0,154.17,185.0,200.0,300.0,200.0,300.0,USD,Freemans,Sports,Baseball,"A Collection of Over 1,500 1976 Topps Baseball Cards",2025-12-04,https://hindmanauctions.com/auctions/6421-sports-memorabilia,False,1,62.15865602905885,62.15865602905885
https://freemansauction.com/auctions/6421-sports-memorabilia/lot/203,205.0,246.0,205.0,246.0,200.0,300.0,200.0,300.0,USD,Freemans,Sports,Baseball,A Complete Set of 1977 Topps Baseball Cards (660/660),2025-12-04,https://hindmanauctions.com/auctions/6421-sports-memorabilia,False,1,21.951219512195124,21.951219512195124
https://freemansauction.com/auctions/6421-sports-memorabilia/lot/204,205.0,246.0,205.0,246.0,200.0,300.0,200.0,300.0,USD,Freemans,Sports,Baseball,A Complete Set of 1977 Topps Baseball Cards (660/660),2025-12-04,https://hindmanauctions.com/auctions/6421-sports-memorabilia,False,1,21.951219512195124,21.951219512195124
https://freemansauction.com/auctions/6421-sports-memorabilia/lot/205,154.17,185.0,154.17,185.0,200.0,300.0,200.0,300.0,USD,Freemans,Sports,Baseball,A Complete Set of 1978 Topps Baseball Cards (726/726),2025-12-04,https://hindmanauctions.com/auctions/6421-sports-memorabilia,False,1,62.15865602905885,62.15865602905885
https://freemansauction.com/auctions/6421-sports-memorabilia/lot/206,359.17,431.0,359.17,431.0,400.0,600.0,400.0,600.0,USD,Freemans,Sports,Baseball,"A Collection of Over 1,500 1978 Topps Baseball Cards",2025-12-04,https://hindmanauctions.com/auctions/6421-sports-memorabilia,False,1,39.209844920232754,39.209844920232754
https://freemansauction.com/auctions/6421-sports-memorabilia/lot/207,359.17,431.0,359.17,431.0,500.0,700.0,500.0,700.0,USD,Freemans,Sports,Baseball,An Unopened 1978 Topps Baseball Rack Pack with Paul Molitor / Alan Trammell Rookie Card Visible,2025-12-04,https://hindmanauctions.com/auctions/6421-sports-memorabilia,False,1,67.05181390427931,67.05181390427931
https://freemansauction.com/auctions/6421-sports-memorabilia/lot/208,666.67,800.0,666.67,800.0,400.0,600.0,400.0,600.0,USD,Freemans,Sports,Baseball,A Collection of Three Unopened 1978 Topps Baseball Card Rack Packs with Pete Rose and Carl Yastrzemski Cards Visible,2025-12-04,https://hindmanauctions.com/auctions/6421-sports-memorabilia,False,1,25.000374998125004,-25.000374998125004
https://freemansauction.com/auctions/6421-sports-memorabilia/lot/209,102.5,123.0,102.5,123.0,200.0,300.0,200.0,300.0,USD,Freemans,Sports,Baseball,A Sealed Unopened Wax Pack of 1978 O-Pee-Chee Baseball Cards (PSA 9 MINT),2025-12-04,https://hindmanauctions.com/auctions/6421-sports-memorabilia,False,1,143.90243902439025,143.90243902439025
https://freemansauction.com/auctions/6421-sports-memorabilia/lot/210,1947.5,2337.0,1947.5,2337.0,1000.0,2000.0,1000.0,2000.0,USD,Freemans,Sports,Baseball,A Collection of Unopened 1979 Topps Baseball Card Rack Packs - Possible Ozzie Smith Rookie Cards (x15),2025-12-04,https://hindmanauctions.com/auctions/6421-sports-memorabilia,False,1,22.978177150192554,-22.978177150192554
https://freemansauction.com/auctions/6421-sports-memorabilia/lot/211,2562.5,3075.0,2562.5,3075.0,1500.0,2500.0,1500.0,2500.0,USD,Freemans,Sports,Baseball,A Collection of Unopened 1979 Topps Baseball Card Three-Packs - Possible Ozzie Smith Rookie Cards (x10),2025-12-04,https://hindmanauctions.com/auctions/6421-sports-memorabilia,False,1,21.951219512195124,-21.951219512195124
https://freemansauction.com/auctions/6421-sports-memorabilia/lot/212,3587.5,4305.0,3587.5,4305.0,3000.0,5000.0,3000.0,5000.0,USD,Freemans,Sports,Baseball,A Box of 24 Unopened 1979 Topps Baseball Card Rack Packs with Multiple Hall of Famers and Notable Visible – Possible Ozzie Smith Rookie Cards,2025-12-04,https://hindmanauctions.com/auctions/6421-sports-memorabilia,False,1,11.498257839721255,11.498257839721255
https://freemansauction.com/auctions/6421-sports-memorabilia/lot/213,205.0,246.0,205.0,246.0,250.0,350.0,250.0,350.0,USD,Freemans,Sports,Baseball,An Unopened 1980 Topps Baseball Card Three Pack - Possible Rickey Henderson Rookie Card,2025-12-04,https://hindmanauctions.com/auctions/6421-sports-memorabilia,False,1,46.34146341463415,46.34146341463415
https://freemansauction.com/auctions/6421-sports-memorabilia/lot/214,154.17,185.0,154.17,185.0,200.0,300.0,200.0,300.0,USD,Freemans,Sports,Baseball,A Group of Three PSA Graded 1980 Topps Rickey Henderson Rookie Baseball Cards No. 482 (PSA 6 EX-MT),2025-12-04,https://hindmanauctions.com/auctions/6421-sports-memorabilia,False,1,62.15865602905885,62.15865602905885
https://freemansauction.com/auctions/6421-sports-memorabilia/lot/215,307.5,369.0,307.5,369.0,200.0,300.0,200.0,300.0,USD,Freemans,Sports,Baseball,An Unopened Wax Box of 1981 Donruss Baseball Cards,2025-12-04,https://hindmanauctions.com/auctions/6421-sports-memorabilia,False,1,18.69918699186992,-18.69918699186992
https://freemansauction.com/auctions/6421-sports-memorabilia/lot/216,154.17,185.0,154.17,185.0,100.0,200.0,100.0,200.0,USD,Freemans,Sports,Baseball,An Unopened Wax Box of 1981 Fleer Baseball Cards,2025-12-04,https://hindmanauctions.com/auctions/6421-sports-memorabilia,False,1,2.7048063825646933,-2.7048063825646933
https://freemansauction.com/auctions/6421-sports-memorabilia/lot/218,256.67,308.0,256.67,308.0,200.0,300.0,200.0,300.0,USD,Freemans,Sports,Baseball,A Collection of 1980s Topps Baseball Complete Sets,2025-12-04,https://hindmanauctions.com/auctions/6421-sports-memorabilia,False,1,2.598667549772087,-2.598667549772087
https://freemansauction.com/auctions/6421-sports-memorabilia/lot/217,512.5,615.0,512.5,615.0,500.0,700.0,500.0,700.0,USD,Freemans,Sports,Baseball,An Unopened Wax Box of 1981 Topps Baseball Cards,2025-12-04,https://hindmanauctions.com/auctions/6421-sports-memorabilia,False,1,17.073170731707318,17.073170731707318
https://freemansauction.com/auctions/6421-sports-memorabilia/lot/219,102.5,123.0,102.5,123.0,200.0,300.0,200.0,300.0,USD,Freemans,Sports,Baseball,A Cal Ripken Jr. Collection Including Signed Autographs and Rookie Cards,2025-12-04,https://hindmanauctions.com/auctions/6421-sports-memorabilia,False,1,143.90243902439025,143.90243902439025
https://freemansauction.com/auctions/6421-sports-memorabilia/lot/220,410.0,492.0,410.0,492.0,400.0,600.0,400.0,600.0,USD,Freemans,Sports,Baseball,A 1982 Topps Traded Baseball Card Set With PSA 9 Cal Ripken Rookie Card No. 98T,2025-12-04,https://hindmanauctions.com/auctions/6421-sports-memorabilia,False,1,21.951219512195124,21.951219512195124
https://freemansauction.com/auctions/6421-sports-memorabilia/lot/221,359.17,431.0,359.17,431.0,300.0,500.0,300.0,500.0,USD,Freemans,Sports,Baseball,A Collection of Eight 1982 Topps Cal Ripken Jr. Rookie Baseball Cards No. 21 (PSA 9 x2; PSA 8 x2; PSA 7 x2; PSA 6 x2),2025-12-04,https://hindmanauctions.com/auctions/6421-sports-memorabilia,False,1,11.367875936186202,11.367875936186202
https://freemansauction.com/auctions/6421-sports-memorabilia/lot/222,256.67,308.0,256.67,308.0,200.0,300.0,200.0,300.0,USD,Freemans,Sports,Baseball,A Group of 1982 Topps Baseball Card Rack Packs with Cal Ripken Jr. Rookie Cards Visible and 1989 Fleer Rack Pack with Billy Ripken Error Visible,2025-12-04,https://hindmanauctions.com/auctions/6421-sports-memorabilia,False,1,2.598667549772087,-2.598667549772087
https://freemansauction.com/auctions/6421-sports-memorabilia/lot/223,564.17,677.0,564.17,677.0,500.0,700.0,500.0,700.0,USD,Freemans,Sports,Baseball,An Unopened Wax Box of 1982 Topps Baseball Cards – Possible Cal Ripken Jr. Rookie,2025-12-04,https://hindmanauctions.com/auctions/6421-sports-memorabilia,False,1,6.350922594253513,6.350922594253513
https://freemansauction.com/auctions/6421-sports-memorabilia/lot/224,307.5,369.0,307.5,369.0,400.0,600.0,400.0,600.0,USD,Freemans,Sports,Baseball,A Collection of Unopened 1982 Topps Baseball Card Rack Packs (x16),2025-12-04,https://hindmanauctions.com/auctions/6421-sports-memorabilia,False,1,62.60162601626016,62.60162601626016
https://freemansauction.com/auctions/6421-sports-memorabilia/lot/225,359.17,431.0,359.17,431.0,200.0,300.0,200.0,300.0,USD,Freemans,Sports,Baseball,A 1982 Topps Factory Baseball Card Set (792/792),2025-12-04,https://hindmanauctions.com/auctions/6421-sports-memorabilia,False,1,30.395077539883623,-30.395077539883623
https://freemansauction.com/auctions/6421-sports-memorabilia/lot/226,102.5,123.0,102.5,123.0,200.0,300.0,200.0,300.0,USD,Freemans,Sports,Baseball,A Group of Three 1983 Topps Traded Darryl Strawberry Rookie Baseball Cards No. 108T (PSA 9 x2; PSA 7),2025-12-04,https://hindmanauctions.com/auctions/6421-sports-memorabilia,False,1,143.90243902439025,143.90243902439025
https://freemansauction.com/auctions/6421-sports-memorabilia/lot/227,717.5,861.0,717.5,861.0,500.0,700.0,500.0,700.0,USD,Freemans,Sports,Baseball,"An Unopened Wax Box of 1983 Topps Baseball Cards – Possible Boggs, Gwynn, Sandberg Rookies",2025-12-04,https://hindmanauctions.com/auctions/6421-sports-memorabilia,False,1,16.37630662020906,-16.37630662020906
https://freemansauction.com/auctions/6421-sports-memorabilia/lot/228,256.67,308.0,256.67,308.0,200.0,300.0,200.0,300.0,USD,Freemans,Sports,Baseball,"A Collection of Unopened 1983 Topps Baseball Card Rack Packs (x6) – Possible Boggs, Gwynn, Sandberg Rookies",2025-12-04,https://hindmanauctions.com/auctions/6421-sports-memorabilia,False,1,2.598667549772087,-2.598667549772087
https://freemansauction.com/auctions/6421-sports-memorabilia/lot/229,410.0,492.0,410.0,492.0,200.0,300.0,200.0,300.0,USD,Freemans,Sports,Baseball,An Unopened Wax Box of 1984 Topps Baseball Cards – Possible Don Mattingly Rookie,2025-12-04,https://hindmanauctions.com/auctions/6421-sports-memorabilia,False,1,39.02439024390244,-39.02439024390244
https://freemansauction.com/auctions/6421-sports-memorabilia/lot/230,410.0,492.0,410.0,492.0,500.0,700.0,500.0,700.0,USD,Freemans,Sports,Baseball,A 1984 Fleer Baseball Update Set Including PSA Graded Kirby Puckett (PSA 9) and Roger Clemens (PSA 8) Rookie Cards,2025-12-04,https://hindmanauctions.com/auctions/6421-sports-memorabilia,False,1,46.34146341463415,46.34146341463415
https://freemansauction.com/auctions/6421-sports-memorabilia/lot/231,717.5,861.0,717.5,861.0,300.0,500.0,300.0,500.0,USD,Freemans,Sports,Baseball,An Unopened Wax Box of 1984 Donruss Baseball Cards – Possible Don Mattingly Rookie,2025-12-04,https://hindmanauctions.com/auctions/6421-sports-memorabilia,False,1,44.250871080139376,-44.250871080139376
https://freemansauction.com/auctions/6421-sports-memorabilia/lot/232,307.5,369.0,307.5,369.0,250.0,350.0,250.0,350.0,USD,Freemans,Sports,Baseball,A Group of Six PSA Graded 1984 Donruss Don Mattingly Rookie Baseball Cards No. 248 (PSA 8; PSA 7 x4; PSA 6),2025-12-04,https://hindmanauctions.com/auctions/6421-sports-memorabilia,False,1,2.4390243902439024,-2.4390243902439024
https://freemansauction.com/auctions/6421-sports-memorabilia/lot/233,102.5,123.0,102.5,123.0,100.0,200.0,100.0,200.0,USD,Freemans,Sports,Baseball,A Group of Three PSA Graded 1984 Fleer Don Mattingly Rookie Baseball Cards No. 131 (PSA 8; PSA 7; PSA 6),2025-12-04,https://hindmanauctions.com/auctions/6421-sports-memorabilia,False,1,46.34146341463415,46.34146341463415
https://freemansauction.com/auctions/6421-sports-memorabilia/lot/235,359.17,431.0,359.17,431.0,200.0,300.0,200.0,300.0,USD,Freemans,Sports,Baseball,An Unopened Wax Box of 1984 Topps Baseball Cards – Possible Don Mattingly Rookie,2025-12-04,https://hindmanauctions.com/auctions/6421-sports-memorabilia,False,1,30.395077539883623,-30.395077539883623
https://freemansauction.com/auctions/6421-sports-memorabilia/lot/236,154.17,185.0,154.17,185.0,150.0,250.0,150.0,250.0,USD,Freemans,Sports,Baseball,A Collection of 1984 Topps Baseball Card Packs with Darryl Strawberry Card Visible,2025-12-04,https://hindmanauctions.com/auctions/6421-sports-memorabilia,False,1,29.726924823247074,29.726924823247074
https://freemansauction.com/auctions/6421-sports-memorabilia/lot/237,359.17,431.0,359.17,431.0,200.0,300.0,200.0,300.0,USD,Freemans,Sports,Baseball,A Collection of Unopened 1984 Baseball Card Packs with Don Mattingly Rookie Cards Visible,2025-12-04,https://hindmanauctions.com/auctions/6421-sports-memorabilia,False,1,30.395077539883623,-30.395077539883623
https://freemansauction.com/auctions/6421-sports-memorabilia/lot/238,410.0,492.0,410.0,492.0,200.0,300.0,200.0,300.0,USD,Freemans,Sports,Baseball,A Collection of Unopened 1984 Topps Baseball Card Packs (x9) – Possible Don Mattingly Rookie,2025-12-04,https://hindmanauctions.com/auctions/6421-sports-memorabilia,False,1,39.02439024390244,-39.02439024390244
https://freemansauction.com/auctions/6421-sports-memorabilia/lot/239,205.0,246.0,205.0,246.0,200.0,300.0,200.0,300.0,USD,Freemans,Sports,Baseball,An Unopened Wax Box of 1985 Donruss Baseball Cards,2025-12-04,https://hindmanauctions.com/auctions/6421-sports-memorabilia,False,1,21.951219512195124,21.951219512195124
https://freemansauction.com/auctions/6421-sports-memorabilia/lot/240,154.17,185.0,154.17,185.0,200.0,300.0,200.0,300.0,USD,Freemans,Sports,Baseball,A Collection of Unopened 1985 Fleer Baseball Card Cello Packs with Kirby Puckett and Roger Clemens Rookie Cards Visible (x3),2025-12-04,https://hindmanauctions.com/auctions/6421-sports-memorabilia,False,1,62.15865602905885,62.15865602905885
https://freemansauction.com/auctions/6421-sports-memorabilia/lot/241,461.67,554.0,461.67,554.0,300.0,500.0,300.0,500.0,USD,Freemans,Sports,Baseball,An Unopened Wax Box of 1985 Topps Baseball Cards,2025-12-04,https://hindmanauctions.com/auctions/6421-sports-memorabilia,False,1,13.358026295839023,-13.358026295839023
https://freemansauction.com/auctions/6421-sports-memorabilia/lot/242,102.5,123.0,102.5,123.0,150.0,250.0,150.0,250.0,USD,Freemans,Sports,Baseball,A Collection of Unopened 1985 Topps Baseball Card Rack Packs (x7),2025-12-04,https://hindmanauctions.com/auctions/6421-sports-memorabilia,False,1,95.1219512195122,95.1219512195122
https://freemansauction.com/auctions/6421-sports-memorabilia/lot/243,307.5,369.0,307.5,369.0,600.0,800.0,600.0,800.0,USD,Freemans,Sports,Baseball,A Collection of 1986 Donruss Baseball Card Wax Boxes (x4),2025-12-04,https://hindmanauctions.com/auctions/6421-sports-memorabilia,False,1,127.64227642276423,127.64227642276423
https://freemansauction.com/auctions/6421-sports-memorabilia/lot/244,154.17,185.0,154.17,185.0,250.0,350.0,250.0,350.0,USD,Freemans,Sports,Baseball,"A Complete Set of 1985 Topps Baseball Cards in Six Uncut Sheets Featuring Mark McGwire, Roger Clemens and Kirby Puckett Rookie Cards",2025-12-04,https://hindmanauctions.com/auctions/6421-sports-memorabilia,False,1,94.59038723487062,94.59038723487062
https://freemansauction.com/auctions/6421-sports-memorabilia/lot/245,615.0,738.0,615.0,738.0,300.0,500.0,300.0,500.0,USD,Freemans,Sports,Baseball,A 1987 Barry Bonds O-Pee-Chee Rookie Baseball Card No. 320 (PSA 9 MINT),2025-12-04,https://hindmanauctions.com/auctions/6421-sports-memorabilia,False,1,34.959349593495936,-34.959349593495936
https://freemansauction.com/auctions/6421-sports-memorabilia/lot/246,256.67,308.0,256.67,308.0,300.0,500.0,300.0,500.0,USD,Freemans,Sports,Baseball,A Collection of Assorted 1987 Baseball Card Wax Boxes,2025-12-04,https://hindmanauctions.com/auctions/6421-sports-memorabilia,False,1,55.84213192036466,55.84213192036466
https://freemansauction.com/auctions/6421-sports-memorabilia/lot/247,359.17,431.0,359.17,431.0,400.0,600.0,400.0,600.0,USD,Freemans,Sports,Baseball,A Large Collection of Unopened Assorted 1980s Baseball Card Packs,2025-12-04,https://hindmanauctions.com/auctions/6421-sports-memorabilia,False,1,39.209844920232754,39.209844920232754
https://freemansauction.com/auctions/6421-sports-memorabilia/lot/248,154.17,185.0,154.17,185.0,200.0,300.0,200.0,300.0,USD,Freemans,Sports,Baseball,A Collection of 1980s Unopened Baseball Card Packs with Notable Rookie Cards Visible,2025-12-04,https://hindmanauctions.com/auctions/6421-sports-memorabilia,False,1,62.15865602905885,62.15865602905885
https://freemansauction.com/auctions/6421-sports-memorabilia/lot/249,154.17,185.0,154.17,185.0,300.0,500.0,300.0,500.0,USD,Freemans,Sports,Baseball,A Collection of 1980s Traded and Update Baseball Card Sets (x11),2025-12-04,https://hindmanauctions.com/auctions/6421-sports-memorabilia,False,1,159.45384964649415,159.45384964649415
https://freemansauction.com/auctions/6421-sports-memorabilia/lot/250,769.17,923.0,769.17,923.0,600.0,800.0,600.0,800.0,USD,Freemans,Sports,Baseball,A Group of 10 PSA Graded 1989 Upper Deck Ken Griffey Jr. Rookie Baseball Cards No. 1 (PSA 8 x5; PSA 7 x2; PSA 6 x2; PSA 5),2025-12-04,https://hindmanauctions.com/auctions/6421-sports-memorabilia,False,1,8.992810432024125,-8.992810432024125
https://freemansauction.com/auctions/6421-sports-memorabilia/lot/251,307.5,369.0,307.5,369.0,200.0,300.0,200.0,300.0,USD,Freemans,Sports,Baseball,A Collection of 1989 Fleer Billy Ripken FF Error Cards (PSA 9 and PSA 8) and Black Box Over Error Cards (PSA 8 and PSA 7),2025-12-04,https://hindmanauctions.com/auctions/6421-sports-memorabilia,False,1,18.69918699186992,-18.69918699186992
https://freemansauction.com/auctions/6421-sports-memorabilia/lot/252,820.0,984.0,820.0,984.0,800.0,1200.0,800.0,1200.0,USD,Freemans,Sports,Baseball,A 1989 Fleer Billy Ripken FF Scribbled Out In White Baseball Card (PSA 8 NM-MT),2025-12-04,https://hindmanauctions.com/auctions/6421-sports-memorabilia,False,1,21.951219512195124,21.951219512195124
https://freemansauction.com/auctions/6421-sports-memorabilia/lot/253,564.17,677.0,564.17,677.0,300.0,500.0,300.0,500.0,USD,Freemans,Sports,Baseball,A 1989 Fleer Billy Ripken FF Scribbled Out In White Baseball Card (PSA 7 NM),2025-12-04,https://hindmanauctions.com/auctions/6421-sports-memorabilia,False,1,29.099384937164327,-29.099384937164327
https://freemansauction.com/auctions/6421-sports-memorabilia/lot/254,102.5,123.0,102.5,123.0,150.0,250.0,150.0,250.0,USD,Freemans,Sports,Baseball,A Factory Sealed Set of 1989 Upper Deck Baseball Cards with Factory Sealed High Series Update Set,2025-12-04,https://hindmanauctions.com/auctions/6421-sports-memorabilia,False,1,95.1219512195122,95.1219512195122
https://freemansauction.com/auctions/6421-sports-memorabilia/lot/255,410.0,492.0,410.0,492.0,400.0,600.0,400.0,600.0,USD,Freemans,Sports,Baseball,A Collection of 175 1990 Topps Frank Thomas Rookie Cards,2025-12-04,https://hindmanauctions.com/auctions/6421-sports-memorabilia,False,1,21.951219512195124,21.951219512195124
https://freemansauction.com/auctions/6421-sports-memorabilia/lot/256,205.0,246.0,205.0,246.0,200.0,300.0,200.0,300.0,USD,Freemans,Sports,Baseball,A Collection of Assorted 1960s-80 Hall of Fame Baseball Cards,2025-12-04,https://hindmanauctions.com/auctions/6421-sports-memorabilia,False,1,21.951219512195124,21.951219512195124
https://freemansauction.com/auctions/6421-sports-memorabilia/lot/258,102.5,123.0,102.5,123.0,100.0,200.0,100.0,200.0,USD,Freemans,Sports,Baseball,A Group of Two 1992 Fleer Update Baseball Card Sets (Mike Piazza Rookie Cards),2025-12-04,https://hindmanauctions.com/auctions/6421-sports-memorabilia,False,1,46.34146341463415,46.34146341463415
https://freemansauction.com/auctions/6421-sports-memorabilia/lot/259,307.5,369.0,307.5,369.0,600.0,800.0,600.0,800.0,USD,Freemans,Sports,Baseball,A 1993 Upper Deck All Time Heroes Baseball Card Case,2025-12-04,https://hindmanauctions.com/auctions/6421-sports-memorabilia,False,1,127.64227642276423,127.64227642276423
https://freemansauction.com/auctions/6421-sports-memorabilia/lot/262,1127.5,1353.0,1127.5,1353.0,1200.0,1800.0,1200.0,1800.0,USD,Freemans,Sports,Baseball,A 2024 Leaf X-Centric Shohei Ohtani Superstar Signatures Signed Yellow Printing Plate 1/1 (SGC 10 AUTO),2025-12-04,https://hindmanauctions.com/auctions/6421-sports-memorabilia,False,1,33.03769401330377,33.03769401330377
https://freemansauction.com/auctions/6421-sports-memorabilia/lot/263,51.67,62.0,51.67,62.0,100.0,200.0,100.0,200.0,USD,Freemans,Sports,Baseball,A Group of 1996 Topps Mickey Mantle Commemorative Cards,2025-12-04,https://hindmanauctions.com/auctions/6421-sports-memorabilia,False,1,190.30385136442808,190.30385136442808
https://freemansauction.com/auctions/6421-sports-memorabilia/lot/264,205.0,246.0,205.0,246.0,250.0,350.0,250.0,350.0,USD,Freemans,Sports,Baseball,A Collection of 1960s Hall of Fame Signed Autograph Baseball Cards,2025-12-04,https://hindmanauctions.com/auctions/6421-sports-memorabilia,False,1,46.34146341463415,46.34146341463415
https://freemansauction.com/auctions/6421-sports-memorabilia/lot/265,205.0,246.0,205.0,246.0,200.0,300.0,200.0,300.0,USD,Freemans,Sports,Baseball,A Collection of Hall of Fame Baseball Cards Including Signed Nolan Ryan,2025-12-04,https://hindmanauctions.com/auctions/6421-sports-memorabilia,False,1,21.951219512195124,21.951219512195124
https://freemansauction.com/auctions/6421-sports-memorabilia/lot/266,205.0,246.0,205.0,246.0,300.0,500.0,300.0,500.0,USD,Freemans,Sports,Baseball,A Collection of 1960s-70s Lou Brock Signed Autograph Topps Baseball Cards,2025-12-04,https://hindmanauctions.com/auctions/6421-sports-memorabilia,False,1,95.1219512195122,95.1219512195122
https://freemansauction.com/auctions/6421-sports-memorabilia/lot/267,154.17,185.0,154.17,185.0,200.0,300.0,200.0,300.0,USD,Freemans,Sports,Baseball,A Collection of 20 Stan Musial Signed Autograph Items,2025-12-04,https://hindmanauctions.com/auctions/6421-sports-memorabilia,False,1,62.15865602905885,62.15865602905885
https://freemansauction.com/auctions/6421-sports-memorabilia/lot/268,615.0,738.0,615.0,738.0,600.0,800.0,600.0,800.0,USD,Freemans,Sports,Baseball,A 1982 ASA Mantle Story Mickey Mantle Signed Autograph Baseball Card No. 4 (PSA 10 AUTO),2025-12-04,https://hindmanauctions.com/auctions/6421-sports-memorabilia,False,1,13.821138211382113,13.821138211382113
https://freemansauction.com/auctions/6421-sports-memorabilia/lot/269,666.67,800.0,666.67,800.0,800.0,1200.0,800.0,1200.0,USD,Freemans,Sports,Baseball,A Mickey Mantle Signed Autograph Perez Steele Hall of Fame Postcard - NO. 7 INSCRIPTION (PSA 10 AUTO),2025-12-04,https://hindmanauctions.com/auctions/6421-sports-memorabilia,False,1,49.99925000374999,49.99925000374999
https://freemansauction.com/auctions/6421-sports-memorabilia/lot/270,154.17,185.0,154.17,185.0,300.0,500.0,300.0,500.0,USD,Freemans,Sports,Baseball,A Ted Williams Signed Autograph Perez Steele Hall of Fame Postcard (PSA 9 AUTO),2025-12-04,https://hindmanauctions.com/auctions/6421-sports-memorabilia,False,1,159.45384964649415,159.45384964649415
https://freemansauction.com/auctions/6421-sports-memorabilia/lot/271,205.0,246.0,205.0,246.0,200.0,300.0,200.0,300.0,USD,Freemans,Sports,Baseball,A Hank Aaron Signed Autograph Perez Steele Hall of Fame Postcard (PSA 10 AUTO),2025-12-04,https://hindmanauctions.com/auctions/6421-sports-memorabilia,False,1,21.951219512195124,21.951219512195124
https://freemansauction.com/auctions/6421-sports-memorabilia/lot/272,307.5,369.0,307.5,369.0,300.0,500.0,300.0,500.0,USD,Freemans,Sports,Baseball,A Joe DiMaggio Signed Autograph Perez Steele Hall of Fame Postcard (PSA 10 AUTO),2025-12-04,https://hindmanauctions.com/auctions/6421-sports-memorabilia,False,1,30.08130081300813,30.08130081300813
https://freemansauction.com/auctions/6421-sports-memorabilia/lot/273,359.17,431.0,359.17,431.0,200.0,300.0,200.0,300.0,USD,Freemans,Sports,Baseball,A Willie Mays Signed Autograph Perez Steele Hall of Fame Postcard (PSA 10 AUTO),2025-12-04,https://hindmanauctions.com/auctions/6421-sports-memorabilia,False,1,30.395077539883623,-30.395077539883623
https://freemansauction.com/auctions/6421-sports-memorabilia/lot/274,102.5,123.0,102.5,123.0,200.0,300.0,200.0,300.0,USD,Freemans,Sports,Baseball,A Hank Greenberg Signed Autograph Perez Steele Hall of Fame Postcard (PSA 8 AUTO),2025-12-04,https://hindmanauctions.com/auctions/6421-sports-memorabilia,False,1,143.90243902439025,143.90243902439025
https://freemansauction.com/auctions/6421-sports-memorabilia/lot/275,256.67,308.0,256.67,308.0,200.0,300.0,200.0,300.0,USD,Freemans,Sports,Baseball,A Willie Mays Signed Autograph Perez Steele Great Moments Postcard (PSA 10 AUTO),2025-12-04,https://hindmanauctions.com/auctions/6421-sports-memorabilia,False,1,2.598667549772087,-2.598667549772087
https://freemansauction.com/auctions/6421-sports-memorabilia/lot/277,102.5,123.0,102.5,123.0,200.0,300.0,200.0,300.0,USD,Freemans,Sports,Baseball,A Hank Aaron Signed Autograph Perez Steele Great Moments Postcard (PSA 9 AUTO),2025-12-04,https://hindmanauctions.com/auctions/6421-sports-memorabilia,False,1,143.90243902439025,143.90243902439025
https://freemansauction.com/auctions/6421-sports-memorabilia/lot/276,512.5,615.0,512.5,615.0,500.0,700.0,500.0,700.0,USD,Freemans,Sports,Baseball,A Mickey Mantle Signed Autograph Perez Steele Great Moments Postcard (PSA 10 AUTO),2025-12-04,https://hindmanauctions.com/auctions/6421-sports-memorabilia,False,1,17.073170731707318,17.073170731707318
https://freemansauction.com/auctions/6421-sports-memorabilia/lot/278,205.0,246.0,205.0,246.0,200.0,300.0,200.0,300.0,USD,Freemans,Sports,Baseball,A Sandy Koufax Signed Autograph Perez Steele Great Moments Postcard (PSA),2025-12-04,https://hindmanauctions.com/auctions/6421-sports-memorabilia,False,1,21.951219512195124,21.951219512195124
https://freemansauction.com/auctions/6421-sports-memorabilia/lot/279,154.17,185.0,154.17,185.0,200.0,300.0,200.0,300.0,USD,Freemans,Sports,Baseball,A Ted Williams Signed Autograph Perez Steele Great Moments Postcard (PSA),2025-12-04,https://hindmanauctions.com/auctions/6421-sports-memorabilia,False,1,62.15865602905885,62.15865602905885
https://freemansauction.com/auctions/6421-sports-memorabilia/lot/280,205.0,246.0,205.0,246.0,400.0,600.0,400.0,600.0,USD,Freemans,Sports,N/A,A Collection of Perez-Steele Signed Autograph Hall of Fame Great Moments Cards,2025-12-04,https://hindmanauctions.com/auctions/6421-sports-memorabilia,False,1,143.90243902439025,143.90243902439025
https://freemansauction.com/auctions/6421-sports-memorabilia/lot/281,154.17,185.0,154.17,185.0,200.0,300.0,200.0,300.0,USD,Freemans,Sports,N/A,A Collection of Over 80 Assorted 1990s Signed Autograph Trading Cards,2025-12-04,https://hindmanauctions.com/auctions/6421-sports-memorabilia,False,1,62.15865602905885,62.15865602905885
https://freemansauction.com/auctions/6421-sports-memorabilia/lot/282,512.5,615.0,512.5,615.0,600.0,800.0,600.0,800.0,USD,Freemans,Sports,Basketball,A Collection of 1933 Goudey Sport Kings Trading Cards Including Two Nat Holman (Basketball HOF) Rookie Cards,2025-12-04,https://hindmanauctions.com/auctions/6421-sports-memorabilia,False,1,36.58536585365854,36.58536585365854
https://freemansauction.com/auctions/6421-sports-memorabilia/lot/283,410.0,492.0,410.0,492.0,400.0,600.0,400.0,600.0,USD,Freemans,Sports,Basketball,A 1969 Topps Kareem Abdul Jabbar (Lew Alcindor) Rookie Basketball Card No. 25 (PSA 3 VG),2025-12-04,https://hindmanauctions.com/auctions/6421-sports-memorabilia,False,1,21.951219512195124,21.951219512195124
https://freemansauction.com/auctions/6421-sports-memorabilia/lot/284,359.17,431.0,359.17,431.0,300.0,500.0,300.0,500.0,USD,Freemans,Sports,Basketball,A Collection of 1960s-80s Topps Basketball Cards Including Multiple Hall of Famers and Rookies (35),2025-12-04,https://hindmanauctions.com/auctions/6421-sports-memorabilia,False,1,11.367875936186202,11.367875936186202
https://freemansauction.com/auctions/6421-sports-memorabilia/lot/285,205.0,246.0,205.0,246.0,200.0,300.0,200.0,300.0,USD,Freemans,Sports,Basketball,A 1970 Topps Wilt Chamberlain Basketball Card No. 50 (PSA 7 NM),2025-12-04,https://hindmanauctions.com/auctions/6421-sports-memorabilia,False,1,21.951219512195124,21.951219512195124
https://freemansauction.com/auctions/6421-sports-memorabilia/lot/286,820.0,984.0,820.0,984.0,500.0,700.0,500.0,700.0,USD,Freemans,Sports,Basketball,1980 Topps Scoring Leader Larry Bird Magic Johnson Rookie Basketball Card (PSA 6.5 EX-MT+),2025-12-04,https://hindmanauctions.com/auctions/6421-sports-memorabilia,False,1,26.829268292682926,-26.829268292682926
https://freemansauction.com/auctions/6421-sports-memorabilia/lot/287,154.17,185.0,154.17,185.0,200.0,300.0,200.0,300.0,USD,Freemans,Sports,Basketball,A Group of Two 1980 Topps Magic Johnson Rookie Basketball Cards (PSA 8; PSA 5),2025-12-04,https://hindmanauctions.com/auctions/6421-sports-memorabilia,False,1,62.15865602905885,62.15865602905885
https://freemansauction.com/auctions/6421-sports-memorabilia/lot/289,1230.0,1476.0,1230.0,1476.0,1000.0,2000.0,1000.0,2000.0,USD,Freemans,Sports,Basketball,A 1986 Star Court Kings Michael Jordan Card No. 18 (BGS 8.5 NM-MT+),2025-12-04,https://hindmanauctions.com/auctions/6421-sports-memorabilia,False,1,21.951219512195124,21.951219512195124
https://freemansauction.com/auctions/6421-sports-memorabilia/lot/290,410.0,492.0,410.0,492.0,300.0,500.0,300.0,500.0,USD,Freemans,Sports,Basketball,A Complete Set of 1987 Fleer Basketball Cards (132/132),2025-12-04,https://hindmanauctions.com/auctions/6421-sports-memorabilia,False,1,2.4390243902439024,-2.4390243902439024
https://freemansauction.com/auctions/6421-sports-memorabilia/lot/291,256.67,308.0,256.67,308.0,200.0,300.0,200.0,300.0,USD,Freemans,Sports,Basketball,A Collection of PSA Graded 1988 Fleer Michael Jordan All Star Basketball Cards No. 120 (PSA 8 NM-MT),2025-12-04,https://hindmanauctions.com/auctions/6421-sports-memorabilia,False,1,2.598667549772087,-2.598667549772087
https://freemansauction.com/auctions/6421-sports-memorabilia/lot/292,5125.0,6150.0,5125.0,6150.0,4000.0,6000.0,4000.0,6000.0,USD,Freemans,Sports,Basketball,A 1989 Hoops Michael Jordan Signed Autograph Basketball Card No. 21 (PSA),2025-12-04,https://hindmanauctions.com/auctions/6421-sports-memorabilia,False,1,2.4390243902439024,-2.4390243902439024
https://freemansauction.com/auctions/6421-sports-memorabilia/lot/293,154.17,185.0,154.17,185.0,150.0,250.0,150.0,250.0,USD,Freemans,Sports,Basketball,A 1989 NBA Hoops David Robinson Signed Autograph Rookie Basketball Card No. 138 (PSA Authentic),2025-12-04,https://hindmanauctions.com/auctions/6421-sports-memorabilia,False,1,29.726924823247074,29.726924823247074
https://freemansauction.com/auctions/6421-sports-memorabilia/lot/295,410.0,492.0,410.0,492.0,600.0,800.0,600.0,800.0,USD,Freemans,Sports,Basketball,A Collection of Unopened 1990 Fleer Basketball Card Wax Boxes (x7),2025-12-04,https://hindmanauctions.com/auctions/6421-sports-memorabilia,False,1,70.73170731707317,70.73170731707317
https://freemansauction.com/auctions/6421-sports-memorabilia/lot/296,102.5,123.0,102.5,123.0,150.0,250.0,150.0,250.0,USD,Freemans,Sports,Basketball,A Collection of Unopened 1991-92 Upper Deck Basketball Card Vending Boxes (x3),2025-12-04,https://hindmanauctions.com/auctions/6421-sports-memorabilia,False,1,95.1219512195122,95.1219512195122
https://freemansauction.com/auctions/6421-sports-memorabilia/lot/297,102.5,123.0,102.5,123.0,150.0,250.0,150.0,250.0,USD,Freemans,Sports,Baseball,A Group of 1991 Upper Deck Michael Jordan Baseball Cards No. SP1 (PSA 9 MINT and PSA 8 NM-MT) and 1988 Kenner Michael Jordan Starting Lineup (PSA 7),2025-12-04,https://hindmanauctions.com/auctions/6421-sports-memorabilia,False,1,95.1219512195122,95.1219512195122
https://freemansauction.com/auctions/6421-sports-memorabilia/lot/298,154.17,185.0,154.17,185.0,150.0,250.0,150.0,250.0,USD,Freemans,Sports,Basketball,A Collection of Assorted Michael Jordan Basketball Cards,2025-12-04,https://hindmanauctions.com/auctions/6421-sports-memorabilia,False,1,29.726924823247074,29.726924823247074
https://freemansauction.com/auctions/6421-sports-memorabilia/lot/299,564.17,677.0,564.17,677.0,400.0,600.0,400.0,600.0,USD,Freemans,Sports,Basketball,A Collection of 1992-93 Fleer Ultra Series II Basketball Card Unopened Boxes (x7),2025-12-04,https://hindmanauctions.com/auctions/6421-sports-memorabilia,False,1,11.374231171455406,-11.374231171455406
https://freemansauction.com/auctions/6421-sports-memorabilia/lot/300,205.0,246.0,205.0,246.0,150.0,250.0,150.0,250.0,USD,Freemans,Sports,Basketball,A Group of Three Factory Sealed 1993 Upper Deck Holojam Basketball Card Sets Featuring Michael Jordan,2025-12-04,https://hindmanauctions.com/auctions/6421-sports-memorabilia,False,1,2.4390243902439024,-2.4390243902439024
https://freemansauction.com/auctions/6421-sports-memorabilia/lot/301,615.0,738.0,615.0,738.0,600.0,800.0,600.0,800.0,USD,Freemans,Sports,Basketball,A Large Collection of Assorted PSA Graded Michael Jordan Basketball Cards,2025-12-04,https://hindmanauctions.com/auctions/6421-sports-memorabilia,False,1,13.821138211382113,13.821138211382113
https://freemansauction.com/auctions/6421-sports-memorabilia/lot/302,102.5,123.0,102.5,123.0,150.0,250.0,150.0,250.0,USD,Freemans,Sports,Basketball,A Large Collection of Assorted 1990s Basketball Cards Including Multiple Shaquille O'Neal Rookie Cards,2025-12-04,https://hindmanauctions.com/auctions/6421-sports-memorabilia,False,1,95.1219512195122,95.1219512195122
https://freemansauction.com/auctions/6421-sports-memorabilia/lot/303,205.0,246.0,205.0,246.0,200.0,300.0,200.0,300.0,USD,Freemans,Sports,Basketball,A 1996 Stadium Club Shining Moments Michael Jordan Basketball Card No. SM2 (PSA 10 GEM MINT),2025-12-04,https://hindmanauctions.com/auctions/6421-sports-memorabilia,False,1,21.951219512195124,21.951219512195124
https://freemansauction.com/auctions/6421-sports-memorabilia/lot/304,359.17,431.0,359.17,431.0,300.0,500.0,300.0,500.0,USD,Freemans,Sports,Basketball,A 1997 Metal Universe Michael Jordan Basketball Card No. 23 (PSA 9 MINT),2025-12-04,https://hindmanauctions.com/auctions/6421-sports-memorabilia,False,1,11.367875936186202,11.367875936186202
https://freemansauction.com/auctions/6421-sports-memorabilia/lot/305,256.67,308.0,256.67,308.0,300.0,500.0,300.0,500.0,USD,Freemans,Sports,Basketball,A Collection of Four 1996 Stadium Club Rookies 2 R9 Kobe Bryant Rookie Cards (PSA 9 MINT),2025-12-04,https://hindmanauctions.com/auctions/6421-sports-memorabilia,False,1,55.84213192036466,55.84213192036466
https://freemansauction.com/auctions/6421-sports-memorabilia/lot/306,359.17,431.0,359.17,431.0,300.0,500.0,300.0,500.0,USD,Freemans,Sports,Basketball,A Collection of 10 1996 Stadium Club Rookies 2 R9 Kobe Bryant Rookie Cards (PSA 8 NM-MT),2025-12-04,https://hindmanauctions.com/auctions/6421-sports-memorabilia,False,1,11.367875936186202,11.367875936186202
https://freemansauction.com/auctions/6421-sports-memorabilia/lot/307,717.5,861.0,717.5,861.0,500.0,700.0,500.0,700.0,USD,Freemans,Sports,Basketball,A Collection of Six PSA Graded 1996 Topps Kobe Bryant Rookie Basketball Cards No. 138 (Four PSA 9 MINT and Two PSA 8 NM-MT),2025-12-04,https://hindmanauctions.com/auctions/6421-sports-memorabilia,False,1,16.37630662020906,-16.37630662020906
https://freemansauction.com/auctions/6421-sports-memorabilia/lot/308,359.17,431.0,359.17,431.0,400.0,600.0,400.0,600.0,USD,Freemans,Sports,Basketball,A Collection of Assorted PSA Graded 1996 Kobe Bryant Rookie Basketball Cards (12),2025-12-04,https://hindmanauctions.com/auctions/6421-sports-memorabilia,False,1,39.209844920232754,39.209844920232754
https://freemansauction.com/auctions/6421-sports-memorabilia/lot/309,102.5,123.0,102.5,123.0,100.0,200.0,100.0,200.0,USD,Freemans,Sports,Basketball,A Collection of PSA Graded 1997 Metal Universe Allen Iverson Reebok Basketball Cards No. 20,2025-12-04,https://hindmanauctions.com/auctions/6421-sports-memorabilia,False,1,46.34146341463415,46.34146341463415
https://freemansauction.com/auctions/6421-sports-memorabilia/lot/310,512.5,615.0,512.5,615.0,500.0,700.0,500.0,700.0,USD,Freemans,Sports,Basketball,A Collection of Assorted PSA Graded 1997 Kobe Bryant Basketball Cards,2025-12-04,https://hindmanauctions.com/auctions/6421-sports-memorabilia,False,1,17.073170731707318,17.073170731707318
https://freemansauction.com/auctions/6421-sports-memorabilia/lot/311,51.67,62.0,51.67,62.0,100.0,200.0,100.0,200.0,USD,Freemans,Sports,Basketball,A Collection of Allen Iverson Basketball Cards (34),2025-12-04,https://hindmanauctions.com/auctions/6421-sports-memorabilia,False,1,190.30385136442808,190.30385136442808
https://freemansauction.com/auctions/6421-sports-memorabilia/lot/313,410.0,492.0,410.0,492.0,400.0,600.0,400.0,600.0,USD,Freemans,Sports,Basketball,A 2013 Rittenhouse Archives Brittney Griner Signed Autograph Rookie Card (PSA 10 GEM MT; 10 AUTO),2025-12-04,https://hindmanauctions.com/auctions/6421-sports-memorabilia,False,1,21.951219512195124,21.951219512195124
https://freemansauction.com/auctions/6421-sports-memorabilia/lot/314,1025.0,1230.0,1025.0,1230.0,1000.0,2000.0,1000.0,2000.0,USD,Freemans,Sports,N/A,A 1933 Goudey Sport Kings Jim Thorpe Card No. 6,2025-12-04,https://hindmanauctions.com/auctions/6421-sports-memorabilia,False,1,46.34146341463415,46.34146341463415
https://freemansauction.com/auctions/6421-sports-memorabilia/lot/315,564.17,677.0,564.17,677.0,200.0,300.0,200.0,300.0,USD,Freemans,Sports,Football,A Collection of Over 175 Assorted 1950s Topps and Bowman Football Cards,2025-12-04,https://hindmanauctions.com/auctions/6421-sports-memorabilia,False,1,55.6871155857277,-55.6871155857277
https://freemansauction.com/auctions/6421-sports-memorabilia/lot/316,102.5,123.0,102.5,123.0,200.0,300.0,200.0,300.0,USD,Freemans,Sports,Football,A 1966 Philadelphia Dick Butkus Rookie Football Card No. 31 (PSA 3 MK) and Gale Sayers Rookie Football Card No. 38 (PSA 2 GOOD),2025-12-04,https://hindmanauctions.com/auctions/6421-sports-memorabilia,False,1,143.90243902439025,143.90243902439025
https://freemansauction.com/auctions/6421-sports-memorabilia/lot/317,102.5,123.0,102.5,123.0,200.0,300.0,200.0,300.0,USD,Freemans,Sports,Football,A 1968 Topps Stand Ups Joe Namath Football Card (PSA 7 NM),2025-12-04,https://hindmanauctions.com/auctions/6421-sports-memorabilia,False,1,143.90243902439025,143.90243902439025
https://freemansauction.com/auctions/6421-sports-memorabilia/lot/318,205.0,246.0,205.0,246.0,200.0,300.0,200.0,300.0,USD,Freemans,Sports,Football,A 1976 Topps Walter Payton Rookie Football Card No. 148 (SGC 5 EX),2025-12-04,https://hindmanauctions.com/auctions/6421-sports-memorabilia,False,1,21.951219512195124,21.951219512195124
https://freemansauction.com/auctions/6421-sports-memorabilia/lot/319,359.17,431.0,359.17,431.0,250.0,350.0,250.0,350.0,USD,Freemans,Sports,Football,A Collection of 1970s-80s Topps Walter Payton Football Cards Including 1976 Rookie Card No. 148,2025-12-04,https://hindmanauctions.com/auctions/6421-sports-memorabilia,False,1,16.47409304786035,-16.47409304786035
https://freemansauction.com/auctions/6421-sports-memorabilia/lot/320,102.5,123.0,102.5,123.0,150.0,250.0,150.0,250.0,USD,Freemans,Sports,Football,A Sealed Unopened Pack of 1981 Topps Football Cards (PSA 7 NM) - Possible Joe Montana Rookie,2025-12-04,https://hindmanauctions.com/auctions/6421-sports-memorabilia,False,1,95.1219512195122,95.1219512195122
https://freemansauction.com/auctions/6421-sports-memorabilia/lot/322,666.67,800.0,666.67,800.0,600.0,800.0,600.0,800.0,USD,Freemans,Sports,Football,An Unopened Wax Box of 1982 Topps Football Cards (36 Packs) – Possible Lawrence Taylor Rookie,2025-12-04,https://hindmanauctions.com/auctions/6421-sports-memorabilia,False,1,4.999475002624993,4.999475002624993
https://freemansauction.com/auctions/6421-sports-memorabilia/lot/323,51.67,62.0,51.67,62.0,100.0,200.0,100.0,200.0,USD,Freemans,Sports,Football,A Collection of 1980s Topps Football Complete Sets,2025-12-04,https://hindmanauctions.com/auctions/6421-sports-memorabilia,False,1,190.30385136442808,190.30385136442808
https://freemansauction.com/auctions/6421-sports-memorabilia/lot/324,205.0,246.0,205.0,246.0,300.0,500.0,300.0,500.0,USD,Freemans,Sports,Football,A Collection of 1980s Unopened Topps Football Card Packs Including John Elway Rookie,2025-12-04,https://hindmanauctions.com/auctions/6421-sports-memorabilia,False,1,95.1219512195122,95.1219512195122
https://freemansauction.com/auctions/6421-sports-memorabilia/lot/325,154.17,185.0,154.17,185.0,300.0,500.0,300.0,500.0,USD,Freemans,Sports,Football,A Complete Set of 1986 Topps Football Cards Including Key PSA Graded Issues,2025-12-04,https://hindmanauctions.com/auctions/6421-sports-memorabilia,False,1,159.45384964649415,159.45384964649415
https://freemansauction.com/auctions/6421-sports-memorabilia/lot/326,102.5,123.0,102.5,123.0,200.0,300.0,200.0,300.0,USD,Freemans,Sports,Football,A Complete Set of 1984 Topps Football Cards,2025-12-04,https://hindmanauctions.com/auctions/6421-sports-memorabilia,False,1,143.90243902439025,143.90243902439025
https://freemansauction.com/auctions/6421-sports-memorabilia/lot/327,256.67,308.0,256.67,308.0,200.0,300.0,200.0,300.0,USD,Freemans,Sports,Football,A Complete Set of 1984 Topps Football Cards,2025-12-04,https://hindmanauctions.com/auctions/6421-sports-memorabilia,False,1,2.598667549772087,-2.598667549772087
https://freemansauction.com/auctions/6421-sports-memorabilia/lot/328,51.67,62.0,51.67,62.0,100.0,200.0,100.0,200.0,USD,Freemans,Sports,Football,A Complete Set of 1985 Topps Football Cards,2025-12-04,https://hindmanauctions.com/auctions/6421-sports-memorabilia,False,1,190.30385136442808,190.30385136442808
https://freemansauction.com/auctions/6421-sports-memorabilia/lot/329,205.0,246.0,205.0,246.0,200.0,300.0,200.0,300.0,USD,Freemans,Sports,Football,An Unopened Wax Box of 1987 Topps Football Cards,2025-12-04,https://hindmanauctions.com/auctions/6421-sports-memorabilia,False,1,21.951219512195124,21.951219512195124
https://freemansauction.com/auctions/6421-sports-memorabilia/lot/331,205.0,246.0,205.0,246.0,200.0,300.0,200.0,300.0,USD,Freemans,Sports,Football,An Unopened Wax Box of 1987 Topps Football Cards,2025-12-04,https://hindmanauctions.com/auctions/6421-sports-memorabilia,False,1,21.951219512195124,21.951219512195124
https://freemansauction.com/auctions/6421-sports-memorabilia/lot/332,205.0,246.0,205.0,246.0,200.0,300.0,200.0,300.0,USD,Freemans,Sports,Football,An Unopened Cello Pack of 1988 Topps Football Cards With Walter Payton On Top (PSA 10 GEM MINT),2025-12-04,https://hindmanauctions.com/auctions/6421-sports-memorabilia,False,1,21.951219512195124,21.951219512195124
https://freemansauction.com/auctions/6421-sports-memorabilia/lot/333,205.0,246.0,205.0,246.0,300.0,500.0,300.0,500.0,USD,Freemans,Sports,Football,An Unopened Cello Pack of 1988 Topps Football Cards With Bo Jackson Rookie On Top (PSA 10 GEM MINT),2025-12-04,https://hindmanauctions.com/auctions/6421-sports-memorabilia,False,1,95.1219512195122,95.1219512195122
https://freemansauction.com/auctions/6421-sports-memorabilia/lot/334,51.67,62.0,51.67,62.0,100.0,200.0,100.0,200.0,USD,Freemans,Sports,Football,An Unopened Wax Box of 1989 Topps Football Cards,2025-12-04,https://hindmanauctions.com/auctions/6421-sports-memorabilia,False,1,190.30385136442808,190.30385136442808
https://freemansauction.com/auctions/6421-sports-memorabilia/lot/335,205.0,246.0,205.0,246.0,300.0,500.0,300.0,500.0,USD,Freemans,Sports,Football,A Collection of Hall of Fame Football Rookie Cards (18),2025-12-04,https://hindmanauctions.com/auctions/6421-sports-memorabilia,False,1,95.1219512195122,95.1219512195122
https://freemansauction.com/auctions/6421-sports-memorabilia/lot/337,154.17,185.0,154.17,185.0,150.0,250.0,150.0,250.0,USD,Freemans,Sports,Football,A Collection of Three PSA 8 (NM-MT) 1989 Score Barry Sanders Rookie Football Cards No. 257,2025-12-04,https://hindmanauctions.com/auctions/6421-sports-memorabilia,False,1,29.726924823247074,29.726924823247074
https://freemansauction.com/auctions/6421-sports-memorabilia/lot/338,205.0,246.0,205.0,246.0,200.0,300.0,200.0,300.0,USD,Freemans,Sports,Football,A Collection of Assorted PSA Graded 1997 Refractor Football Cards,2025-12-04,https://hindmanauctions.com/auctions/6421-sports-memorabilia,False,1,21.951219512195124,21.951219512195124
https://freemansauction.com/auctions/6421-sports-memorabilia/lot/339,564.17,677.0,564.17,677.0,800.0,1200.0,800.0,1200.0,USD,Freemans,Sports,Football,An Unopened Box of 2000 Upper Deck Black Diamond Football Cards – Possible Tom Brady Rookie,2025-12-04,https://hindmanauctions.com/auctions/6421-sports-memorabilia,False,1,77.25153765708919,77.25153765708919
https://freemansauction.com/auctions/6421-sports-memorabilia/lot/341,1845.0,2214.0,1845.0,2214.0,1800.0,2400.0,1800.0,2400.0,USD,Freemans,Sports,Football,An Unopened Box of 2000 SP Authentic Football - Possible Tom Brady Rookie,2025-12-04,https://hindmanauctions.com/auctions/6421-sports-memorabilia,False,1,13.821138211382113,13.821138211382113
https://freemansauction.com/auctions/6421-sports-memorabilia/lot/342,154.17,185.0,154.17,185.0,250.0,350.0,250.0,350.0,USD,Freemans,Sports,Hockey,A 1939 O-Pee-Chee Earl Seibert V301-1 Rookie Hockey Card (PSA 4 VG-EX),2025-12-04,https://hindmanauctions.com/auctions/6421-sports-memorabilia,False,1,94.59038723487062,94.59038723487062
https://freemansauction.com/auctions/6421-sports-memorabilia/lot/343,2819.17,3383.0,2819.17,3383.0,4000.0,6000.0,4000.0,6000.0,USD,Freemans,Sports,Hockey,The Ultimate Collection of Gordie Howe Signed Autograph Hockey Cards (32 Total),2025-12-04,https://hindmanauctions.com/auctions/6421-sports-memorabilia,False,1,77.3571654068396,77.3571654068396
https://freemansauction.com/auctions/6421-sports-memorabilia/lot/344,717.5,861.0,717.5,861.0,1000.0,2000.0,1000.0,2000.0,USD,Freemans,Sports,Hockey,A Collection of 1950s-60s Gordie Howe Hockey Cards (11 Total),2025-12-04,https://hindmanauctions.com/auctions/6421-sports-memorabilia,False,1,109.05923344947735,109.05923344947735
https://freemansauction.com/auctions/6421-sports-memorabilia/lot/345,666.67,800.0,666.67,800.0,600.0,800.0,600.0,800.0,USD,Freemans,Sports,Hockey,A Collection of Detroit Red Wings 1951 Parkhurst Hockey Cards Including Terry Sawchuk and Alex Delvecchio Rookie Cards (16),2025-12-04,https://hindmanauctions.com/auctions/6421-sports-memorabilia,False,1,4.999475002624993,4.999475002624993
https://freemansauction.com/auctions/6421-sports-memorabilia/lot/346,256.67,308.0,256.67,308.0,200.0,300.0,200.0,300.0,USD,Freemans,Sports,Hockey,A Collection of Detroit Red Wings 1952 Parkhurst Hockey Cards (18),2025-12-04,https://hindmanauctions.com/auctions/6421-sports-memorabilia,False,1,2.598667549772087,-2.598667549772087
https://freemansauction.com/auctions/6421-sports-memorabilia/lot/347,205.0,246.0,205.0,246.0,200.0,300.0,200.0,300.0,USD,Freemans,Sports,Hockey,A Collection of Detroit Red Wings 1953 Parkhurst Hockey Cards (16),2025-12-04,https://hindmanauctions.com/auctions/6421-sports-memorabilia,False,1,21.951219512195124,21.951219512195124
https://freemansauction.com/auctions/6421-sports-memorabilia/lot/348,205.0,246.0,205.0,246.0,200.0,300.0,200.0,300.0,USD,Freemans,Sports,Hockey,A Collection of Detroit Red Wings 1954 Parkhurst Hockey Cards (23),2025-12-04,https://hindmanauctions.com/auctions/6421-sports-memorabilia,False,1,21.951219512195124,21.951219512195124
https://freemansauction.com/auctions/6421-sports-memorabilia/lot/349,307.5,369.0,307.5,369.0,300.0,500.0,300.0,500.0,USD,Freemans,Sports,Hockey,A Collection of Detroit Red Wings 1954 Topps Hockey Cards (14),2025-12-04,https://hindmanauctions.com/auctions/6421-sports-memorabilia,False,1,30.08130081300813,30.08130081300813
https://freemansauction.com/auctions/6421-sports-memorabilia/lot/350,154.17,185.0,154.17,185.0,300.0,500.0,300.0,500.0,USD,Freemans,Sports,Hockey,A Collection of Detroit Red Wings 1957-58 Topps Hockey Cards (17),2025-12-04,https://hindmanauctions.com/auctions/6421-sports-memorabilia,False,1,159.45384964649415,159.45384964649415
https://freemansauction.com/auctions/6421-sports-memorabilia/lot/352,102.5,123.0,102.5,123.0,200.0,300.0,200.0,300.0,USD,Freemans,Sports,Hockey,A Collection of Detroit Red Wings 1959 Topps Hockey Cards (20),2025-12-04,https://hindmanauctions.com/auctions/6421-sports-memorabilia,False,1,143.90243902439025,143.90243902439025
https://freemansauction.com/auctions/6421-sports-memorabilia/lot/351,205.0,246.0,205.0,246.0,150.0,250.0,150.0,250.0,USD,Freemans,Sports,Hockey,A Collection of Detroit Red Wings 1958 Topps Hockey Cards (14),2025-12-04,https://hindmanauctions.com/auctions/6421-sports-memorabilia,False,1,2.4390243902439024,-2.4390243902439024
https://freemansauction.com/auctions/6421-sports-memorabilia/lot/354,102.5,123.0,102.5,123.0,150.0,250.0,150.0,250.0,USD,Freemans,Sports,Hockey,A Collection of Detroit Red Wings 1960-61 Parkhurst Hockey Cards (19),2025-12-04,https://hindmanauctions.com/auctions/6421-sports-memorabilia,False,1,95.1219512195122,95.1219512195122
https://freemansauction.com/auctions/6421-sports-memorabilia/lot/353,102.5,123.0,102.5,123.0,150.0,250.0,150.0,250.0,USD,Freemans,Sports,Hockey,A Collection of Detroit Red Wings 1961 Parkhurst Hockey Cards (14),2025-12-04,https://hindmanauctions.com/auctions/6421-sports-memorabilia,False,1,95.1219512195122,95.1219512195122
https://freemansauction.com/auctions/6421-sports-memorabilia/lot/355,256.67,308.0,256.67,308.0,300.0,500.0,300.0,500.0,USD,Freemans,Sports,Hockey,A Complete Set of 1980-81 O-Pee-Chee Hockey Cards (396/396),2025-12-04,https://hindmanauctions.com/auctions/6421-sports-memorabilia,False,1,55.84213192036466,55.84213192036466
https://freemansauction.com/auctions/6421-sports-memorabilia/lot/356,102.5,123.0,102.5,123.0,100.0,200.0,100.0,200.0,USD,Freemans,Sports,Hockey,A Complete Set of 1978 Topps Hockey Cards,2025-12-04,https://hindmanauctions.com/auctions/6421-sports-memorabilia,False,1,46.34146341463415,46.34146341463415
https://freemansauction.com/auctions/6421-sports-memorabilia/lot/357,102.5,123.0,102.5,123.0,150.0,250.0,150.0,250.0,USD,Freemans,Sports,Hockey,A Complete Set of 1984-85 Topps Hockey Cards with PSA Graded Steve Yzerman Rookie Card and Wayne Gretzky,2025-12-04,https://hindmanauctions.com/auctions/6421-sports-memorabilia,False,1,95.1219512195122,95.1219512195122
https://freemansauction.com/auctions/6421-sports-memorabilia/lot/358,256.67,308.0,256.67,308.0,200.0,300.0,200.0,300.0,USD,Freemans,Sports,Hockey,An Unopened Wax Box of 1987 Topps Hockey Cards (36 Packs),2025-12-04,https://hindmanauctions.com/auctions/6421-sports-memorabilia,False,1,2.598667549772087,-2.598667549772087
https://freemansauction.com/auctions/6421-sports-memorabilia/lot/359,512.5,615.0,512.5,615.0,600.0,800.0,600.0,800.0,USD,Freemans,Sports,Hockey,An Unopened Wax Box of 1987-88 O-Pee-Chee Hockey Cards,2025-12-04,https://hindmanauctions.com/auctions/6421-sports-memorabilia,False,1,36.58536585365854,36.58536585365854
https://freemansauction.com/auctions/6421-sports-memorabilia/lot/361,615.0,738.0,615.0,738.0,700.0,900.0,700.0,900.0,USD,Freemans,Sports,Hockey,An Unopened Wax Box of 1988-89 O-Pee-Chee Hockey Cards,2025-12-04,https://hindmanauctions.com/auctions/6421-sports-memorabilia,False,1,30.08130081300813,30.08130081300813
https://freemansauction.com/auctions/6421-sports-memorabilia/lot/360,307.5,369.0,307.5,369.0,200.0,300.0,200.0,300.0,USD,Freemans,Sports,Hockey,An Unopened Wax Box of 1988 Topps Hockey Cards,2025-12-04,https://hindmanauctions.com/auctions/6421-sports-memorabilia,False,1,18.69918699186992,-18.69918699186992
https://freemansauction.com/auctions/6421-sports-memorabilia/lot/362,51.67,62.0,51.67,62.0,100.0,200.0,100.0,200.0,USD,Freemans,Sports,Hockey,An Unopened Wax Box of 1990 O-Pee-Chee Hockey Cards,2025-12-04,https://hindmanauctions.com/auctions/6421-sports-memorabilia,False,1,190.30385136442808,190.30385136442808
https://freemansauction.com/auctions/6421-sports-memorabilia/lot/363,154.17,185.0,154.17,185.0,200.0,300.0,200.0,300.0,USD,Freemans,Sports,Hockey,A Collection of 1988 O-Pee-Chee Brett Hull Rookie Hockey Cards No. 66 (PSA 9),2025-12-04,https://hindmanauctions.com/auctions/6421-sports-memorabilia,False,1,62.15865602905885,62.15865602905885
https://freemansauction.com/auctions/6421-sports-memorabilia/lot/364,256.67,308.0,256.67,308.0,200.0,300.0,200.0,300.0,USD,Freemans,Sports,Hockey,"A 1991 Upper Deck Brett Hull Signed Autograph Hockey Heroes Card No. 9 (926/2,500) PSA 9 MINT",2025-12-04,https://hindmanauctions.com/auctions/6421-sports-memorabilia,False,1,2.598667549772087,-2.598667549772087
https://freemansauction.com/auctions/6421-sports-memorabilia/lot/365,154.17,185.0,154.17,185.0,150.0,250.0,150.0,250.0,USD,Freemans,Automotive,N/A,A Collection of Three Factory Sets (Toolbox) of 1989 Maxx NASCAR Racing Cards All Featuring Dale Earnhardt Rookie Cards and Two 1988 Maxx Factory Sets,2025-12-04,https://hindmanauctions.com/auctions/6421-sports-memorabilia,False,1,29.726924823247074,29.726924823247074
https://freemansauction.com/auctions/6421-sports-memorabilia/lot/366,102.5,123.0,102.5,123.0,150.0,250.0,150.0,250.0,USD,Freemans,Sports,Mixed Martial Arts,A Collection of UFC MMA Graded Trading Cards,2025-12-04,https://hindmanauctions.com/auctions/6421-sports-memorabilia,False,1,95.1219512195122,95.1219512195122
https://freemansauction.com/auctions/6421-sports-memorabilia/lot/367,871.67,1046.0,871.67,1046.0,400.0,600.0,400.0,600.0,USD,Freemans,Pop Culture,N/A,A Collection of 1930s Non Sport Trading Cards Including 1933 Indian Gum and 1934 National Chicle Sky Birds with Amelia Earhart,2025-12-04,https://hindmanauctions.com/auctions/6421-sports-memorabilia,False,1,42.63884268128993,-42.63884268128993
https://freemansauction.com/auctions/6421-sports-memorabilia/lot/368,410.0,492.0,410.0,492.0,800.0,1200.0,800.0,1200.0,USD,Freemans,Pop Culture,N/A,"A Collection of 11 Red 1977 Topps Star Wars Series Two Complete Sets With Stickers (66 Cards, 11 Stickers Per Set)",2025-12-04,https://hindmanauctions.com/auctions/6421-sports-memorabilia,False,1,143.90243902439025,143.90243902439025
https://freemansauction.com/auctions/6421-sports-memorabilia/lot/370,205.0,246.0,205.0,246.0,250.0,350.0,250.0,350.0,USD,Freemans,Pop Culture,N/A,A Collection of 10 PSA Graded 1977 Topps Star Wars Lord Darth Vader Cards No. 196,2025-12-04,https://hindmanauctions.com/auctions/6421-sports-memorabilia,False,1,46.34146341463415,46.34146341463415
https://freemansauction.com/auctions/6421-sports-memorabilia/lot/369,154.17,185.0,154.17,185.0,300.0,500.0,300.0,500.0,USD,Freemans,Pop Culture,N/A,A Collection of PSA Graded 1977 Topps Series One Star Wars Trading Cards and Stickers (11),2025-12-04,https://hindmanauctions.com/auctions/6421-sports-memorabilia,False,1,159.45384964649415,159.45384964649415
https://freemansauction.com/auctions/6421-sports-memorabilia/lot/371,256.67,308.0,256.67,308.0,500.0,700.0,500.0,700.0,USD,Freemans,Pop Culture,N/A,"A Collection of Ten Yellow 1977 Topps Star Wars Series Three Near Sets With Stickers (65/66 Cards, 11 Stickers Per Set)",2025-12-04,https://hindmanauctions.com/auctions/6421-sports-memorabilia,False,1,133.763197880547,133.763197880547
https://freemansauction.com/auctions/6421-sports-memorabilia/lot/372,154.17,185.0,154.17,185.0,200.0,300.0,200.0,300.0,USD,Freemans,Pop Culture,N/A,A Collection of PSA Graded 1977 Topps Star Wars Darth Vader Trading Cards,2025-12-04,https://hindmanauctions.com/auctions/6421-sports-memorabilia,False,1,62.15865602905885,62.15865602905885
https://freemansauction.com/auctions/6421-sports-memorabilia/lot/373,410.0,492.0,410.0,492.0,800.0,1200.0,800.0,1200.0,USD,Freemans,Pop Culture,N/A,"A Collection of 10 Green 1977 Topps Star Wars Series Four Complete Sets With Stickers (66 Cards, 11 Stickers Per Set)",2025-12-04,https://hindmanauctions.com/auctions/6421-sports-memorabilia,False,1,143.90243902439025,143.90243902439025
https://freemansauction.com/auctions/6421-sports-memorabilia/lot/374,154.17,185.0,154.17,185.0,200.0,300.0,200.0,300.0,USD,Freemans,Pop Culture,N/A,A Collection of 1977 Topps Star Wars Stickers (119),2025-12-04,https://hindmanauctions.com/auctions/6421-sports-memorabilia,False,1,62.15865602905885,62.15865602905885
https://freemansauction.com/auctions/6421-sports-memorabilia/lot/375,307.5,369.0,307.5,369.0,600.0,800.0,600.0,800.0,USD,Freemans,Pop Culture,N/A,"A Collection of Over 900 1977 Topps Star Wars Series 1, 2, 3 and 4 Trading Cards",2025-12-04,https://hindmanauctions.com/auctions/6421-sports-memorabilia,False,1,127.64227642276423,127.64227642276423
https://freemansauction.com/auctions/6421-sports-memorabilia/lot/377,256.67,308.0,256.67,308.0,250.0,350.0,250.0,350.0,USD,Freemans,Pop Culture,N/A,A Group of Two 1980 Topps Star Wars The Empire Strikes Back Boba Fett Rookie Cards (PSA 9 MINT),2025-12-04,https://hindmanauctions.com/auctions/6421-sports-memorabilia,False,1,16.881598940273495,16.881598940273495
https://freemansauction.com/auctions/6421-sports-memorabilia/lot/378,102.5,123.0,102.5,123.0,150.0,250.0,150.0,250.0,USD,Freemans,Pop Culture,N/A,A Collection of PSA Graded 1980 Topps Star Wars The Empire Strikes Back Yoda and Boba Fett Rookie Cards,2025-12-04,https://hindmanauctions.com/auctions/6421-sports-memorabilia,False,1,95.1219512195122,95.1219512195122
https://freemansauction.com/auctions/6421-sports-memorabilia/lot/382,205.0,246.0,205.0,246.0,200.0,300.0,200.0,300.0,USD,Freemans,Pop Culture,N/A,Two Uncut Sheets of 1995 Fleer Ultra Spider-Man Ralston Cereal Insert Cards,2025-12-04,https://hindmanauctions.com/auctions/6421-sports-memorabilia,False,1,21.951219512195124,21.951219512195124
https://freemansauction.com/auctions/6514-sports-memorabilia/lot/71,1230.0,1476.0,1230.0,1476.0,600.0,800.0,600.0,800.0,USD,Freemans,Sports,Baseball,A 1934 R310 Butterfinger Lou Gehrig Baseball Card (PSA 1),2026-04-09,https://freemansauction.com/auctions/6514,False,1,43.08943089430894,-43.08943089430894
https://freemansauction.com/auctions/6514-sports-memorabilia/lot/72,205.0,246.0,205.0,246.0,150.0,250.0,150.0,250.0,USD,Freemans,Sports,Baseball,A 1939-46 Joe DiMaggio Exhibits Post Card (PSA 2 GOOD),2026-04-09,https://freemansauction.com/auctions/6514,False,1,2.4390243902439024,-2.4390243902439024
https://freemansauction.com/auctions/6514-sports-memorabilia/lot/73,256.67,308.0,256.67,308.0,150.0,250.0,150.0,250.0,USD,Freemans,Sports,Baseball,A Collection of 1947-66 Exhibits Baseball Cards Including Jackie Robinson,2026-04-09,https://freemansauction.com/auctions/6514,False,1,22.07893403981767,-22.07893403981767
https://freemansauction.com/auctions/6514-sports-memorabilia/lot/74,717.5,861.0,717.5,861.0,600.0,800.0,600.0,800.0,USD,Freemans,Sports,Baseball,A 1948 Bowman Yogi Berra Rookie Baseball Card No. 6,2026-04-09,https://freemansauction.com/auctions/6514,False,1,2.4390243902439024,-2.4390243902439024
https://freemansauction.com/auctions/6514-sports-memorabilia/lot/75,461.67,554.0,461.67,554.0,400.0,600.0,400.0,600.0,USD,Freemans,Sports,Baseball,A 1948 Bowman Stan Musial Rookie Baseball Card No. 36,2026-04-09,https://freemansauction.com/auctions/6514,False,1,8.302467130201222,8.302467130201222
https://freemansauction.com/auctions/6514-sports-memorabilia/lot/76,256.67,308.0,256.67,308.0,200.0,300.0,200.0,300.0,USD,Freemans,Sports,Baseball,A 1948 Bowman Warren Spahn Rookie Baseball Card No. 18,2026-04-09,https://freemansauction.com/auctions/6514,False,1,2.598667549772087,-2.598667549772087
https://freemansauction.com/auctions/6514-sports-memorabilia/lot/77,564.17,677.0,564.17,677.0,400.0,600.0,400.0,600.0,USD,Freemans,Sports,Baseball,A Collection of 1948 Bowman Baseball Cards Including Multiple Hall of Fame Rookie Cards,2026-04-09,https://freemansauction.com/auctions/6514,False,1,11.374231171455406,-11.374231171455406
https://freemansauction.com/auctions/6514-sports-memorabilia/lot/78,359.17,431.0,359.17,431.0,300.0,500.0,300.0,500.0,USD,Freemans,Sports,Baseball,A 1949 Bowman Stan Musial Baseball Card No. 24,2026-04-09,https://freemansauction.com/auctions/6514,False,1,11.367875936186202,11.367875936186202
https://freemansauction.com/auctions/6514-sports-memorabilia/lot/79,769.17,923.0,769.17,923.0,600.0,800.0,600.0,800.0,USD,Freemans,Sports,Baseball,A Collection of 1949 Bowman Baseball Cards Including Multiple Hall of Famers,2026-04-09,https://freemansauction.com/auctions/6514,False,1,8.992810432024125,-8.992810432024125
https://freemansauction.com/auctions/6514-sports-memorabilia/lot/80,2819.17,3383.0,2819.17,3383.0,1500.0,2500.0,1500.0,2500.0,USD,Freemans,Sports,Baseball,A 1950 Bowman Jackie Robinson Baseball Card No. 22 (PSA 2 GOOD),2026-04-09,https://freemansauction.com/auctions/6514,False,1,29.057133837264157,-29.057133837264157
https://freemansauction.com/auctions/6514-sports-memorabilia/lot/81,410.0,492.0,410.0,492.0,300.0,500.0,300.0,500.0,USD,Freemans,Sports,Baseball,A 1950 Bowman Ted Williams Baseball Card No. 98,2026-04-09,https://freemansauction.com/auctions/6514,False,1,2.4390243902439024,-2.4390243902439024
https://freemansauction.com/auctions/6514-sports-memorabilia/lot/82,2050.0,2460.0,2050.0,2460.0,800.0,1200.0,800.0,1200.0,USD,Freemans,Sports,Baseball,A Partial Set of 1950 Bowman Baseball Cards Including Multiple Hall of Famers (202/252),2026-04-09,https://freemansauction.com/auctions/6514,False,1,51.21951219512195,-51.21951219512195
https://freemansauction.com/auctions/6514-sports-memorabilia/lot/83,6662.5,7995.0,6662.5,7995.0,6000.0,8000.0,6000.0,8000.0,USD,Freemans,Sports,Baseball,A 1951 Bowman Willie Mays Rookie Baseball Card No. 305 (PSA 3.5 VG+),2026-04-09,https://freemansauction.com/auctions/6514,False,1,5.065666041275797,5.065666041275797
https://freemansauction.com/auctions/6514-sports-memorabilia/lot/84,615.0,738.0,615.0,738.0,300.0,500.0,300.0,500.0,USD,Freemans,Sports,Baseball,A 1951 Bowman Ted Williams Baseball Card No. 165,2026-04-09,https://freemansauction.com/auctions/6514,False,1,34.959349593495936,-34.959349593495936
https://freemansauction.com/auctions/6514-sports-memorabilia/lot/85,3331.67,3998.0,3331.67,3998.0,800.0,1200.0,800.0,1200.0,USD,Freemans,Sports,Baseball,A Collection of 1951 Bowman Baseball Cards Including Multiple Hall of Famers (89),2026-04-09,https://freemansauction.com/auctions/6514,False,1,69.9850225262406,-69.9850225262406
https://freemansauction.com/auctions/6514-sports-memorabilia/lot/86,1332.5,1599.0,1332.5,1599.0,300.0,500.0,300.0,500.0,USD,Freemans,Sports,Baseball,A Collection of 1952 Bowman Baseball Cards Including Multiple Hall of Famers (89),2026-04-09,https://freemansauction.com/auctions/6514,False,1,69.9812382739212,-69.9812382739212
https://freemansauction.com/auctions/6514-sports-memorabilia/lot/87,974.17,1169.0,974.17,1169.0,200.0,300.0,200.0,300.0,USD,Freemans,Sports,Baseball,A Collection of 1952 and 1953 Topps Baseball Cards,2026-04-09,https://freemansauction.com/auctions/6514,False,1,74.3371280166706,-74.3371280166706
https://freemansauction.com/auctions/6514-sports-memorabilia/lot/88,410.0,492.0,410.0,492.0,300.0,500.0,300.0,500.0,USD,Freemans,Sports,Baseball,A 1953 Bowman Color Stan Musial Baseball Card No. 32 (PSA 4 VG-EX),2026-04-09,https://freemansauction.com/auctions/6514,False,1,2.4390243902439024,-2.4390243902439024
https://freemansauction.com/auctions/6514-sports-memorabilia/lot/89,1845.0,2214.0,1845.0,2214.0,1500.0,2500.0,1500.0,2500.0,USD,Freemans,Sports,Baseball,A 1953 Topps Willie Mays Baseball Card No. 244 (SGC 3 VG),2026-04-09,https://freemansauction.com/auctions/6514,False,1,8.401084010840108,8.401084010840108
https://freemansauction.com/auctions/6514-sports-memorabilia/lot/90,1332.5,1599.0,1332.5,1599.0,1000.0,2000.0,1000.0,2000.0,USD,Freemans,Sports,Baseball,A 1953 Topps Jackie Robinson Baseball Card No. 1 (SGC 3 VG),2026-04-09,https://freemansauction.com/auctions/6514,False,1,12.570356472795497,12.570356472795497
https://freemansauction.com/auctions/6514-sports-memorabilia/lot/91,307.5,369.0,307.5,369.0,200.0,300.0,200.0,300.0,USD,Freemans,Sports,Baseball,A 1954 Sports Illustrated First Issue with Topps Baseball Card Insert and August 1955 Issue Featuring Ted Williams,2026-04-09,https://freemansauction.com/auctions/6514,False,1,18.69918699186992,-18.69918699186992
https://freemansauction.com/auctions/6514-sports-memorabilia/lot/92,615.0,738.0,615.0,738.0,300.0,500.0,300.0,500.0,USD,Freemans,Sports,Baseball,A 1954 Sports Illustrated First Issue with Topps Baseball Card Insert with Presentation Folio,2026-04-09,https://freemansauction.com/auctions/6514,False,1,34.959349593495936,-34.959349593495936
https://freemansauction.com/auctions/6514-sports-memorabilia/lot/93,922.5,1107.0,922.5,1107.0,800.0,1200.0,800.0,1200.0,USD,Freemans,Sports,Baseball,A 1955 Topps Jackie Robinson Baseball Card No. 50 (PSA 4 VG-EX),2026-04-09,https://freemansauction.com/auctions/6514,False,1,8.401084010840108,8.401084010840108
https://freemansauction.com/auctions/6514-sports-memorabilia/lot/94,461.67,554.0,461.67,554.0,400.0,600.0,400.0,600.0,USD,Freemans,Sports,Baseball,A 1956 Topps Willie Mays Gray Back Baseball Card No. 130 (SGC 5 EX),2026-04-09,https://freemansauction.com/auctions/6514,False,1,8.302467130201222,8.302467130201222
https://freemansauction.com/auctions/6514-sports-memorabilia/lot/95,974.17,1169.0,974.17,1169.0,800.0,1200.0,800.0,1200.0,USD,Freemans,Sports,Baseball,A 1956 Topps Jackie Robinson Baseball Card No. 30 (PSA 5 EX),2026-04-09,https://freemansauction.com/auctions/6514,False,1,2.651487933317598,2.651487933317598
https://freemansauction.com/auctions/6514-sports-memorabilia/lot/96,564.17,677.0,564.17,677.0,300.0,500.0,300.0,500.0,USD,Freemans,Sports,Baseball,A 1957 Topps Roberto Clemente Baseball Card No. 76 (PSA 6 EX-MT),2026-04-09,https://freemansauction.com/auctions/6514,False,1,29.099384937164327,-29.099384937164327
https://freemansauction.com/auctions/6514-sports-memorabilia/lot/97,307.5,369.0,307.5,369.0,300.0,500.0,300.0,500.0,USD,Freemans,Sports,Baseball,A 1957 Topps Willie Mays Baseball Card No. 10 (SGC 5 EX),2026-04-09,https://freemansauction.com/auctions/6514,False,1,30.08130081300813,30.08130081300813
https://freemansauction.com/auctions/6514-sports-memorabilia/lot/98,205.0,246.0,205.0,246.0,100.0,200.0,100.0,200.0,USD,Freemans,Sports,Baseball,A 1957 Topps Mickey Mantle Yogi Berra Yankees Power Hitters Baseball Card No. 407 (PSA 2.5 GOOD+),2026-04-09,https://freemansauction.com/auctions/6514,False,1,26.829268292682926,-26.829268292682926
https://freemansauction.com/auctions/6514-sports-memorabilia/lot/99,769.17,923.0,769.17,923.0,700.0,900.0,700.0,900.0,USD,Freemans,Sports,Baseball,A 1959 Fleer Ted Williams Ted Signs For 1959 Baseball Card No. 68 (PSA 5 EX),2026-04-09,https://freemansauction.com/auctions/6514,False,1,4.008216649115286,4.008216649115286
https://freemansauction.com/auctions/6514-sports-memorabilia/lot/100,205.0,246.0,205.0,246.0,200.0,300.0,200.0,300.0,USD,Freemans,Sports,Baseball,A 1960 Topps Hank Aaron Baseball Card No. 300 (PSA 4 VG-EX),2026-04-09,https://freemansauction.com/auctions/6514,False,1,21.951219512195124,21.951219512195124
https://freemansauction.com/auctions/6514-sports-memorabilia/lot/101,410.0,492.0,410.0,492.0,300.0,500.0,300.0,500.0,USD,Freemans,Sports,Baseball,A 1960 Topps Mickey Mantle Baseball Card No. 350 (PSA 3 VG),2026-04-09,https://freemansauction.com/auctions/6514,False,1,2.4390243902439024,-2.4390243902439024
https://freemansauction.com/auctions/6514-sports-memorabilia/lot/102,512.5,615.0,512.5,615.0,300.0,500.0,300.0,500.0,USD,Freemans,Sports,Baseball,A 1960 Topps Mickey Mantle Baseball Card No. 350 (PSA 3 VG),2026-04-09,https://freemansauction.com/auctions/6514,False,1,21.951219512195124,-21.951219512195124
https://freemansauction.com/auctions/6514-sports-memorabilia/lot/103,512.5,615.0,512.5,615.0,300.0,500.0,300.0,500.0,USD,Freemans,Sports,Baseball,A Collection of PSA Graded 1960 Topps Willie Mays Baseball Cards No. 200,2026-04-09,https://freemansauction.com/auctions/6514,False,1,21.951219512195124,-21.951219512195124
https://freemansauction.com/auctions/6514-sports-memorabilia/lot/104,205.0,246.0,205.0,246.0,100.0,200.0,100.0,200.0,USD,Freemans,Sports,Baseball,A 1960 Topps Willie McCovey Baseball Rookie Card No. 316 (PSA 5 EX),2026-04-09,https://freemansauction.com/auctions/6514,False,1,26.829268292682926,-26.829268292682926
https://freemansauction.com/auctions/6514-sports-memorabilia/lot/105,154.17,185.0,154.17,185.0,100.0,200.0,100.0,200.0,USD,Freemans,Sports,Baseball,A 1960 Topps Willie McCovey Baseball Rookie Card No. 316 (PSA 4 VG-EX),2026-04-09,https://freemansauction.com/auctions/6514,False,1,2.7048063825646933,-2.7048063825646933
https://freemansauction.com/auctions/6514-sports-memorabilia/lot/106,359.17,431.0,359.17,431.0,200.0,300.0,200.0,300.0,USD,Freemans,Sports,Baseball,A 1960 Topps Carl Yastrzemski Rookie Baseball Card No. 148 (PSA 6 EX-MT),2026-04-09,https://freemansauction.com/auctions/6514,False,1,30.395077539883623,-30.395077539883623
https://freemansauction.com/auctions/6514-sports-memorabilia/lot/107,410.0,492.0,410.0,492.0,250.0,350.0,250.0,350.0,USD,Freemans,Sports,Baseball,A Collection of PSA Graded 1960 and 1961 Topps Carl Yastrzemski Baseball Cards,2026-04-09,https://freemansauction.com/auctions/6514,False,1,26.829268292682926,-26.829268292682926
https://freemansauction.com/auctions/6514-sports-memorabilia/lot/108,307.5,369.0,307.5,369.0,300.0,500.0,300.0,500.0,USD,Freemans,Sports,Baseball,A Collection of PSA Graded 1961 Topps Hank Aaron Baseball Cards,2026-04-09,https://freemansauction.com/auctions/6514,False,1,30.08130081300813,30.08130081300813
https://freemansauction.com/auctions/6514-sports-memorabilia/lot/109,154.17,185.0,154.17,185.0,200.0,300.0,200.0,300.0,USD,Freemans,Sports,Baseball,A 1961 Topps Juan Marichal Rookie Baseball Card No. 417 (PSA 7 NM OC),2026-04-09,https://freemansauction.com/auctions/6514,False,1,62.15865602905885,62.15865602905885
https://freemansauction.com/auctions/6514-sports-memorabilia/lot/110,205.0,246.0,205.0,246.0,100.0,200.0,100.0,200.0,USD,Freemans,Sports,Baseball,A 1961 Topps Juan Marichal Rookie Baseball Card No. 417 (PSA 5 EX),2026-04-09,https://freemansauction.com/auctions/6514,False,1,26.829268292682926,-26.829268292682926
https://freemansauction.com/auctions/6514-sports-memorabilia/lot/111,359.17,431.0,359.17,431.0,200.0,300.0,200.0,300.0,USD,Freemans,Sports,Baseball,A 1961 Topps Roberto Clemente Baseball Card No. 388 (PSA 7 NM),2026-04-09,https://freemansauction.com/auctions/6514,False,1,30.395077539883623,-30.395077539883623
https://freemansauction.com/auctions/6514-sports-memorabilia/lot/112,359.17,431.0,359.17,431.0,200.0,300.0,200.0,300.0,USD,Freemans,Sports,Baseball,A 1961 Topps Roberto Clemente Baseball Card No. 388 (PSA 7 NM),2026-04-09,https://freemansauction.com/auctions/6514,False,1,30.395077539883623,-30.395077539883623
https://freemansauction.com/auctions/6514-sports-memorabilia/lot/113,256.67,308.0,256.67,308.0,150.0,250.0,150.0,250.0,USD,Freemans,Sports,Baseball,A 1961 Topps Roberto Clemente Baseball Card No. 388 (PSA 6 EX-MT),2026-04-09,https://freemansauction.com/auctions/6514,False,1,22.07893403981767,-22.07893403981767
https://freemansauction.com/auctions/6514-sports-memorabilia/lot/114,205.0,246.0,205.0,246.0,150.0,250.0,150.0,250.0,USD,Freemans,Sports,Baseball,A 1961 Topps Roberto Clemente Baseball Card No. 388 (PSA 6 EX-MT),2026-04-09,https://freemansauction.com/auctions/6514,False,1,2.4390243902439024,-2.4390243902439024
https://freemansauction.com/auctions/6514-sports-memorabilia/lot/115,410.0,492.0,410.0,492.0,150.0,250.0,150.0,250.0,USD,Freemans,Sports,Baseball,A Collection of PSA Graded 1961 Topps  Babe Ruth Baseball Cards No. 401,2026-04-09,https://freemansauction.com/auctions/6514,False,1,51.21951219512195,-51.21951219512195
https://freemansauction.com/auctions/6514-sports-memorabilia/lot/116,410.0,492.0,410.0,492.0,300.0,500.0,300.0,500.0,USD,Freemans,Sports,Baseball,A 1963 Topps Mickey Mantle Baseball Card No. 200 (PSA 4 VG-EX),2026-04-09,https://freemansauction.com/auctions/6514,False,1,2.4390243902439024,-2.4390243902439024
https://freemansauction.com/auctions/6514-sports-memorabilia/lot/117,461.67,554.0,461.67,554.0,250.0,350.0,250.0,350.0,USD,Freemans,Sports,Baseball,A 1963 Topps Mickey Mantle Baseball Card No. 200 (PSA 3 VG),2026-04-09,https://freemansauction.com/auctions/6514,False,1,35.018519721879265,-35.018519721879265
https://freemansauction.com/auctions/6514-sports-memorabilia/lot/118,2819.17,3383.0,2819.17,3383.0,2500.0,3500.0,2500.0,3500.0,USD,Freemans,Sports,Baseball,A 1963 Topps Pete Rose Rookie Card No. 537 (PSA 6 EX-MT),2026-04-09,https://freemansauction.com/auctions/6514,False,1,6.414299244103758,6.414299244103758
https://freemansauction.com/auctions/6514-sports-memorabilia/lot/119,256.67,308.0,256.67,308.0,300.0,500.0,300.0,500.0,USD,Freemans,Sports,Baseball,A 1964 Topps Pete Rose Baseball Card No. 125 (PSA 4 VG-EX),2026-04-09,https://freemansauction.com/auctions/6514,False,1,55.84213192036466,55.84213192036466
https://freemansauction.com/auctions/6514-sports-memorabilia/lot/120,307.5,369.0,307.5,369.0,300.0,500.0,300.0,500.0,USD,Freemans,Sports,Baseball,A 1964 Topps Pete Rose Baseball Card No. 125 (PSA 4 VG-EX),2026-04-09,https://freemansauction.com/auctions/6514,False,1,30.08130081300813,30.08130081300813
https://freemansauction.com/auctions/6514-sports-memorabilia/lot/121,154.17,185.0,154.17,185.0,150.0,250.0,150.0,250.0,USD,Freemans,Sports,Baseball,A 1964 Topps Pete Rose Baseball Card No. 125 (PSA 4 VG-EX MC),2026-04-09,https://freemansauction.com/auctions/6514,False,1,29.726924823247074,29.726924823247074
https://freemansauction.com/auctions/6514-sports-memorabilia/lot/122,205.0,246.0,205.0,246.0,200.0,300.0,200.0,300.0,USD,Freemans,Sports,Baseball,A 1964 Topps Pete Rose Baseball Card No. 125 (PSA 3 VG),2026-04-09,https://freemansauction.com/auctions/6514,False,1,21.951219512195124,21.951219512195124
https://freemansauction.com/auctions/6514-sports-memorabilia/lot/123,256.67,308.0,256.67,308.0,200.0,300.0,200.0,300.0,USD,Freemans,Sports,Baseball,A 1966 Topps Mickey Mantle Baseball Card No. 50 (SGC 4 VG/EX),2026-04-09,https://freemansauction.com/auctions/6514,False,1,2.598667549772087,-2.598667549772087
https://freemansauction.com/auctions/6514-sports-memorabilia/lot/124,307.5,369.0,307.5,369.0,200.0,300.0,200.0,300.0,USD,Freemans,Sports,Baseball,A Collection of PSA Graded 1968 Topps Super Stars Baseball Cards No. 490,2026-04-09,https://freemansauction.com/auctions/6514,False,1,18.69918699186992,-18.69918699186992
https://freemansauction.com/auctions/6514-sports-memorabilia/lot/125,410.0,492.0,410.0,492.0,300.0,500.0,300.0,500.0,USD,Freemans,Sports,Baseball,A Collection of PSA Graded 1968 Topps Johnny Bench Rookie Baseball Cards No. 247,2026-04-09,https://freemansauction.com/auctions/6514,False,1,2.4390243902439024,-2.4390243902439024
https://freemansauction.com/auctions/6514-sports-memorabilia/lot/126,820.0,984.0,820.0,984.0,600.0,800.0,600.0,800.0,USD,Freemans,Sports,Baseball,A 1968 Topps Nolan Ryan Rookie Baseball Card No. 177 (PSA 3 VG),2026-04-09,https://freemansauction.com/auctions/6514,False,1,14.634146341463415,-14.634146341463415
https://freemansauction.com/auctions/6514-sports-memorabilia/lot/128,410.0,492.0,410.0,492.0,300.0,500.0,300.0,500.0,USD,Freemans,Sports,Baseball,A Collection of PSA Graded 1968 Topps Halll of Fame and Notable Baseball Cards,2026-04-09,https://freemansauction.com/auctions/6514,False,1,2.4390243902439024,-2.4390243902439024
https://freemansauction.com/auctions/6514-sports-memorabilia/lot/130,205.0,246.0,205.0,246.0,150.0,250.0,150.0,250.0,USD,Freemans,Sports,Baseball,A 1969 Topps Reggie Jackson Rookie Baseball Card (PSA 4 VG-EX),2026-04-09,https://freemansauction.com/auctions/6514,False,1,2.4390243902439024,-2.4390243902439024
https://freemansauction.com/auctions/6514-sports-memorabilia/lot/131,410.0,492.0,410.0,492.0,200.0,300.0,200.0,300.0,USD,Freemans,Sports,Baseball,A 1969 Topps Mickey Mantle Baseball Card No. 500 - MANTLE LAST NAME IN YELLOW (PSA 4 VG-EX),2026-04-09,https://freemansauction.com/auctions/6514,False,1,39.02439024390244,-39.02439024390244
https://freemansauction.com/auctions/6514-sports-memorabilia/lot/132,512.5,615.0,512.5,615.0,300.0,500.0,300.0,500.0,USD,Freemans,Sports,Baseball,A Collection of PSA Graded 1969 Topps Hall of Fame and Notable Baseball Cards,2026-04-09,https://freemansauction.com/auctions/6514,False,1,21.951219512195124,-21.951219512195124
https://freemansauction.com/auctions/6514-sports-memorabilia/lot/133,256.67,308.0,256.67,308.0,150.0,250.0,150.0,250.0,USD,Freemans,Sports,Baseball,A 1973 Topps Mike Schmidt Rookie Baseball Card No. 615 (PSA 5 EX),2026-04-09,https://freemansauction.com/auctions/6514,False,1,22.07893403981767,-22.07893403981767
https://freemansauction.com/auctions/6514-sports-memorabilia/lot/134,154.17,185.0,154.17,185.0,200.0,300.0,200.0,300.0,USD,Freemans,Sports,Baseball,A 1973 Topps Mike Schmidt Rookie Baseball Card No. 615 (PSA 4 VG-EX),2026-04-09,https://freemansauction.com/auctions/6514,False,1,62.15865602905885,62.15865602905885
https://freemansauction.com/auctions/6514-sports-memorabilia/lot/135,461.67,554.0,461.67,554.0,400.0,600.0,400.0,600.0,USD,Freemans,Sports,Baseball,A 1982 Topps Traded Baseball Card Set With PSA 9 Cal Ripken Rookie Card No. 98T,2026-04-09,https://freemansauction.com/auctions/6514,False,1,8.302467130201222,8.302467130201222
https://freemansauction.com/auctions/6514-sports-memorabilia/lot/136,307.5,369.0,307.5,369.0,300.0,500.0,300.0,500.0,USD,Freemans,Sports,Baseball,A 1982 Topps Traded Baseball Card Set With PSA 7 Cal Ripken Rookie Card No. 98T,2026-04-09,https://freemansauction.com/auctions/6514,False,1,30.08130081300813,30.08130081300813
https://freemansauction.com/auctions/6514-sports-memorabilia/lot/137,359.17,431.0,359.17,431.0,500.0,700.0,500.0,700.0,USD,Freemans,Sports,Baseball,A Group of Five 1982 Chicago Cubs Red Lobster Factory Sealed Unopened Team Sets - Ryne Sandberg Rookie Cards,2026-04-09,https://freemansauction.com/auctions/6514,False,1,67.05181390427931,67.05181390427931
https://freemansauction.com/auctions/6514-sports-memorabilia/lot/138,154.17,185.0,154.17,185.0,150.0,250.0,150.0,250.0,USD,Freemans,Sports,Baseball,A Collection of 12 PSA Graded 1985 Topps Mark McGwire Rookie Baseball Cards,2026-04-09,https://freemansauction.com/auctions/6514,False,1,29.726924823247074,29.726924823247074
https://freemansauction.com/auctions/6514-sports-memorabilia/lot/139,205.0,246.0,205.0,246.0,250.0,350.0,250.0,350.0,USD,Freemans,Sports,Baseball,"A Complete Set of 1985 Topps Baseball Cards in Six Uncut Sheets Featuring Mark McGwire, Roger Clemens and Kirby Puckett Rookie Cards",2026-04-09,https://freemansauction.com/auctions/6514,False,1,46.34146341463415,46.34146341463415
https://freemansauction.com/auctions/6514-sports-memorabilia/lot/141,205.0,246.0,205.0,246.0,100.0,200.0,100.0,200.0,USD,Freemans,Sports,Baseball,A Collection of Baseball Rookie Cards Including 1989 Upper Deck Ken Griffey Jr. (PSA 8 NM-MT),2026-04-09,https://freemansauction.com/auctions/6514,False,1,26.829268292682926,-26.829268292682926
https://freemansauction.com/auctions/6514-sports-memorabilia/lot/142,307.5,369.0,307.5,369.0,150.0,250.0,150.0,250.0,USD,Freemans,Sports,Baseball,A Collection of PSA Graded 1989 Upper Deck Ken Griffey Jr. Rookie Baseball Cards,2026-04-09,https://freemansauction.com/auctions/6514,False,1,34.959349593495936,-34.959349593495936
https://freemansauction.com/auctions/6514-sports-memorabilia/lot/143,205.0,246.0,205.0,246.0,200.0,300.0,200.0,300.0,USD,Freemans,Sports,Baseball,A Group of PSA Graded 1996 Metal Universe Ken Griffey Jr. Baseball Cards,2026-04-09,https://freemansauction.com/auctions/6514,False,1,21.951219512195124,21.951219512195124
https://freemansauction.com/auctions/6514-sports-memorabilia/lot/144,307.5,369.0,307.5,369.0,100.0,200.0,100.0,200.0,USD,Freemans,Sports,Basketball,A 1972 Topps Julius Dr. J Erving Rookie Basketball Card,2026-04-09,https://freemansauction.com/auctions/6514,False,1,51.21951219512195,-51.21951219512195
https://freemansauction.com/auctions/6514-sports-memorabilia/lot/145,564.17,677.0,564.17,677.0,300.0,500.0,300.0,500.0,USD,Freemans,Sports,Basketball,A 1980 Topps Larry Bird Magic Johnson Rookie Basketball Card,2026-04-09,https://freemansauction.com/auctions/6514,False,1,29.099384937164327,-29.099384937164327
https://freemansauction.com/auctions/6514-sports-memorabilia/lot/146,922.5,1107.0,922.5,1107.0,800.0,1200.0,800.0,1200.0,USD,Freemans,Sports,Basketball,A 1980 Topps Larry Bird Magic Johnson Rookie Basketball Card (PSA 6 EX-MT),2026-04-09,https://freemansauction.com/auctions/6514,False,1,8.401084010840108,8.401084010840108
https://freemansauction.com/auctions/6514-sports-memorabilia/lot/147,410.0,492.0,410.0,492.0,200.0,300.0,200.0,300.0,USD,Freemans,Sports,Basketball,A 1985 Star Charles Barkley Gatorade Slam Dunk Basketball Card (PSA 8 NM-MT),2026-04-09,https://freemansauction.com/auctions/6514,False,1,39.02439024390244,-39.02439024390244
https://freemansauction.com/auctions/6514-sports-memorabilia/lot/148,8712.5,10455.0,8712.5,10455.0,5000.0,7000.0,5000.0,7000.0,USD,Freemans,Sports,Basketball,A 1985 Interlake Michael Jordan Chicago Bulls Rookie Basketball Card (PSA 8 NM-MT),2026-04-09,https://freemansauction.com/auctions/6514,False,1,31.133428981348636,-31.133428981348636
https://freemansauction.com/auctions/6514-sports-memorabilia/lot/150,4100.0,4920.0,4100.0,4920.0,2000.0,3000.0,2000.0,3000.0,USD,Freemans,Sports,Basketball,"A 1986 Star Best Of The Old, Best Of The New Basketball Card Set Featuring Michael Jordan Card No. 2 (BGS 9 MINT)",2026-04-09,https://freemansauction.com/auctions/6514,False,1,39.02439024390244,-39.02439024390244
https://freemansauction.com/auctions/6514-sports-memorabilia/lot/149,1435.0,1722.0,1435.0,1722.0,1000.0,2000.0,1000.0,2000.0,USD,Freemans,Sports,Basketball,A 1985 Nike Michael Jordan Jumpman Air Jordan Promo Basketball Card (PSA 8),2026-04-09,https://freemansauction.com/auctions/6514,False,1,4.529616724738676,4.529616724738676
https://freemansauction.com/auctions/6514-sports-memorabilia/lot/151,2819.17,3383.0,2819.17,3383.0,1000.0,2000.0,1000.0,2000.0,USD,Freemans,Sports,Basketball,A 1986 Star Best of the Best Set Featuring Michael Jordan,2026-04-09,https://freemansauction.com/auctions/6514,False,1,46.79285037794812,-46.79285037794812
https://freemansauction.com/auctions/6514-sports-memorabilia/lot/152,4612.5,5535.0,4612.5,5535.0,1500.0,2500.0,1500.0,2500.0,USD,Freemans,Sports,Basketball,A 1986 Fleer Michael Jordan Rookie Card No. 57 (PSA Altered),2026-04-09,https://freemansauction.com/auctions/6514,False,1,56.639566395663955,-56.639566395663955
https://freemansauction.com/auctions/6514-sports-memorabilia/lot/153,1947.5,2337.0,1947.5,2337.0,2500.0,3500.0,2500.0,3500.0,USD,Freemans,Sports,Basketball,A 1986-87 Fleer Basketball Card Near Set (131/132) with Complete Sticker Set Including Michael Jordan (11/11),2026-04-09,https://freemansauction.com/auctions/6514,False,1,54.04364569961489,54.04364569961489
https://freemansauction.com/auctions/6514-sports-memorabilia/lot/154,2306.67,2768.0,2306.67,2768.0,1500.0,2500.0,1500.0,2500.0,USD,Freemans,Sports,Basketball,A 1987 Fleer Michael Jordan Basketball Card (PSA 9 MINT),2026-04-09,https://freemansauction.com/auctions/6514,False,1,13.294922984215344,-13.294922984215344
https://freemansauction.com/auctions/6514-sports-memorabilia/lot/155,410.0,492.0,410.0,492.0,200.0,300.0,200.0,300.0,USD,Freemans,Sports,Basketball,A 1987 Fleer Michael Jordan Sticker No. 2 (PSA 8 NM-MT),2026-04-09,https://freemansauction.com/auctions/6514,False,1,39.02439024390244,-39.02439024390244
https://freemansauction.com/auctions/6514-sports-memorabilia/lot/156,871.67,1046.0,871.67,1046.0,300.0,500.0,300.0,500.0,USD,Freemans,Pop Culture,N/A,A Collection of Michael Jordan Starting Lineup Figures,2026-04-09,https://freemansauction.com/auctions/6514,False,1,54.11107414503194,-54.11107414503194
https://freemansauction.com/auctions/6514-sports-memorabilia/lot/157,51.67,62.0,51.67,62.0,100.0,200.0,100.0,200.0,USD,Freemans,Sports,Basketball,A 1988 Fournier Estrellas NBA Set Featuring Michael Jordan,2026-04-09,https://freemansauction.com/auctions/6514,False,1,190.30385136442808,190.30385136442808
https://freemansauction.com/auctions/6514-sports-memorabilia/lot/158,359.17,431.0,359.17,431.0,400.0,600.0,400.0,600.0,USD,Freemans,Sports,Basketball,A Collection of 1980s Fleer Basketball Card Near and Complete Sets,2026-04-09,https://freemansauction.com/auctions/6514,False,1,39.209844920232754,39.209844920232754
https://freemansauction.com/auctions/6514-sports-memorabilia/lot/159,461.67,554.0,461.67,554.0,250.0,350.0,250.0,350.0,USD,Freemans,Sports,Basketball,A 1988 Fleer Michael Jordan Basketball Card No. 17 (PSA 9 MINT),2026-04-09,https://freemansauction.com/auctions/6514,False,1,35.018519721879265,-35.018519721879265
https://freemansauction.com/auctions/6514-sports-memorabilia/lot/160,769.17,923.0,769.17,923.0,200.0,300.0,200.0,300.0,USD,Freemans,Sports,Basketball,A Collection of PSA Graded 1988 Fleer Michael Jordan All Star Basketball Cards No. 120 (PSA 8 NM-MT),2026-04-09,https://freemansauction.com/auctions/6514,False,1,67.49743229715146,-67.49743229715146
https://freemansauction.com/auctions/6514-sports-memorabilia/lot/161,205.0,246.0,205.0,246.0,200.0,300.0,200.0,300.0,USD,Freemans,Sports,Basketball,A 1988 Fleer Michael Jordan Sticker (PSA ST 8 NM-MT ),2026-04-09,https://freemansauction.com/auctions/6514,False,1,21.951219512195124,21.951219512195124
https://freemansauction.com/auctions/6514-sports-memorabilia/lot/162,2050.0,2460.0,2050.0,2460.0,1500.0,2500.0,1500.0,2500.0,USD,Freemans,Sports,Basketball,A 1990 Action Packed Michael Jordan Promo Basketball Card (PSA 9 MINT),2026-04-09,https://freemansauction.com/auctions/6514,False,1,2.4390243902439024,-2.4390243902439024
https://freemansauction.com/auctions/6514-sports-memorabilia/lot/163,102.5,123.0,102.5,123.0,150.0,250.0,150.0,250.0,USD,Freemans,Sports,N/A,An Uncommon 1990 Skybox Ahmad Rashad Broadcaster Card (PSA 7 NM),2026-04-09,https://freemansauction.com/auctions/6514,False,1,95.1219512195122,95.1219512195122
https://freemansauction.com/auctions/6514-sports-memorabilia/lot/164,10250.0,12300.0,10250.0,12300.0,5000.0,7000.0,5000.0,7000.0,USD,Freemans,Sports,Basketball,A 1990 Skybox Michael Jordan Signed Autograph Basketball Card No. 41 (PSA 9 MINT AUTO),2026-04-09,https://freemansauction.com/auctions/6514,False,1,41.46341463414634,-41.46341463414634
https://freemansauction.com/auctions/6514-sports-memorabilia/lot/165,6150.0,7380.0,6150.0,7380.0,4000.0,6000.0,4000.0,6000.0,USD,Freemans,Sports,Basketball,A 1991 Hoops Michael Jordan Signed Autograph Basketball Card No. 30 (PSA 7 AUTO),2026-04-09,https://freemansauction.com/auctions/6514,False,1,18.69918699186992,-18.69918699186992
https://freemansauction.com/auctions/6514-sports-memorabilia/lot/166,6150.0,7380.0,6150.0,7380.0,4000.0,6000.0,4000.0,6000.0,USD,Freemans,Sports,Basketball,A 1991 Skybox Michael Jordan Signed Autograph Basketball Card No. 39 (PSA 7 AUTO),2026-04-09,https://freemansauction.com/auctions/6514,False,1,18.69918699186992,-18.69918699186992
https://freemansauction.com/auctions/6514-sports-memorabilia/lot/167,11275.0,13530.0,11275.0,13530.0,4000.0,6000.0,4000.0,6000.0,USD,Freemans,Sports,Basketball,A 1991 Upper Deck Michael Jordan Signed Autograph Basketball Card No. 48 (PSA 9 AUTO),2026-04-09,https://freemansauction.com/auctions/6514,False,1,55.65410199556541,-55.65410199556541
https://freemansauction.com/auctions/6514-sports-memorabilia/lot/168,13325.0,15990.0,13325.0,15990.0,8000.0,12000.0,8000.0,12000.0,USD,Freemans,Sports,Basketball,A 1991 Upper Deck Michael Jordan Signed Autograph Basketball Card No. 69 (PSA 10 GEM MINT AUTO),2026-04-09,https://freemansauction.com/auctions/6514,False,1,24.953095684803003,-24.953095684803003
https://freemansauction.com/auctions/6514-sports-memorabilia/lot/169,11275.0,13530.0,11275.0,13530.0,7000.0,9000.0,7000.0,9000.0,USD,Freemans,Sports,Basketball,A 1991 Upper Deck Michael Jordan Signed Autograph Basketball Card No. 44 (PSA 9 MINT AUTO),2026-04-09,https://freemansauction.com/auctions/6514,False,1,29.046563192904657,-29.046563192904657
https://freemansauction.com/auctions/6514-sports-memorabilia/lot/170,11275.0,13530.0,11275.0,13530.0,4000.0,6000.0,4000.0,6000.0,USD,Freemans,Sports,Basketball,A 1991 Upper Deck Michael Jordan Signed Autograph Basketball Card No. 34 (PSA 9 MINT AUTO),2026-04-09,https://freemansauction.com/auctions/6514,False,1,55.65410199556541,-55.65410199556541
https://freemansauction.com/auctions/6514-sports-memorabilia/lot/171,256.67,308.0,256.67,308.0,150.0,250.0,150.0,250.0,USD,Freemans,Sports,Basketball,A Collection of 1991 Nike Trading Cards Featuring Michael Jordan,2026-04-09,https://freemansauction.com/auctions/6514,False,1,22.07893403981767,-22.07893403981767
https://freemansauction.com/auctions/6514-sports-memorabilia/lot/172,1025.0,1230.0,1025.0,1230.0,1000.0,2000.0,1000.0,2000.0,USD,Freemans,Sports,Basketball,A 1992-93 Topps Stadium Club Beam Team Basketball Card Set Featuring Shaquille O'Neal Rookie and Michael Jordan,2026-04-09,https://freemansauction.com/auctions/6514,False,1,46.34146341463415,46.34146341463415
https://freemansauction.com/auctions/6514-sports-memorabilia/lot/173,1127.5,1353.0,1127.5,1353.0,300.0,500.0,300.0,500.0,USD,Freemans,Sports,Basketball,A Collection of 1990s Basketball Card Sets Featuring Michael Jordan,2026-04-09,https://freemansauction.com/auctions/6514,False,1,64.52328159645232,-64.52328159645232
https://freemansauction.com/auctions/6514-sports-memorabilia/lot/175,461.67,554.0,461.67,554.0,200.0,300.0,200.0,300.0,USD,Freemans,Sports,Basketball,A Collection of 1990s Classic Signed Autograph Basketball Cards,2026-04-09,https://freemansauction.com/auctions/6514,False,1,45.84876643489939,-45.84876643489939
https://freemansauction.com/auctions/6514-sports-memorabilia/lot/176,922.5,1107.0,922.5,1107.0,200.0,300.0,200.0,300.0,USD,Freemans,Sports,Basketball,A Large Collection of 1990s NBA Hall of Fame Basketball Cards,2026-04-09,https://freemansauction.com/auctions/6514,False,1,72.89972899728997,-72.89972899728997
https://freemansauction.com/auctions/6514-sports-memorabilia/lot/177,154.17,185.0,154.17,185.0,200.0,300.0,200.0,300.0,USD,Freemans,Sports,Basketball,A Collection of 1991 Upper Deck Promo Basketball Cards,2026-04-09,https://freemansauction.com/auctions/6514,False,1,62.15865602905885,62.15865602905885
https://freemansauction.com/auctions/6514-sports-memorabilia/lot/178,461.67,554.0,461.67,554.0,500.0,700.0,500.0,700.0,USD,Freemans,Sports,Basketball,A 1992 Courtside Flashbacks Jim Valvano Signed Autograph North Carolina State Basketball Card (PSA 10 GEM MINT AUTO),2026-04-09,https://freemansauction.com/auctions/6514,False,1,29.962960556241466,29.962960556241466
https://freemansauction.com/auctions/6514-sports-memorabilia/lot/179,154.17,185.0,154.17,185.0,250.0,350.0,250.0,350.0,USD,Freemans,Sports,Basketball,A Collection of Hall of Fame Signed Autograph Basketball Cards,2026-04-09,https://freemansauction.com/auctions/6514,False,1,94.59038723487062,94.59038723487062
https://freemansauction.com/auctions/6514-sports-memorabilia/lot/180,256.67,308.0,256.67,308.0,250.0,350.0,250.0,350.0,USD,Freemans,Sports,Basketball,A 1992-93 Fleer Michael Jordan Total D Basketball Card No. 5 (PSA 8 NM-MT),2026-04-09,https://freemansauction.com/auctions/6514,False,1,16.881598940273495,16.881598940273495
https://freemansauction.com/auctions/6514-sports-memorabilia/lot/181,256.67,308.0,256.67,308.0,250.0,350.0,250.0,350.0,USD,Freemans,Sports,Basketball,A 1992 Fleer Team Leader Michael Jordan Basketball Card No. 4 (PSA 8 NM-MT),2026-04-09,https://freemansauction.com/auctions/6514,False,1,16.881598940273495,16.881598940273495
https://freemansauction.com/auctions/6514-sports-memorabilia/lot/182,307.5,369.0,307.5,369.0,300.0,500.0,300.0,500.0,USD,Freemans,Sports,Basketball,A 1993 Topps Stadium Club Michael Jordan Beam Team Basketball Card No. 4 (PSA 8 NM-MT),2026-04-09,https://freemansauction.com/auctions/6514,False,1,30.08130081300813,30.08130081300813
https://freemansauction.com/auctions/6514-sports-memorabilia/lot/183,205.0,246.0,205.0,246.0,150.0,250.0,150.0,250.0,USD,Freemans,Sports,Basketball,A 1993 Ultra Michael Jordan Famous Nicknames Basketball Card No. 7 (PSA 9 MINT),2026-04-09,https://freemansauction.com/auctions/6514,False,1,2.4390243902439024,-2.4390243902439024
https://freemansauction.com/auctions/6514-sports-memorabilia/lot/184,2050.0,2460.0,2050.0,2460.0,1800.0,2400.0,1800.0,2400.0,USD,Freemans,Sports,Basketball,A 1993 Ultra Scoring Kings Michael Jordan Basketball Card No. 5 (PSA 8 NM-MT),2026-04-09,https://freemansauction.com/auctions/6514,False,1,2.4390243902439024,2.4390243902439024
https://freemansauction.com/auctions/6514-sports-memorabilia/lot/185,154.17,185.0,154.17,185.0,200.0,300.0,200.0,300.0,USD,Freemans,Sports,Basketball,A 1993 Ultra All Defensive Michael Jordan Basketball Card No. 2 (PSA 8 NM-MT),2026-04-09,https://freemansauction.com/auctions/6514,False,1,62.15865602905885,62.15865602905885
https://freemansauction.com/auctions/6514-sports-memorabilia/lot/186,256.67,308.0,256.67,308.0,200.0,300.0,200.0,300.0,USD,Freemans,Sports,Basketball,A 1993-94 Fleer Ultra Michael Jordan Power In The Key Basketball Card No. 2 (PSA 7 NM),2026-04-09,https://freemansauction.com/auctions/6514,False,1,2.598667549772087,-2.598667549772087
https://freemansauction.com/auctions/6514-sports-memorabilia/lot/187,512.5,615.0,512.5,615.0,500.0,700.0,500.0,700.0,USD,Freemans,Sports,Baseball,A 1994 SP Holoview Red Michael Jordan Baseball Card No. 16 (PSA 9 MINT),2026-04-09,https://freemansauction.com/auctions/6514,False,1,17.073170731707318,17.073170731707318
https://freemansauction.com/auctions/6514-sports-memorabilia/lot/188,205.0,246.0,205.0,246.0,200.0,300.0,200.0,300.0,USD,Freemans,Sports,Basketball,A 1995 Fleer Metal Michael Jordan Slick Silver Basketball Card No. 3 (PSA 8 NM-MT),2026-04-09,https://freemansauction.com/auctions/6514,False,1,21.951219512195124,21.951219512195124
https://freemansauction.com/auctions/6514-sports-memorabilia/lot/189,205.0,246.0,205.0,246.0,100.0,200.0,100.0,200.0,USD,Freemans,Sports,Basketball,A 1995 Fleer Metal Michael Jordan Maximum Metal Basketball Card No. 4 (PSA 8 NM-MT),2026-04-09,https://freemansauction.com/auctions/6514,False,1,26.829268292682926,-26.829268292682926
https://freemansauction.com/auctions/6514-sports-memorabilia/lot/191,922.5,1107.0,922.5,1107.0,700.0,900.0,700.0,900.0,USD,Freemans,Sports,Basketball,A 1995 Flair Michael Jordan New Heights Basketball Card No. 4 (PSA 9 MINT),2026-04-09,https://freemansauction.com/auctions/6514,False,1,13.279132791327914,-13.279132791327914
https://freemansauction.com/auctions/6514-sports-memorabilia/lot/190,256.67,308.0,256.67,308.0,300.0,500.0,300.0,500.0,USD,Freemans,Sports,Basketball,A 1995 Fleer Metal Michael Jordan Scoring Magnet Basketball Card No. 4 (PSA 8 NM-MT),2026-04-09,https://freemansauction.com/auctions/6514,False,1,55.84213192036466,55.84213192036466
https://freemansauction.com/auctions/6514-sports-memorabilia/lot/192,717.5,861.0,717.5,861.0,600.0,800.0,600.0,800.0,USD,Freemans,Sports,Basketball,A 1995 Topps Stadium Club Beam Team Michael Jordan Basketball Card,2026-04-09,https://freemansauction.com/auctions/6514,False,1,2.4390243902439024,-2.4390243902439024
https://freemansauction.com/auctions/6514-sports-memorabilia/lot/193,307.5,369.0,307.5,369.0,300.0,500.0,300.0,500.0,USD,Freemans,Sports,Basketball,A 1995 Topps Stadium Club Michael Jordan Warp Speed Basketball Card No. WS1 (PSA 7 NM),2026-04-09,https://freemansauction.com/auctions/6514,False,1,30.08130081300813,30.08130081300813
https://freemansauction.com/auctions/6514-sports-memorabilia/lot/194,461.67,554.0,461.67,554.0,400.0,600.0,400.0,600.0,USD,Freemans,Sports,Basketball,A 1995-96 NBA Hoops Skyview Michael Jordan Basketball Card No. SV1 (PSA 8 NM-MT),2026-04-09,https://freemansauction.com/auctions/6514,False,1,8.302467130201222,8.302467130201222
https://freemansauction.com/auctions/6514-sports-memorabilia/lot/195,461.67,554.0,461.67,554.0,400.0,600.0,400.0,600.0,USD,Freemans,Sports,Basketball,A 1995-96 Flair Michael Jordan Anticipation Basketball Card No. 2 (PSA 8 NM-MT),2026-04-09,https://freemansauction.com/auctions/6514,False,1,8.302467130201222,8.302467130201222
https://freemansauction.com/auctions/6514-sports-memorabilia/lot/196,1640.0,1968.0,1640.0,1968.0,1000.0,2000.0,1000.0,2000.0,USD,Freemans,Sports,Basketball,A 1995-96 Flair Michael Jordan Hot Numbers Basketball Card No. 4 (PSA 8 NM-MT),2026-04-09,https://freemansauction.com/auctions/6514,False,1,8.536585365853659,-8.536585365853659
https://freemansauction.com/auctions/6514-sports-memorabilia/lot/197,256.67,308.0,256.67,308.0,250.0,350.0,250.0,350.0,USD,Freemans,Sports,Basketball,A 1995-96 Fleer Ultra Michael Jordan Gold Medallion Basketball Card No. 25 (PSA 8 NM-MT),2026-04-09,https://freemansauction.com/auctions/6514,False,1,16.881598940273495,16.881598940273495
https://freemansauction.com/auctions/6514-sports-memorabilia/lot/198,102.5,123.0,102.5,123.0,100.0,200.0,100.0,200.0,USD,Freemans,Sports,Basketball,A 1995 Skybox Premium Michael Jordan Standouts Hobby Basketball Card No. SH1 (PSA 7 NM),2026-04-09,https://freemansauction.com/auctions/6514,False,1,46.34146341463415,46.34146341463415
https://freemansauction.com/auctions/6514-sports-memorabilia/lot/199,307.5,369.0,307.5,369.0,300.0,500.0,300.0,500.0,USD,Freemans,Sports,Basketball,A 1995 Skybox Premium Michael Jordan Larger Than Life Basketball Card No. L1 (PSA 8 NM-MT),2026-04-09,https://freemansauction.com/auctions/6514,False,1,30.08130081300813,30.08130081300813
https://freemansauction.com/auctions/6514-sports-memorabilia/lot/200,769.17,923.0,769.17,923.0,700.0,900.0,700.0,900.0,USD,Freemans,Sports,Basketball,A 1995 Skybox Premium Michael Jordan Meltdown Basketball Card No. M1 (PSA 7 NM),2026-04-09,https://freemansauction.com/auctions/6514,False,1,4.008216649115286,4.008216649115286
https://freemansauction.com/auctions/6514-sports-memorabilia/lot/201,102.5,123.0,102.5,123.0,100.0,200.0,100.0,200.0,USD,Freemans,Sports,Basketball,A 1996 Flair Showcase Michael Jordan Row 1 Basketball Card (PSA 7 NM),2026-04-09,https://freemansauction.com/auctions/6514,False,1,46.34146341463415,46.34146341463415
https://freemansauction.com/auctions/6514-sports-memorabilia/lot/202,307.5,369.0,307.5,369.0,300.0,500.0,300.0,500.0,USD,Freemans,Sports,Basketball,A 1996 Fleer Metal Michael Jordan Decade of Excellence Basketball Card No. M4 (PSA 8 NM-MT),2026-04-09,https://freemansauction.com/auctions/6514,False,1,30.08130081300813,30.08130081300813
https://freemansauction.com/auctions/6514-sports-memorabilia/lot/203,307.5,369.0,307.5,369.0,300.0,500.0,300.0,500.0,USD,Freemans,Sports,Basketball,A 1996 Stadium Club Finest Michael Jordan 1984 Star Reprint Basketball Card No. 24 (PSA 8 NM-MT),2026-04-09,https://freemansauction.com/auctions/6514,False,1,30.08130081300813,30.08130081300813
https://freemansauction.com/auctions/6514-sports-memorabilia/lot/204,512.5,615.0,512.5,615.0,400.0,600.0,400.0,600.0,USD,Freemans,Sports,Basketball,A 1996 Topps Stadium Club Michael Jordan Special Forces Basketball Card No. SF4 (PSA 8 NM-MT),2026-04-09,https://freemansauction.com/auctions/6514,False,1,2.4390243902439024,-2.4390243902439024
https://freemansauction.com/auctions/6514-sports-memorabilia/lot/206,205.0,246.0,205.0,246.0,100.0,200.0,100.0,200.0,USD,Freemans,Sports,Basketball,A 1993-94 Upper Deck Behind The Glass Sealed Redemption Set Including Michael Jordan,2026-04-09,https://freemansauction.com/auctions/6514,False,1,26.829268292682926,-26.829268292682926
https://freemansauction.com/auctions/6514-sports-memorabilia/lot/207,410.0,492.0,410.0,492.0,300.0,500.0,300.0,500.0,USD,Freemans,Sports,Basketball,A 1994-95 Skybox Emotion Ntense Basketball Card Insert Set Including Michael Jordan,2026-04-09,https://freemansauction.com/auctions/6514,False,1,2.4390243902439024,-2.4390243902439024
https://freemansauction.com/auctions/6514-sports-memorabilia/lot/208,512.5,615.0,512.5,615.0,600.0,800.0,600.0,800.0,USD,Freemans,Sports,Basketball,A 1996 Topps NBA Stars Members Only Set Including 1985 Star Michael Jordan Reprint No. 24,2026-04-09,https://freemansauction.com/auctions/6514,False,1,36.58536585365854,36.58536585365854
https://freemansauction.com/auctions/6514-sports-memorabilia/lot/209,871.67,1046.0,871.67,1046.0,500.0,700.0,500.0,700.0,USD,Freemans,Sports,Basketball,A Collection of Six PSA Graded 1996 Topps Kobe Bryant Rookie Basketball Cards No. 138 (Four PSA 9 MINT and Two PSA 8 NM-MT),2026-04-09,https://freemansauction.com/auctions/6514,False,1,31.166611217547924,-31.166611217547924
https://freemansauction.com/auctions/6514-sports-memorabilia/lot/210,922.5,1107.0,922.5,1107.0,300.0,500.0,300.0,500.0,USD,Freemans,Sports,Basketball,A Collection of 10 1996 Stadium Club Rookies 2 R9 Kobe Bryant Rookie Cards (PSA 8 NM-MT),2026-04-09,https://freemansauction.com/auctions/6514,False,1,56.639566395663955,-56.639566395663955
https://freemansauction.com/auctions/6514-sports-memorabilia/lot/211,205.0,246.0,205.0,246.0,100.0,200.0,100.0,200.0,USD,Freemans,Sports,Basketball,A Collection of PSA Graded 1997 Metal Universe Allen Iverson Reebok Basketball Cards No. 20,2026-04-09,https://freemansauction.com/auctions/6514,False,1,26.829268292682926,-26.829268292682926
https://freemansauction.com/auctions/6514-sports-memorabilia/lot/212,359.17,431.0,359.17,431.0,500.0,700.0,500.0,700.0,USD,Freemans,Sports,Basketball,A Collection of Upper Deck Michael Jordan 24K Gold Cards (7 Total),2026-04-09,https://freemansauction.com/auctions/6514,False,1,67.05181390427931,67.05181390427931
https://freemansauction.com/auctions/6514-sports-memorabilia/lot/213,6662.5,7995.0,6662.5,7995.0,8000.0,12000.0,8000.0,12000.0,USD,Freemans,Sports,Basketball,A 2003 Topps Chrome LeBron James Rookie Basketball Card No. 111 (PSA 10 GEM MINT),2026-04-09,https://freemansauction.com/auctions/6514,False,1,50.093808630393994,50.093808630393994
https://freemansauction.com/auctions/6514-sports-memorabilia/lot/214,1875.0,2250.0,1875.0,2250.0,2000.0,3000.0,2000.0,3000.0,USD,Freemans,Sports,Basketball,A 2003 Bowman Rookies and Stars LeBron James Bowman Rookie Basketball Card No. 123 (PSA 10 GEM MINT),2026-04-09,https://freemansauction.com/auctions/6514,False,1,33.333333333333336,33.333333333333336
https://freemansauction.com/auctions/6514-sports-memorabilia/lot/215,205.0,246.0,205.0,246.0,150.0,200.0,150.0,200.0,USD,Freemans,Sports,Basketball,A 2003 Upper Deck LeBron James Redemption Special Rookie Basketball Card (PSA 10 GEM MINT),2026-04-09,https://freemansauction.com/auctions/6514,False,1,14.634146341463415,-14.634146341463415
https://freemansauction.com/auctions/6514-sports-memorabilia/lot/216,102.5,123.0,102.5,123.0,100.0,200.0,100.0,200.0,USD,Freemans,Sports,Basketball,A 2003 Upper Deck Top Prospects LeBron James Rookie Basketball Card No. 60 (PSA 10 GEM MINT),2026-04-09,https://freemansauction.com/auctions/6514,False,1,46.34146341463415,46.34146341463415
https://freemansauction.com/auctions/6514-sports-memorabilia/lot/217,1127.5,1353.0,1127.5,1353.0,200.0,300.0,200.0,300.0,USD,Freemans,Sports,Basketball,A Large Collection of 1990s Basketball Card Sets,2026-04-09,https://freemansauction.com/auctions/6514,False,1,77.8270509977827,-77.8270509977827
https://freemansauction.com/auctions/6514-sports-memorabilia/lot/218,1332.5,1599.0,1332.5,1599.0,800.0,1200.0,800.0,1200.0,USD,Freemans,Sports,Football,A Collection of 1948 and 1949 Leaf Football Cards Including Multiple Hall of Famers (66),2026-04-09,https://freemansauction.com/auctions/6514,False,1,24.953095684803003,-24.953095684803003
https://freemansauction.com/auctions/6514-sports-memorabilia/lot/219,1845.0,2214.0,1845.0,2214.0,2000.0,3000.0,2000.0,3000.0,USD,Freemans,Sports,Football,A Collection of 1950 Bowman Football Cards Including Multiple Hall of Famers and Rookies (210),2026-04-09,https://freemansauction.com/auctions/6514,False,1,35.50135501355014,35.50135501355014
https://freemansauction.com/auctions/6514-sports-memorabilia/lot/220,307.5,369.0,307.5,369.0,300.0,500.0,300.0,500.0,USD,Freemans,Sports,Football,A Near Set  of 1951 Topps Magic Football Cards (74/75),2026-04-09,https://freemansauction.com/auctions/6514,False,1,30.08130081300813,30.08130081300813
https://freemansauction.com/auctions/6514-sports-memorabilia/lot/221,1230.0,1476.0,1230.0,1476.0,1500.0,2500.0,1500.0,2500.0,USD,Freemans,Sports,Football,A Collection of 1951 Bowman Football Cards Including Multiple Hall of Famers and Rookies (136),2026-04-09,https://freemansauction.com/auctions/6514,False,1,62.60162601626016,62.60162601626016
https://freemansauction.com/auctions/6514-sports-memorabilia/lot/222,2306.67,2768.0,2306.67,2768.0,1000.0,2000.0,1000.0,2000.0,USD,Freemans,Sports,Football,A Collection of 1952 Bowman Large and Small Football Cards Including Multiple Hall of Famers (145),2026-04-09,https://freemansauction.com/auctions/6514,False,1,34.97119223816151,-34.97119223816151
https://freemansauction.com/auctions/6514-sports-memorabilia/lot/223,1435.0,1722.0,1435.0,1722.0,800.0,1200.0,800.0,1200.0,USD,Freemans,Sports,Football,A 1976 Topps Walter Payton Rookie Football Card No. 148 (PSA 8),2026-04-09,https://freemansauction.com/auctions/6514,False,1,30.313588850174217,-30.313588850174217
https://freemansauction.com/auctions/6514-sports-memorabilia/lot/224,359.17,431.0,359.17,431.0,250.0,350.0,250.0,350.0,USD,Freemans,Sports,Football,A 1976 Topps Walter Payton Rookie Football Card No. 148 (SGC 5 EX),2026-04-09,https://freemansauction.com/auctions/6514,False,1,16.47409304786035,-16.47409304786035
https://freemansauction.com/auctions/6514-sports-memorabilia/lot/225,154.17,185.0,154.17,185.0,300.0,500.0,300.0,500.0,USD,Freemans,Sports,Football,A Collection of Assorted Chicago Bears / Walter Payton Football Cards,2026-04-09,https://freemansauction.com/auctions/6514,False,1,159.45384964649415,159.45384964649415
https://freemansauction.com/auctions/6514-sports-memorabilia/lot/226,154.17,185.0,154.17,185.0,200.0,300.0,200.0,300.0,USD,Freemans,Sports,Football,A Complete Set of 1981 Topps Football Cards With PSA Graded Joe Montana Rookie,2026-04-09,https://freemansauction.com/auctions/6514,False,1,62.15865602905885,62.15865602905885
https://freemansauction.com/auctions/6514-sports-memorabilia/lot/227,666.67,800.0,666.67,800.0,500.0,700.0,500.0,700.0,USD,Freemans,Sports,Football,A 1992 Upper Deck Walter Payton Signed Autograph Football Heroes Card (375/2800),2026-04-09,https://freemansauction.com/auctions/6514,False,1,10.000449997750007,-10.000449997750007
https://freemansauction.com/auctions/6514-sports-memorabilia/lot/228,410.0,492.0,410.0,492.0,200.0,300.0,200.0,300.0,USD,Freemans,Sports,Football,A 1998 Bowman Chrome Peyton Manning Rookie Football Card No. 1 (PSA 10 GEM MINT),2026-04-09,https://freemansauction.com/auctions/6514,False,1,39.02439024390244,-39.02439024390244
https://freemansauction.com/auctions/6514-sports-memorabilia/lot/229,102.5,123.0,102.5,123.0,150.0,250.0,150.0,250.0,USD,Freemans,Sports,Football,A 1998 Leaf Rookies and Stars Peyton Manning Rookie Football Card No. 233 (PSA 10 GEM MINT),2026-04-09,https://freemansauction.com/auctions/6514,False,1,95.1219512195122,95.1219512195122
https://freemansauction.com/auctions/6514-sports-memorabilia/lot/230,205.0,246.0,205.0,246.0,100.0,200.0,100.0,200.0,USD,Freemans,Sports,Football,A 2000 Upper Deck Walter Payton Legendary Jerseys Football Card No. LJ-WP (Three Color Jersey Patch),2026-04-09,https://freemansauction.com/auctions/6514,False,1,26.829268292682926,-26.829268292682926
https://freemansauction.com/auctions/6514-sports-memorabilia/lot/231,359.17,431.0,359.17,431.0,500.0,700.0,500.0,700.0,USD,Freemans,Sports,Football,A Large Collection of Assorted 1960s-90s Hall of Fame Football Cards,2026-04-09,https://freemansauction.com/auctions/6514,False,1,67.05181390427931,67.05181390427931
https://freemansauction.com/auctions/6514-sports-memorabilia/lot/232,410.0,492.0,410.0,492.0,200.0,300.0,200.0,300.0,USD,Freemans,Sports,Football,A Collection Hall of Fame Signed Autograph Football Cards,2026-04-09,https://freemansauction.com/auctions/6514,False,1,39.02439024390244,-39.02439024390244
https://freemansauction.com/auctions/6514-sports-memorabilia/lot/233,1845.0,2214.0,1845.0,2214.0,800.0,1200.0,800.0,1200.0,USD,Freemans,Sports,Hockey,A 1966 Topps Bobby Orr Rookie Hockey Card No. 35 (PSA Recolored Designation),2026-04-09,https://freemansauction.com/auctions/6514,False,1,45.799457994579946,-45.799457994579946
https://freemansauction.com/auctions/6514-sports-memorabilia/lot/234,359.17,431.0,359.17,431.0,300.0,500.0,300.0,500.0,USD,Freemans,Sports,Hockey,A Collection of Five 1995 Parkhurst Bobby Orr Signed Autograph Hockey Cards,2026-04-09,https://freemansauction.com/auctions/6514,False,1,11.367875936186202,11.367875936186202
https://freemansauction.com/auctions/6514-sports-memorabilia/lot/235,205.0,246.0,205.0,246.0,200.0,300.0,200.0,300.0,USD,Freemans,Sports,Hockey,"A 1991 Upper Deck Brett Hull Signed Autograph Hockey Heroes Card No. 9 (72/2,500) PSA 9 MINT",2026-04-09,https://freemansauction.com/auctions/6514,False,1,21.951219512195124,21.951219512195124
https://freemansauction.com/auctions/6514-sports-memorabilia/lot/236,256.67,308.0,256.67,308.0,250.0,350.0,250.0,350.0,USD,Freemans,Sports,Hockey,A 1995 Upper Deck SP Wayne Gretzky Signed Autograph Hockey Card (Upper Deck Authenticated),2026-04-09,https://freemansauction.com/auctions/6514,False,1,16.881598940273495,16.881598940273495
https://freemansauction.com/auctions/6514-sports-memorabilia/lot/237,6150.0,7380.0,6150.0,7380.0,2000.0,3000.0,2000.0,3000.0,USD,Freemans,Sports,Baseball,An Unopened Wax Box of 1980 Topps Baseball Cards – Possible Rickey Henderson Rookie (BBCE Certified),2026-04-09,https://freemansauction.com/auctions/6514,False,1,59.34959349593496,-59.34959349593496
https://freemansauction.com/auctions/6514-sports-memorabilia/lot/238,6150.0,7380.0,6150.0,7380.0,2000.0,3000.0,2000.0,3000.0,USD,Freemans,Sports,Baseball,An Unopened Wax Box of 1980 Topps Baseball Cards – Possible Rickey Henderson Rookie (BBCE Certified),2026-04-09,https://freemansauction.com/auctions/6514,False,1,59.34959349593496,-59.34959349593496
https://freemansauction.com/auctions/6514-sports-memorabilia/lot/239,6662.5,7995.0,6662.5,7995.0,2000.0,3000.0,2000.0,3000.0,USD,Freemans,Sports,Baseball,An Unopened Wax Box of 1980 Topps Baseball Cards – Possible Rickey Henderson Rookie (BBCE Certified),2026-04-09,https://freemansauction.com/auctions/6514,False,1,62.4765478424015,-62.4765478424015
https://freemansauction.com/auctions/6514-sports-memorabilia/lot/240,6662.5,7995.0,6662.5,7995.0,2000.0,3000.0,2000.0,3000.0,USD,Freemans,Sports,Baseball,An Unopened Wax Box of 1980 Topps Baseball Cards – Possible Rickey Henderson Rookie (BBCE Certified),2026-04-09,https://freemansauction.com/auctions/6514,False,1,62.4765478424015,-62.4765478424015
https://freemansauction.com/auctions/6514-sports-memorabilia/lot/241,717.5,861.0,717.5,861.0,500.0,700.0,500.0,700.0,USD,Freemans,Sports,Baseball,An Unopened Wax Box of 1982 Topps Baseball Cards - Possible Cal Ripken Jr. Rookie,2026-04-09,https://freemansauction.com/auctions/6514,False,1,16.37630662020906,-16.37630662020906
https://freemansauction.com/auctions/6514-sports-memorabilia/lot/242,717.5,861.0,717.5,861.0,500.0,700.0,500.0,700.0,USD,Freemans,Sports,Baseball,An Unopened Wax Box of 1982 Topps Baseball Cards - Possible Cal Ripken Jr. Rookie,2026-04-09,https://freemansauction.com/auctions/6514,False,1,16.37630662020906,-16.37630662020906
https://freemansauction.com/auctions/6514-sports-memorabilia/lot/243,1025.0,1230.0,1025.0,1230.0,500.0,700.0,500.0,700.0,USD,Freemans,Sports,Baseball,"An Unopened Wax Box of 1983 Topps Baseball Cards – Possible Boggs, Gwynn, Sandberg Rookies",2026-04-09,https://freemansauction.com/auctions/6514,False,1,41.46341463414634,-41.46341463414634
https://freemansauction.com/auctions/6514-sports-memorabilia/lot/244,1127.5,1353.0,1127.5,1353.0,500.0,700.0,500.0,700.0,USD,Freemans,Sports,Baseball,"An Unopened Wax Box of 1983 Topps Baseball Cards – Possible Boggs, Gwynn, Sandberg Rookies",2026-04-09,https://freemansauction.com/auctions/6514,False,1,46.78492239467849,-46.78492239467849
https://freemansauction.com/auctions/6514-sports-memorabilia/lot/245,615.0,738.0,615.0,738.0,500.0,700.0,500.0,700.0,USD,Freemans,Sports,Baseball,"An Unopened Wax Box of 1983 Topps Baseball Cards – Possible Boggs, Gwynn, Sandberg Rookies",2026-04-09,https://freemansauction.com/auctions/6514,False,1,2.4390243902439024,-2.4390243902439024
https://freemansauction.com/auctions/6514-sports-memorabilia/lot/246,1127.5,1353.0,1127.5,1353.0,500.0,700.0,500.0,700.0,USD,Freemans,Sports,Baseball,"An Unopened Wax Box of 1983 Topps Baseball Cards – Possible Boggs, Gwynn, Sandberg Rookies",2026-04-09,https://freemansauction.com/auctions/6514,False,1,46.78492239467849,-46.78492239467849
https://freemansauction.com/auctions/6514-sports-memorabilia/lot/247,974.17,1169.0,974.17,1169.0,300.0,500.0,300.0,500.0,USD,Freemans,Sports,Baseball,An Unopened Wax Box of 1984 Donruss Baseball Cards,2026-04-09,https://freemansauction.com/auctions/6514,False,1,58.939404826672956,-58.939404826672956
https://freemansauction.com/auctions/6514-sports-memorabilia/lot/248,922.5,1107.0,922.5,1107.0,300.0,500.0,300.0,500.0,USD,Freemans,Sports,Baseball,An Unopened Wax Box of 1984 Donruss Baseball Cards,2026-04-09,https://freemansauction.com/auctions/6514,False,1,56.639566395663955,-56.639566395663955
https://freemansauction.com/auctions/6514-sports-memorabilia/lot/249,512.5,615.0,512.5,615.0,200.0,300.0,200.0,300.0,USD,Freemans,Sports,Baseball,An Unopened Wax Box of 1984 Topps Baseball Cards,2026-04-09,https://freemansauction.com/auctions/6514,False,1,51.21951219512195,-51.21951219512195
https://freemansauction.com/auctions/6514-sports-memorabilia/lot/250,564.17,677.0,564.17,677.0,200.0,300.0,200.0,300.0,USD,Freemans,Sports,Baseball,An Unopened Wax Box of 1984 Topps Baseball Cards,2026-04-09,https://freemansauction.com/auctions/6514,False,1,55.6871155857277,-55.6871155857277
https://freemansauction.com/auctions/6514-sports-memorabilia/lot/251,512.5,615.0,512.5,615.0,200.0,300.0,200.0,300.0,USD,Freemans,Sports,Baseball,An Unopened Wax Box of 1984 Topps Baseball Cards,2026-04-09,https://freemansauction.com/auctions/6514,False,1,51.21951219512195,-51.21951219512195
https://freemansauction.com/auctions/6514-sports-memorabilia/lot/252,461.67,554.0,461.67,554.0,200.0,300.0,200.0,300.0,USD,Freemans,Sports,Baseball,An Unopened Wax Box of 1984 Topps Baseball Cards,2026-04-09,https://freemansauction.com/auctions/6514,False,1,45.84876643489939,-45.84876643489939
https://freemansauction.com/auctions/6514-sports-memorabilia/lot/253,461.67,554.0,461.67,554.0,200.0,300.0,200.0,300.0,USD,Freemans,Sports,Baseball,An Unopened Wax Box of 1984 Topps Baseball Cards,2026-04-09,https://freemansauction.com/auctions/6514,False,1,45.84876643489939,-45.84876643489939
https://freemansauction.com/auctions/6514-sports-memorabilia/lot/254,461.67,554.0,461.67,554.0,200.0,300.0,200.0,300.0,USD,Freemans,Sports,Baseball,An Unopened Wax Box of 1984 Topps Baseball Cards,2026-04-09,https://freemansauction.com/auctions/6514,False,1,45.84876643489939,-45.84876643489939
https://freemansauction.com/auctions/6514-sports-memorabilia/lot/255,307.5,369.0,307.5,369.0,200.0,300.0,200.0,300.0,USD,Freemans,Sports,Baseball,An Unopened Wax Box of 1984 Topps Baseball Cards,2026-04-09,https://freemansauction.com/auctions/6514,False,1,18.69918699186992,-18.69918699186992
https://freemansauction.com/auctions/6514-sports-memorabilia/lot/256,410.0,492.0,410.0,492.0,200.0,300.0,200.0,300.0,USD,Freemans,Sports,Baseball,An Unopened Wax Box of 1984 Topps Baseball Cards,2026-04-09,https://freemansauction.com/auctions/6514,False,1,39.02439024390244,-39.02439024390244
https://freemansauction.com/auctions/6514-sports-memorabilia/lot/257,666.67,800.0,666.67,800.0,300.0,500.0,300.0,500.0,USD,Freemans,Sports,Baseball,An Unopened Wax Box of 1985 Topps Baseball Cards,2026-04-09,https://freemansauction.com/auctions/6514,False,1,40.000299998500005,-40.000299998500005
https://freemansauction.com/auctions/6514-sports-memorabilia/lot/258,615.0,738.0,615.0,738.0,300.0,500.0,300.0,500.0,USD,Freemans,Sports,Baseball,An Unopened Wax Box of 1985 Topps Baseball Cards,2026-04-09,https://freemansauction.com/auctions/6514,False,1,34.959349593495936,-34.959349593495936
https://freemansauction.com/auctions/6514-sports-memorabilia/lot/259,205.0,246.0,205.0,246.0,200.0,300.0,200.0,300.0,USD,Freemans,Sports,Football,A 1950 Topps Football Felt Back Varsity Bubble Gum Pack,2026-04-09,https://freemansauction.com/auctions/6514,False,1,21.951219512195124,21.951219512195124
https://freemansauction.com/auctions/6514-sports-memorabilia/lot/260,922.5,1107.0,922.5,1107.0,600.0,800.0,600.0,800.0,USD,Freemans,Sports,Football,An Unopened Wax Box of 1982 Topps Football Cards,2026-04-09,https://freemansauction.com/auctions/6514,False,1,24.119241192411923,-24.119241192411923
https://freemansauction.com/auctions/6514-sports-memorabilia/lot/261,2306.67,2768.0,2306.67,2768.0,2000.0,3000.0,2000.0,3000.0,USD,Freemans,Sports,Football,"An Unopened Wax Box of 1984 Topps Football Cards – Possible Elway, Marino and Dickerson Rookies (BBCE CERTIFIED)",2026-04-09,https://freemansauction.com/auctions/6514,False,1,8.381346269730821,8.381346269730821
https://freemansauction.com/auctions/6514-sports-memorabilia/lot/262,359.17,431.0,359.17,431.0,200.0,300.0,200.0,300.0,USD,Freemans,Sports,Football,An Unopened Wax Box of 1987 Topps Football Cards,2026-04-09,https://freemansauction.com/auctions/6514,False,1,30.395077539883623,-30.395077539883623
https://freemansauction.com/auctions/6514-sports-memorabilia/lot/263,359.17,431.0,359.17,431.0,200.0,300.0,200.0,300.0,USD,Freemans,Sports,Football,An Unopened Wax Box of 1987 Topps Football Cards,2026-04-09,https://freemansauction.com/auctions/6514,False,1,30.395077539883623,-30.395077539883623
https://freemansauction.com/auctions/6514-sports-memorabilia/lot/264,410.0,492.0,410.0,492.0,300.0,500.0,300.0,500.0,USD,Freemans,Sports,Baseball,An Original Circa 1920s Babe Ruth Type Three World Wide News Photograph (PSA),2026-04-09,https://freemansauction.com/auctions/6514,False,1,2.4390243902439024,-2.4390243902439024
https://freemansauction.com/auctions/6514-sports-memorabilia/lot/265,717.5,861.0,717.5,861.0,400.0,600.0,400.0,600.0,USD,Freemans,Sports,Baseball,An Original 1931 Babe Ruth New York Yankees With New York Mayor Jimmy Walker Type One Snapshot Photograph (PSA Authenticated),2026-04-09,https://freemansauction.com/auctions/6514,False,1,30.313588850174217,-30.313588850174217
https://freemansauction.com/auctions/6514-sports-memorabilia/lot/266,154.17,185.0,154.17,185.0,200.0,300.0,200.0,300.0,USD,Freemans,Sports,Baseball,A Barry Bonds Single Signed Autograph Baseball with 73 HR Inscription (JSA),2026-04-09,https://freemansauction.com/auctions/6514,False,1,62.15865602905885,62.15865602905885
https://freemansauction.com/auctions/6514-sports-memorabilia/lot/267,1025.0,1230.0,1025.0,1230.0,1000.0,2000.0,1000.0,2000.0,USD,Freemans,Sports,Baseball,A Collection of 15 500 Home Run Club Member Single Signed Autograph Baseballs (JSA),2026-04-09,https://freemansauction.com/auctions/6514,False,1,46.34146341463415,46.34146341463415
https://freemansauction.com/auctions/6514-sports-memorabilia/lot/268,307.5,369.0,307.5,369.0,250.0,350.0,250.0,350.0,USD,Freemans,Sports,Baseball,A Collection of 500 Home Run Club Signed Autograph Baseballs,2026-04-09,https://freemansauction.com/auctions/6514,False,1,2.4390243902439024,-2.4390243902439024
https://freemansauction.com/auctions/6514-sports-memorabilia/lot/269,154.17,185.0,154.17,185.0,200.0,300.0,200.0,300.0,USD,Freemans,Sports,Baseball,A Hank Aaron Single Signed Autograph Baseball (Beckett Authentication Services),2026-04-09,https://freemansauction.com/auctions/6514,False,1,62.15865602905885,62.15865602905885
https://freemansauction.com/auctions/6514-sports-memorabilia/lot/270,102.5,123.0,102.5,123.0,150.0,250.0,150.0,250.0,USD,Freemans,Sports,Baseball,A Hank Aaron Single Signed Autograph Baseball - Vintage Signature (Beckett Authentication Services Letter),2026-04-09,https://freemansauction.com/auctions/6514,False,1,95.1219512195122,95.1219512195122
https://freemansauction.com/auctions/6514-sports-memorabilia/lot/272,307.5,369.0,307.5,369.0,400.0,600.0,400.0,600.0,USD,Freemans,Sports,Baseball,A Walter Alston Single Signed Autograph Baseball (JSA Letter),2026-04-09,https://freemansauction.com/auctions/6514,False,1,62.60162601626016,62.60162601626016
https://freemansauction.com/auctions/6514-sports-memorabilia/lot/273,1230.0,1476.0,1230.0,1476.0,1000.0,2000.0,1000.0,2000.0,USD,Freemans,Sports,Baseball,A 500 Home Run Club Signed Autograph Baseball (Beckett Authentication Services Letter),2026-04-09,https://freemansauction.com/auctions/6514,False,1,21.951219512195124,21.951219512195124
https://freemansauction.com/auctions/6514-sports-memorabilia/lot/274,154.17,185.0,154.17,185.0,300.0,500.0,300.0,500.0,USD,Freemans,Sports,Baseball,A Kings of Baseball Signed Autograph Bat (Beckett Authentication Services Letter),2026-04-09,https://freemansauction.com/auctions/6514,False,1,159.45384964649415,159.45384964649415
https://freemansauction.com/auctions/6514-sports-memorabilia/lot/276,1640.0,1968.0,1640.0,1968.0,1000.0,2000.0,1000.0,2000.0,USD,Freemans,Sports,Baseball,"A 1930 Chicago Cubs Team Signed Autograph Baseball with Rogers Hornsby, Hack Wilson, Kiki Cuyler and Gabby Hartnett (Beckett Authentication Services Letter)",2026-04-09,https://freemansauction.com/auctions/6514,False,1,8.536585365853659,-8.536585365853659
https://freemansauction.com/auctions/6514-sports-memorabilia/lot/277,102.5,123.0,102.5,123.0,150.0,250.0,150.0,250.0,USD,Freemans,Sports,Baseball,An Ernie Banks Signed Autograph Bat (Beckett Authentication Services),2026-04-09,https://freemansauction.com/auctions/6514,False,1,95.1219512195122,95.1219512195122
https://freemansauction.com/auctions/6514-sports-memorabilia/lot/278,205.0,246.0,205.0,246.0,300.0,500.0,300.0,500.0,USD,Freemans,Sports,Baseball,A Collection of 1969 Chicago Cubs Single Signed Autograph Baseballs,2026-04-09,https://freemansauction.com/auctions/6514,False,1,95.1219512195122,95.1219512195122
https://freemansauction.com/auctions/6514-sports-memorabilia/lot/279,154.17,185.0,154.17,185.0,200.0,300.0,200.0,300.0,USD,Freemans,Sports,Baseball,A Collection of Chicago Cubs Hall of Fame Signed Autograph Baseballs,2026-04-09,https://freemansauction.com/auctions/6514,False,1,62.15865602905885,62.15865602905885
https://freemansauction.com/auctions/6514-sports-memorabilia/lot/280,102.5,123.0,102.5,123.0,200.0,300.0,200.0,300.0,USD,Freemans,Sports,Baseball,A Collection of Chicago Cubs Signed Autograph Baseballs Including Sammy Sosa,2026-04-09,https://freemansauction.com/auctions/6514,False,1,143.90243902439025,143.90243902439025
https://freemansauction.com/auctions/6514-sports-memorabilia/lot/282,205.0,246.0,205.0,246.0,200.0,300.0,200.0,300.0,USD,Freemans,Sports,Baseball,A 1998 Chicago Cubs vs. Houston Astros Kerry Wood 20 Strikeout Game Ticket Stub,2026-04-09,https://freemansauction.com/auctions/6514,False,1,21.951219512195124,21.951219512195124
https://freemansauction.com/auctions/6514-sports-memorabilia/lot/281,205.0,246.0,205.0,246.0,200.0,300.0,200.0,300.0,USD,Freemans,Sports,N/A,A Harry Caray Single Signed Autograph Baseball,2026-04-09,https://freemansauction.com/auctions/6514,False,1,21.951219512195124,21.951219512195124
https://freemansauction.com/auctions/6514-sports-memorabilia/lot/283,359.17,431.0,359.17,431.0,500.0,700.0,500.0,700.0,USD,Freemans,Sports,Baseball,A Collection of 2016 World Series Champion Chicago Cubs Signed Autograph Baseballs,2026-04-09,https://freemansauction.com/auctions/6514,False,1,67.05181390427931,67.05181390427931
https://freemansauction.com/auctions/6514-sports-memorabilia/lot/285,205.0,246.0,205.0,246.0,400.0,600.0,400.0,600.0,USD,Freemans,Sports,Baseball,A Collection of 2005 World Series Champion Chicago White Sox Signed Autograph Baseballs,2026-04-09,https://freemansauction.com/auctions/6514,False,1,143.90243902439025,143.90243902439025
https://freemansauction.com/auctions/6514-sports-memorabilia/lot/286,1435.0,1722.0,1435.0,1722.0,1000.0,2000.0,1000.0,2000.0,USD,Freemans,Sports,Baseball,A 2005 World Series Chicago White Sox Team Signed Autograph Baseball (Beckett Authentication Services),2026-04-09,https://freemansauction.com/auctions/6514,False,1,4.529616724738676,4.529616724738676
https://freemansauction.com/auctions/6514-sports-memorabilia/lot/287,102.5,123.0,102.5,123.0,200.0,300.0,200.0,300.0,USD,Freemans,Sports,N/A,A Roy Campanella Post Accident Signed Autograph Photo Display (Beckett Authentication Services),2026-04-09,https://freemansauction.com/auctions/6514,False,1,143.90243902439025,143.90243902439025
https://freemansauction.com/auctions/6514-sports-memorabilia/lot/288,256.67,308.0,256.67,308.0,300.0,500.0,300.0,500.0,USD,Freemans,Sports,Baseball,"A Collection of Nine Brooklyn Dodgers Era Signed Autograph Baseballs (JSA, PSA, MLB)",2026-04-09,https://freemansauction.com/auctions/6514,False,1,55.84213192036466,55.84213192036466
https://freemansauction.com/auctions/6514-sports-memorabilia/lot/289,461.67,554.0,461.67,554.0,200.0,300.0,200.0,300.0,USD,Freemans,Sports,Baseball,A Sandy Koufax Single Signed Autograph Baseball (JSA),2026-04-09,https://freemansauction.com/auctions/6514,False,1,45.84876643489939,-45.84876643489939
https://freemansauction.com/auctions/6514-sports-memorabilia/lot/290,102.5,123.0,102.5,123.0,150.0,250.0,150.0,250.0,USD,Freemans,Sports,N/A,A Rachel Robinson Single Signed Autograph Baseball (JSA),2026-04-09,https://freemansauction.com/auctions/6514,False,1,95.1219512195122,95.1219512195122
https://freemansauction.com/auctions/6514-sports-memorabilia/lot/291,256.67,308.0,256.67,308.0,200.0,300.0,200.0,300.0,USD,Freemans,Sports,Baseball,A Vin Scully Single Signed Autograph Baseball (JSA),2026-04-09,https://freemansauction.com/auctions/6514,False,1,2.598667549772087,-2.598667549772087
https://freemansauction.com/auctions/6514-sports-memorabilia/lot/293,307.5,369.0,307.5,369.0,300.0,500.0,300.0,500.0,USD,Freemans,Sports,Baseball,A Collection of New York Yankees Hall of Fame and Notable Signed Autograph Baseballs,2026-04-09,https://freemansauction.com/auctions/6514,False,1,30.08130081300813,30.08130081300813
https://freemansauction.com/auctions/6514-sports-memorabilia/lot/292,205.0,246.0,205.0,246.0,250.0,350.0,250.0,350.0,USD,Freemans,Sports,Baseball,A Collection of Los Angeles Dodgers Signed Autograph Baseballs,2026-04-09,https://freemansauction.com/auctions/6514,False,1,46.34146341463415,46.34146341463415
https://freemansauction.com/auctions/6514-sports-memorabilia/lot/294,256.67,308.0,256.67,308.0,400.0,600.0,400.0,600.0,USD,Freemans,Sports,Baseball,A Collection of New York Yankees Signed Autograph Baseballs,2026-04-09,https://freemansauction.com/auctions/6514,False,1,94.80266490045584,94.80266490045584
https://freemansauction.com/auctions/6514-sports-memorabilia/lot/296,359.17,431.0,359.17,431.0,200.0,300.0,200.0,300.0,USD,Freemans,Sports,Baseball,"A Yogi Berra Single Signed Baseball Inscribed ""It Ain't Over Till It's Over""",2026-04-09,https://freemansauction.com/auctions/6514,False,1,30.395077539883623,-30.395077539883623
https://freemansauction.com/auctions/6514-sports-memorabilia/lot/297,512.5,615.0,512.5,615.0,300.0,500.0,300.0,500.0,USD,Freemans,Sports,Baseball,A Joe DiMaggio Signed Autograph Yankee Clipper Portrait Baseball (Beckett Authentication Services),2026-04-09,https://freemansauction.com/auctions/6514,False,1,21.951219512195124,-21.951219512195124
https://freemansauction.com/auctions/6514-sports-memorabilia/lot/298,307.5,369.0,307.5,369.0,200.0,300.0,200.0,300.0,USD,Freemans,Sports,Baseball,A Joe DiMaggio Single Signed Autograph Baseball (Beckett Authentication Services),2026-04-09,https://freemansauction.com/auctions/6514,False,1,18.69918699186992,-18.69918699186992
https://freemansauction.com/auctions/6514-sports-memorabilia/lot/299,307.5,369.0,307.5,369.0,200.0,300.0,200.0,300.0,USD,Freemans,Sports,Baseball,A Joe DiMaggio Single Signed Autograph Baseball (Beckett Authentication Services),2026-04-09,https://freemansauction.com/auctions/6514,False,1,18.69918699186992,-18.69918699186992
https://freemansauction.com/auctions/6514-sports-memorabilia/lot/300,256.67,308.0,256.67,308.0,200.0,300.0,200.0,300.0,USD,Freemans,Sports,Baseball,A Derek Jeter Single Signed Autograph Baseball (Beckett Authentication Services and Steiner),2026-04-09,https://freemansauction.com/auctions/6514,False,1,2.598667549772087,-2.598667549772087
https://freemansauction.com/auctions/6514-sports-memorabilia/lot/301,205.0,246.0,205.0,246.0,200.0,300.0,200.0,300.0,USD,Freemans,Sports,N/A,A Mickey Mantle Signed Autograph Photo (Beckett Authentication Services),2026-04-09,https://freemansauction.com/auctions/6514,False,1,21.951219512195124,21.951219512195124
https://freemansauction.com/auctions/6514-sports-memorabilia/lot/302,205.0,246.0,205.0,246.0,300.0,500.0,300.0,500.0,USD,Freemans,Sports,Baseball,"A July 18, 1956 Sports Illustrated Magazine — Mickey Mantle First Cover Appearance",2026-04-09,https://freemansauction.com/auctions/6514,False,1,95.1219512195122,95.1219512195122
https://freemansauction.com/auctions/6514-sports-memorabilia/lot/303,102.5,123.0,102.5,123.0,100.0,200.0,100.0,200.0,USD,Freemans,Sports,N/A,A Casey Stengel Signed Autograph Postcard (PSA),2026-04-09,https://freemansauction.com/auctions/6514,False,1,46.34146341463415,46.34146341463415
https://freemansauction.com/auctions/6514-sports-memorabilia/lot/304,205.0,246.0,205.0,246.0,200.0,300.0,200.0,300.0,USD,Freemans,Sports,Baseball,A George Steinbrenner Single Signed Autograph Baseball (PSA),2026-04-09,https://freemansauction.com/auctions/6514,False,1,21.951219512195124,21.951219512195124
https://freemansauction.com/auctions/6514-sports-memorabilia/lot/305,307.5,369.0,307.5,369.0,200.0,300.0,200.0,300.0,USD,Freemans,Sports,Baseball,A Ken Griffey Jr. and Sr. Dual Signed Autograph Baseball (JSA),2026-04-09,https://freemansauction.com/auctions/6514,False,1,18.69918699186992,-18.69918699186992
https://freemansauction.com/auctions/6514-sports-memorabilia/lot/306,205.0,246.0,205.0,246.0,300.0,500.0,300.0,500.0,USD,Freemans,Sports,Baseball,A Rogers Hornsby Single Signed Autograph Baseball (JSA Letter),2026-04-09,https://freemansauction.com/auctions/6514,False,1,95.1219512195122,95.1219512195122
https://freemansauction.com/auctions/6514-sports-memorabilia/lot/307,102.5,123.0,102.5,123.0,150.0,250.0,150.0,250.0,USD,Freemans,Sports,Baseball,A Carl Hubbell Single Signed Autograph Baseball (JSA Letter),2026-04-09,https://freemansauction.com/auctions/6514,False,1,95.1219512195122,95.1219512195122
https://freemansauction.com/auctions/6514-sports-memorabilia/lot/308,359.17,431.0,359.17,431.0,250.0,350.0,250.0,350.0,USD,Freemans,Sports,Baseball,A Willie Mays Signed Autograph Bat (Beckett Authentication Services Letter),2026-04-09,https://freemansauction.com/auctions/6514,False,1,16.47409304786035,-16.47409304786035
https://freemansauction.com/auctions/6514-sports-memorabilia/lot/309,615.0,738.0,615.0,738.0,600.0,800.0,600.0,800.0,USD,Freemans,Pop Culture,N/A,An Original Vintage 1960s Willie Mays Bobblehead With Factory Box (Made In Japan),2026-04-09,https://freemansauction.com/auctions/6514,False,1,13.821138211382113,13.821138211382113
https://freemansauction.com/auctions/6514-sports-memorabilia/lot/311,154.17,185.0,154.17,185.0,200.0,300.0,200.0,300.0,USD,Freemans,Sports,N/A,An Archive of Material from The Collection of Stan Musial,2026-04-09,https://freemansauction.com/auctions/6514,False,1,62.15865602905885,62.15865602905885
https://freemansauction.com/auctions/6514-sports-memorabilia/lot/312,410.0,492.0,410.0,492.0,300.0,500.0,300.0,500.0,USD,Freemans,Sports,Baseball,A Collection of St. Louis Hall of Fame and Notable Signed Autograph Baseballs,2026-04-09,https://freemansauction.com/auctions/6514,False,1,2.4390243902439024,-2.4390243902439024
https://freemansauction.com/auctions/6514-sports-memorabilia/lot/314,307.5,369.0,307.5,369.0,200.0,300.0,200.0,300.0,USD,Freemans,Sports,Baseball,A Ted Williams Single Signed Autograph Baseball (JSA),2026-04-09,https://freemansauction.com/auctions/6514,False,1,18.69918699186992,-18.69918699186992
https://freemansauction.com/auctions/6514-sports-memorabilia/lot/313,205.0,246.0,205.0,246.0,200.0,300.0,200.0,300.0,USD,Freemans,Sports,Baseball,A Kirby Puckett Single Signed Autograph Baseball (Beckett Authentication Services),2026-04-09,https://freemansauction.com/auctions/6514,False,1,21.951219512195124,21.951219512195124
https://freemansauction.com/auctions/6514-sports-memorabilia/lot/315,410.0,492.0,410.0,492.0,500.0,700.0,500.0,700.0,USD,Freemans,Sports,Baseball,"A Collection of 12 3,000 Hit Club Member Single Signed Autograph Baseballs (JSA)",2026-04-09,https://freemansauction.com/auctions/6514,False,1,46.34146341463415,46.34146341463415
https://freemansauction.com/auctions/6514-sports-memorabilia/lot/316,307.5,369.0,307.5,369.0,400.0,600.0,400.0,600.0,USD,Freemans,Sports,Baseball,"A Collection of Nine 3,000 Hit Club Signed Autograph Baseballs",2026-04-09,https://freemansauction.com/auctions/6514,False,1,62.60162601626016,62.60162601626016
https://freemansauction.com/auctions/6514-sports-memorabilia/lot/317,205.0,246.0,205.0,246.0,200.0,300.0,200.0,300.0,USD,Freemans,Sports,Baseball,A Collection of Pete Rose Signed Autograph Baseballs with Inscriptions and Marge Schott Signed Baseball,2026-04-09,https://freemansauction.com/auctions/6514,False,1,21.951219512195124,21.951219512195124
https://freemansauction.com/auctions/6514-sports-memorabilia/lot/318,154.17,185.0,154.17,185.0,100.0,200.0,100.0,200.0,USD,Freemans,Sports,Baseball,"A Pete Rose Signed Autograph Black Baseball Inscribed ""I'm Sorry I Bet On Baseball"" (PSA)",2026-04-09,https://freemansauction.com/auctions/6514,False,1,2.7048063825646933,-2.7048063825646933
https://freemansauction.com/auctions/6514-sports-memorabilia/lot/319,512.5,615.0,512.5,615.0,500.0,700.0,500.0,700.0,USD,Freemans,Sports,Baseball,A Large Collection of Hall of Fame Signed Autograph Baseballs (23),2026-04-09,https://freemansauction.com/auctions/6514,False,1,17.073170731707318,17.073170731707318
https://freemansauction.com/auctions/6514-sports-memorabilia/lot/320,256.67,308.0,256.67,308.0,300.0,500.0,300.0,500.0,USD,Freemans,Sports,Baseball,A Collection of Seven Hall of Fame and Notable Pitcher Signed Autograph Baseballs,2026-04-09,https://freemansauction.com/auctions/6514,False,1,55.84213192036466,55.84213192036466
https://freemansauction.com/auctions/6514-sports-memorabilia/lot/321,307.5,369.0,307.5,369.0,200.0,300.0,200.0,300.0,USD,Freemans,Sports,Baseball,A Bob Uecker Single Signed Autograph Baseball,2026-04-09,https://freemansauction.com/auctions/6514,False,1,18.69918699186992,-18.69918699186992
https://freemansauction.com/auctions/6514-sports-memorabilia/lot/322,359.17,431.0,359.17,431.0,300.0,500.0,300.0,500.0,USD,Freemans,Sports,Baseball,A Collection of 12 Hall of Fame and Notable Announcer Signed Autograph Baseballs,2026-04-09,https://freemansauction.com/auctions/6514,False,1,11.367875936186202,11.367875936186202
https://freemansauction.com/auctions/6514-sports-memorabilia/lot/323,205.0,246.0,205.0,246.0,300.0,500.0,300.0,500.0,USD,Freemans,Sports,Baseball,A Collection of 10 Hall of Fame Manager Signed Autograph Baseballs (JSA),2026-04-09,https://freemansauction.com/auctions/6514,False,1,95.1219512195122,95.1219512195122
https://freemansauction.com/auctions/6514-sports-memorabilia/lot/324,102.5,123.0,102.5,123.0,150.0,250.0,150.0,250.0,USD,Freemans,Sports,Baseball,A Bill Buckner and Mookie Wilson Dual Signed Autograph Baseball,2026-04-09,https://freemansauction.com/auctions/6514,False,1,95.1219512195122,95.1219512195122
https://freemansauction.com/auctions/6514-sports-memorabilia/lot/325,564.17,677.0,564.17,677.0,300.0,500.0,300.0,500.0,USD,Freemans,Sports,Baseball,A Large Collection of Notable Signed Autograph Baseballs (38),2026-04-09,https://freemansauction.com/auctions/6514,False,1,29.099384937164327,-29.099384937164327
https://freemansauction.com/auctions/6514-sports-memorabilia/lot/326,102.5,123.0,102.5,123.0,150.0,250.0,150.0,250.0,USD,Freemans,Sports,Baseball,A Collection of Five Executive Signed Autograph Baseballs,2026-04-09,https://freemansauction.com/auctions/6514,False,1,95.1219512195122,95.1219512195122
https://freemansauction.com/auctions/6514-sports-memorabilia/lot/327,154.17,185.0,154.17,185.0,150.0,250.0,150.0,250.0,USD,Freemans,Sports,Baseball,A Collection of 2004 World Series Champion Boston Red Sox Signed Autograph Baseballs,2026-04-09,https://freemansauction.com/auctions/6514,False,1,29.726924823247074,29.726924823247074
https://freemansauction.com/auctions/6514-sports-memorabilia/lot/329,359.17,431.0,359.17,431.0,300.0,500.0,300.0,500.0,USD,Freemans,Sports,N/A,A Large Archive of Awards and Autographs from The Personal Collection of Ted Simmons,2026-04-09,https://freemansauction.com/auctions/6514,False,1,11.367875936186202,11.367875936186202
https://freemansauction.com/auctions/6514-sports-memorabilia/lot/330,205.0,246.0,205.0,246.0,200.0,300.0,200.0,300.0,USD,Freemans,Sports,Baseball,A Collection of 1952 and 1953 World Series New York Yankees Ticket Stubs,2026-04-09,https://freemansauction.com/auctions/6514,False,1,21.951219512195124,21.951219512195124
https://freemansauction.com/auctions/6514-sports-memorabilia/lot/332,410.0,492.0,410.0,492.0,200.0,300.0,200.0,300.0,USD,Freemans,Sports,Baseball,A Large Collection of Baseball Postseason Ticket Stubs,2026-04-09,https://freemansauction.com/auctions/6514,False,1,39.02439024390244,-39.02439024390244
https://freemansauction.com/auctions/6514-sports-memorabilia/lot/333,205.0,246.0,205.0,246.0,400.0,600.0,400.0,600.0,USD,Freemans,Sports,Baseball,"An Original, Unused 1940s Reach Official American League Baseball in Sealed Box",2026-04-09,https://freemansauction.com/auctions/6514,False,1,143.90243902439025,143.90243902439025
https://freemansauction.com/auctions/6514-sports-memorabilia/lot/335,974.17,1169.0,974.17,1169.0,200.0,300.0,200.0,300.0,USD,Freemans,Sports,N/A,An Al Hirschfeld Signed Autograph Baseball (Beckett Authentication Services),2026-04-09,https://freemansauction.com/auctions/6514,False,1,74.3371280166706,-74.3371280166706
https://freemansauction.com/auctions/6514-sports-memorabilia/lot/336,154.17,185.0,154.17,185.0,150.0,250.0,150.0,250.0,USD,Freemans,Pop Culture,N/A,A Stan Lee Signed Autograph Baseball (PSA),2026-04-09,https://freemansauction.com/auctions/6514,False,1,29.726924823247074,29.726924823247074
https://freemansauction.com/auctions/6514-sports-memorabilia/lot/337,1537.5,1845.0,1537.5,1845.0,800.0,1200.0,800.0,1200.0,USD,Freemans,Pop Culture,N/A,A President Barack Obama Single Signed Autograph Baseball (Beckett Authentication Services and JSA),2026-04-09,https://freemansauction.com/auctions/6514,False,1,34.959349593495936,-34.959349593495936
https://freemansauction.com/auctions/6514-sports-memorabilia/lot/338,461.67,554.0,461.67,554.0,700.0,900.0,700.0,900.0,USD,Freemans,Pop Culture,N/A,A President Joe Biden Single Signed Autograph Baseball (Beckett Authentication Services),2026-04-09,https://freemansauction.com/auctions/6514,False,1,73.28394740832196,73.28394740832196
https://freemansauction.com/auctions/6514-sports-memorabilia/lot/339,307.5,369.0,307.5,369.0,300.0,500.0,300.0,500.0,USD,Freemans,Sports,Baseball,A Collection of President Bill Clinton and Hillary Rodham Clinton Signed Autograph Baseballs (PSA),2026-04-09,https://freemansauction.com/auctions/6514,False,1,30.08130081300813,30.08130081300813
https://freemansauction.com/auctions/6514-sports-memorabilia/lot/340,256.67,308.0,256.67,308.0,200.0,300.0,200.0,300.0,USD,Freemans,Sports,N/A,A Jimmy Carter Single Signed Autograph Baseball (PSA),2026-04-09,https://freemansauction.com/auctions/6514,False,1,2.598667549772087,-2.598667549772087
https://freemansauction.com/auctions/6514-sports-memorabilia/lot/341,307.5,369.0,307.5,369.0,200.0,300.0,200.0,300.0,USD,Freemans,Sports,Baseball,A President Gerald Ford Single Signed Autograph Baseball,2026-04-09,https://freemansauction.com/auctions/6514,False,1,18.69918699186992,-18.69918699186992
https://freemansauction.com/auctions/6514-sports-memorabilia/lot/343,1025.0,1230.0,1025.0,1230.0,600.0,800.0,600.0,800.0,USD,Freemans,Sports,Baseball,Two James Earl Jones Field Of Dreams Inscribed Signed Baseballs (JSA),2026-04-09,https://freemansauction.com/auctions/6514,False,1,31.70731707317073,-31.70731707317073
https://freemansauction.com/auctions/6514-sports-memorabilia/lot/342,154.17,185.0,154.17,185.0,300.0,500.0,300.0,500.0,USD,Freemans,Sports,Basketball,An Evel Knievel Single Signed Autograph Basketball (PSA),2026-04-09,https://freemansauction.com/auctions/6514,False,1,159.45384964649415,159.45384964649415
https://freemansauction.com/auctions/6514-sports-memorabilia/lot/344,461.67,554.0,461.67,554.0,200.0,300.0,200.0,300.0,USD,Freemans,Sports,Baseball,"A Group of ""Field Of Dreams"" Actors Signed Baseballs Including Kevin Costner",2026-04-09,https://freemansauction.com/auctions/6514,False,1,45.84876643489939,-45.84876643489939
https://freemansauction.com/auctions/6514-sports-memorabilia/lot/345,154.17,185.0,154.17,185.0,200.0,300.0,200.0,300.0,USD,Freemans,Pop Culture,N/A,A Betty White Signed Autograph Baseball (PSA),2026-04-09,https://freemansauction.com/auctions/6514,False,1,62.15865602905885,62.15865602905885
https://freemansauction.com/auctions/6514-sports-memorabilia/lot/346,461.67,554.0,461.67,554.0,300.0,500.0,300.0,500.0,USD,Freemans,Sports,Basketball,A Collection of Kareem Abdul-Jabbar and John Wooden Signed Autograph Basketballs,2026-04-09,https://freemansauction.com/auctions/6514,False,1,13.358026295839023,-13.358026295839023
https://freemansauction.com/auctions/6514-sports-memorabilia/lot/347,102.5,123.0,102.5,123.0,200.0,300.0,200.0,300.0,USD,Freemans,Sports,Basketball,A Charles Barkley Signed Autograph Basketball (Beckett Authentication Services),2026-04-09,https://freemansauction.com/auctions/6514,False,1,143.90243902439025,143.90243902439025
https://freemansauction.com/auctions/6514-sports-memorabilia/lot/348,154.17,185.0,154.17,185.0,150.0,250.0,150.0,250.0,USD,Freemans,Sports,Basketball,A Larry Bird and Magic Johnson Dual Signed Autograph Photo (PSA and Beckett Authentication Services),2026-04-09,https://freemansauction.com/auctions/6514,False,1,29.726924823247074,29.726924823247074
https://freemansauction.com/auctions/6514-sports-memorabilia/lot/349,256.67,308.0,256.67,308.0,200.0,300.0,200.0,300.0,USD,Freemans,Sports,Basketball,A Larry Bird Signed Autograph Boston Celtics Jersey (Beckett Authentication Services),2026-04-09,https://freemansauction.com/auctions/6514,False,1,2.598667549772087,-2.598667549772087
https://freemansauction.com/auctions/6514-sports-memorabilia/lot/350,461.67,554.0,461.67,554.0,200.0,300.0,200.0,300.0,USD,Freemans,Sports,Basketball,A Pair of Stephen Curry Signed Autograph Under Armour Basketball Shoes (Fanatics Authentic),2026-04-09,https://freemansauction.com/auctions/6514,False,1,45.84876643489939,-45.84876643489939
https://freemansauction.com/auctions/6514-sports-memorabilia/lot/352,2050.0,2460.0,2050.0,2460.0,2000.0,3000.0,2000.0,3000.0,USD,Freemans,Sports,N/A,"A Michael Jordan Vintage Signed Autograph Basketball (Beckett Authentication Services, Moss Family Letter)",2026-04-09,https://freemansauction.com/auctions/6514,False,1,21.951219512195124,21.951219512195124
https://freemansauction.com/auctions/6514-sports-memorabilia/lot/359,256.67,308.0,256.67,308.0,300.0,500.0,300.0,500.0,USD,Freemans,Sports,Basketball,A Career Collection of Michael Jordan Chicago Bulls Pocket Schedules,2026-04-09,https://freemansauction.com/auctions/6514,False,1,55.84213192036466,55.84213192036466
https://freemansauction.com/auctions/6514-sports-memorabilia/lot/358,154.17,185.0,154.17,185.0,100.0,200.0,100.0,200.0,USD,Freemans,Sports,Basketball,A Collection of 1990s Chicago Bulls Tickets,2026-04-09,https://freemansauction.com/auctions/6514,False,1,2.7048063825646933,-2.7048063825646933
https://freemansauction.com/auctions/6514-sports-memorabilia/lot/362,564.17,677.0,564.17,677.0,400.0,600.0,400.0,600.0,USD,Freemans,Sports,N/A,A Career Collection of Michael Jordan Sports Illustrated Magazines,2026-04-09,https://freemansauction.com/auctions/6514,False,1,11.374231171455406,-11.374231171455406
https://freemansauction.com/auctions/6514-sports-memorabilia/lot/364,2819.17,3383.0,2819.17,3383.0,2000.0,3000.0,2000.0,3000.0,USD,Freemans,Sports,Basketball,A Michael Jordan 1988 Gatorade Slam Dunk Championship Signed Autograph Display (Upper Deck Authenticated Hologram),2026-04-09,https://freemansauction.com/auctions/6514,False,1,11.3214172965802,-11.3214172965802
https://freemansauction.com/auctions/6514-sports-memorabilia/lot/363,51.67,62.0,51.67,62.0,100.0,200.0,100.0,200.0,USD,Freemans,Sports,Basketball,A Collection of Michael Jordan Chicago Bulls Tickets and 1985 Red Auerbach Tribute Ticket,2026-04-09,https://freemansauction.com/auctions/6514,False,1,190.30385136442808,190.30385136442808
https://freemansauction.com/auctions/6514-sports-memorabilia/lot/365,3075.0,3690.0,3075.0,3690.0,3000.0,5000.0,3000.0,5000.0,USD,Freemans,Sports,Basketball,A Michael Jordan Signed Autograph NBA All-Star Jersey (Upper Deck Authenticated Hologram),2026-04-09,https://freemansauction.com/auctions/6514,False,1,30.08130081300813,30.08130081300813
https://freemansauction.com/auctions/6514-sports-memorabilia/lot/366,256.67,308.0,256.67,308.0,300.0,500.0,300.0,500.0,USD,Freemans,Sports,Basketball,"A Michael Jordan 1998 NBA Finals ""The Shot"" Photo Display",2026-04-09,https://freemansauction.com/auctions/6514,False,1,55.84213192036466,55.84213192036466
https://freemansauction.com/auctions/6514-sports-memorabilia/lot/367,1230.0,1476.0,1230.0,1476.0,1000.0,2000.0,1000.0,2000.0,USD,Freemans,Sports,N/A,A Michael Jordan Signed Autograph Upper Deck Authenticated Letter Display,2026-04-09,https://freemansauction.com/auctions/6514,False,1,21.951219512195124,21.951219512195124
https://freemansauction.com/auctions/6514-sports-memorabilia/lot/368,2306.67,2768.0,2306.67,2768.0,600.0,800.0,600.0,800.0,USD,Freemans,Sports,Golf,A Michael Jordan Signed Autograph Wilson Golf Bag (Beckett Authentication Services),2026-04-09,https://freemansauction.com/auctions/6514,False,1,69.65322304447537,-69.65322304447537
https://freemansauction.com/auctions/6514-sports-memorabilia/lot/369,1025.0,1230.0,1025.0,1230.0,1000.0,2000.0,1000.0,2000.0,USD,Freemans,Sports,Golf,A 2004 Chrysler All-Star Golf Shootout Signed Autograph Golf Flag Including Michael Jordan (Beckett Authentication Services Letter),2026-04-09,https://freemansauction.com/auctions/6514,False,1,46.34146341463415,46.34146341463415
https://freemansauction.com/auctions/6514-sports-memorabilia/lot/372,1230.0,1476.0,1230.0,1476.0,200.0,300.0,200.0,300.0,USD,Freemans,Pop Culture,N/A,A Large Collection of Assorted Michael Jordan Collectibles and Advertising Material,2026-04-09,https://freemansauction.com/auctions/6514,False,1,79.67479674796748,-79.67479674796748
https://freemansauction.com/auctions/6514-sports-memorabilia/lot/373,256.67,308.0,256.67,308.0,200.0,300.0,200.0,300.0,USD,Freemans,Sports,N/A,"A 1987 Michael Jordan, Walter Payton and Andre Dawson Chicago Sports Legends Photo Display",2026-04-09,https://freemansauction.com/auctions/6514,False,1,2.598667549772087,-2.598667549772087
https://freemansauction.com/auctions/6514-sports-memorabilia/lot/374,1025.0,1230.0,1025.0,1230.0,500.0,700.0,500.0,700.0,USD,Freemans,Sports,Basketball,A Collection of Vintage 1990s Chicago Bulls Locker Room Shirts and Hats,2026-04-09,https://freemansauction.com/auctions/6514,False,1,41.46341463414634,-41.46341463414634
https://freemansauction.com/auctions/6514-sports-memorabilia/lot/376,102.5,123.0,102.5,123.0,200.0,300.0,200.0,300.0,USD,Freemans,Sports,Basketball,A Shaquille O'Neal Signed Autograph Los Angeles Lakers Jersey,2026-04-09,https://freemansauction.com/auctions/6514,False,1,143.90243902439025,143.90243902439025
https://freemansauction.com/auctions/6514-sports-memorabilia/lot/377,205.0,246.0,205.0,246.0,250.0,350.0,250.0,350.0,USD,Freemans,Sports,Basketball,A Bill Russell Signed Autograph Basketball (Beckett Authentication Services),2026-04-09,https://freemansauction.com/auctions/6514,False,1,46.34146341463415,46.34146341463415
https://freemansauction.com/auctions/6514-sports-memorabilia/lot/378,205.0,246.0,205.0,246.0,250.0,350.0,250.0,350.0,USD,Freemans,Sports,Basketball,A Bill Russell Signed Autograph Basketball (Beckett  Authentication Services),2026-04-09,https://freemansauction.com/auctions/6514,False,1,46.34146341463415,46.34146341463415
https://freemansauction.com/auctions/6514-sports-memorabilia/lot/380,359.17,431.0,359.17,431.0,400.0,600.0,400.0,600.0,USD,Freemans,Sports,Boxing,"A Sept. 20, 1955 Rocky Marciano vs. Archie Moore World Heavyweight Championship Boxing Ticket – Final Bout of Marciano's Historic 49-0 Career",2026-04-09,https://freemansauction.com/auctions/6514,False,1,39.209844920232754,39.209844920232754
https://freemansauction.com/auctions/6514-sports-memorabilia/lot/381,717.5,861.0,717.5,861.0,500.0,700.0,500.0,700.0,USD,Freemans,Sports,Boxing,"A Muhammad Ali vs Joe Frazier March 8, 1971 Signed Autograph Poster (PSA)",2026-04-09,https://freemansauction.com/auctions/6514,False,1,16.37630662020906,-16.37630662020906
https://freemansauction.com/auctions/6514-sports-memorabilia/lot/382,307.5,369.0,307.5,369.0,250.0,350.0,250.0,350.0,USD,Freemans,Sports,N/A,A Muhammad Ali Signed Autograph Watch Set,2026-04-09,https://freemansauction.com/auctions/6514,False,1,2.4390243902439024,-2.4390243902439024
https://freemansauction.com/auctions/6514-sports-memorabilia/lot/384,4100.0,4920.0,4100.0,4920.0,4000.0,6000.0,4000.0,6000.0,USD,Freemans,Sports,Football,"A Rare Jostens 1985 Chicago Bears Super Bowl XX Championship Salesman Sample Ring Crafted to William ""The Refrigerator"" Perry's Size",2026-04-09,https://freemansauction.com/auctions/6514,False,1,21.951219512195124,21.951219512195124
https://freemansauction.com/auctions/6514-sports-memorabilia/lot/385,410.0,492.0,410.0,492.0,600.0,800.0,600.0,800.0,USD,Freemans,Sports,N/A,A Walter Payton Signed Autograph Football (Beckett Authentication Services Letter),2026-04-09,https://freemansauction.com/auctions/6514,False,1,70.73170731707317,70.73170731707317
https://freemansauction.com/auctions/6514-sports-memorabilia/lot/387,1230.0,1476.0,1230.0,1476.0,1000.0,2000.0,1000.0,2000.0,USD,Freemans,Sports,Football,A Walter Payton Signed Autograph Chicago Bears Jersey Display With Multiple Career Inscriptions (PSA),2026-04-09,https://freemansauction.com/auctions/6514,False,1,21.951219512195124,21.951219512195124
https://freemansauction.com/auctions/6514-sports-memorabilia/lot/388,256.67,308.0,256.67,308.0,300.0,500.0,300.0,500.0,USD,Freemans,Sports,N/A,A Collection of Walter Payton Signed Autograph Displays,2026-04-09,https://freemansauction.com/auctions/6514,False,1,55.84213192036466,55.84213192036466
https://freemansauction.com/auctions/6514-sports-memorabilia/lot/389,410.0,492.0,410.0,492.0,600.0,800.0,600.0,800.0,USD,Freemans,Sports,Football,A Collection of Chicago Bears Super XX Signed Autograph Mini Helmets (21),2026-04-09,https://freemansauction.com/auctions/6514,False,1,70.73170731707317,70.73170731707317
https://freemansauction.com/auctions/6514-sports-memorabilia/lot/390,461.67,554.0,461.67,554.0,500.0,700.0,500.0,700.0,USD,Freemans,Sports,Football,A Collection of Eight Chicago Bears Hall of Fame Signed Autograph Mini Helmets,2026-04-09,https://freemansauction.com/auctions/6514,False,1,29.962960556241466,29.962960556241466
https://freemansauction.com/auctions/6514-sports-memorabilia/lot/391,769.17,923.0,769.17,923.0,300.0,500.0,300.0,500.0,USD,Freemans,Sports,Football,A Collection of Chicago Bears Legends Signed Autograph Jerseys,2026-04-09,https://freemansauction.com/auctions/6514,False,1,47.99589167544235,-47.99589167544235
https://freemansauction.com/auctions/6514-sports-memorabilia/lot/392,256.67,308.0,256.67,308.0,300.0,500.0,300.0,500.0,USD,Freemans,Sports,Football,A Collection of Running Back Legend Signed Autograph Mini Helmets,2026-04-09,https://freemansauction.com/auctions/6514,False,1,55.84213192036466,55.84213192036466
https://freemansauction.com/auctions/6514-sports-memorabilia/lot/393,359.17,431.0,359.17,431.0,500.0,700.0,500.0,700.0,USD,Freemans,Sports,Football,A Group of Green Bay Packers Hall of Fame and Notable Signed Autograph Mini Helmets,2026-04-09,https://freemansauction.com/auctions/6514,False,1,67.05181390427931,67.05181390427931
https://freemansauction.com/auctions/6514-sports-memorabilia/lot/394,205.0,246.0,205.0,246.0,300.0,500.0,300.0,500.0,USD,Freemans,Sports,Football,A Reggie White Signed Autograph Green Bay Packers Mini Helmet (PSA),2026-04-09,https://freemansauction.com/auctions/6514,False,1,95.1219512195122,95.1219512195122
https://freemansauction.com/auctions/6514-sports-memorabilia/lot/395,256.67,308.0,256.67,308.0,300.0,500.0,300.0,500.0,USD,Freemans,Sports,Football,A Collection of Dallas Cowboys Hall of Fame Signed Autograph Mini Helmets,2026-04-09,https://freemansauction.com/auctions/6514,False,1,55.84213192036466,55.84213192036466
https://freemansauction.com/auctions/6514-sports-memorabilia/lot/396,154.17,185.0,154.17,185.0,300.0,500.0,300.0,500.0,USD,Freemans,Sports,Football,A Collection of Miami Dolphins Hall of Fame and Notables Signed Autograph Mini Helmets,2026-04-09,https://freemansauction.com/auctions/6514,False,1,159.45384964649415,159.45384964649415
https://freemansauction.com/auctions/6514-sports-memorabilia/lot/397,256.67,308.0,256.67,308.0,300.0,500.0,300.0,500.0,USD,Freemans,Sports,Football,A Collection of San Francisco 49ers Hall of Fame Signed Autograph Mini Helmets,2026-04-09,https://freemansauction.com/auctions/6514,False,1,55.84213192036466,55.84213192036466
https://freemansauction.com/auctions/6514-sports-memorabilia/lot/398,256.67,308.0,256.67,308.0,200.0,300.0,200.0,300.0,USD,Freemans,Sports,Football,A Joe Montana Signed Autograph San Francisco 49ers Jersey,2026-04-09,https://freemansauction.com/auctions/6514,False,1,2.598667549772087,-2.598667549772087
https://freemansauction.com/auctions/6514-sports-memorabilia/lot/399,564.17,677.0,564.17,677.0,300.0,500.0,300.0,500.0,USD,Freemans,Sports,Football,A Collection of Pittsburgh Steelers Hall of Fame Signed Autograph Mini Helmets,2026-04-09,https://freemansauction.com/auctions/6514,False,1,29.099384937164327,-29.099384937164327
https://freemansauction.com/auctions/6514-sports-memorabilia/lot/400,154.17,185.0,154.17,185.0,150.0,250.0,150.0,250.0,USD,Freemans,Sports,N/A,A Collection of Joe Namath Signed Autograph Mini Helmets,2026-04-09,https://freemansauction.com/auctions/6514,False,1,29.726924823247074,29.726924823247074
https://freemansauction.com/auctions/6514-sports-memorabilia/lot/401,1230.0,1476.0,1230.0,1476.0,600.0,800.0,600.0,800.0,USD,Freemans,Sports,Football,A Collection of Quarterback Greats Signed Autograph Mini Helmets (17),2026-04-09,https://freemansauction.com/auctions/6514,False,1,43.08943089430894,-43.08943089430894
https://freemansauction.com/auctions/6514-sports-memorabilia/lot/402,615.0,738.0,615.0,738.0,300.0,500.0,300.0,500.0,USD,Freemans,Automotive,N/A,A Large Collection of Assorted Notable Signed Autograph Mini Helmets (25),2026-04-09,https://freemansauction.com/auctions/6514,False,1,34.959349593495936,-34.959349593495936
https://freemansauction.com/auctions/6514-sports-memorabilia/lot/403,666.67,800.0,666.67,800.0,600.0,800.0,600.0,800.0,USD,Freemans,Sports,Football,A Large Collection of Football Hall of Fame Signed Autograph Mini Helmets (19),2026-04-09,https://freemansauction.com/auctions/6514,False,1,4.999475002624993,4.999475002624993
https://freemansauction.com/auctions/6514-sports-memorabilia/lot/404,154.17,185.0,154.17,185.0,250.0,350.0,250.0,350.0,USD,Freemans,Sports,N/A,A Fearsome Foursome Signed Autograph Mini Helmet,2026-04-09,https://freemansauction.com/auctions/6514,False,1,94.59038723487062,94.59038723487062
https://freemansauction.com/auctions/6514-sports-memorabilia/lot/410,205.0,246.0,205.0,246.0,200.0,300.0,200.0,300.0,USD,Freemans,Sports,Golf,A Jack Nicklaus and Arnold Palmer Dual Signed Autograph Photo Display (PSA),2026-04-09,https://freemansauction.com/auctions/6514,False,1,21.951219512195124,21.951219512195124
https://freemansauction.com/auctions/6514-sports-memorabilia/lot/411,512.5,615.0,512.5,615.0,800.0,1200.0,800.0,1200.0,USD,Freemans,Sports,Hockey,A Collection of Signed Autograph Hockey Pucks Including Wayne Gretzky,2026-04-09,https://freemansauction.com/auctions/6514,False,1,95.1219512195122,95.1219512195122
https://freemansauction.com/auctions/6514-sports-memorabilia/lot/412,512.5,615.0,512.5,615.0,500.0,700.0,500.0,700.0,USD,Freemans,Sports,Soccer,A Pele Signed Autograph Soccer Ball,2026-04-09,https://freemansauction.com/auctions/6514,False,1,17.073170731707318,17.073170731707318
https://www.sothebys.com/en/buy/auction/2026/nba-auctions-weekly-2026-nba-all-star-game-part-iii/drew-timme-china-games-brooklyn-nets-2025-2026,746.67,896.0,746.67,896.0,500.0,1000.0,500.0,1000.0,USD,Sothebys,Sports,Basketball,Drew Timme ‘China Games’ Brooklyn Nets 2025-2026 Game Worn Association Edition Jersey,2026-03-09,https://www.sothebys.com/en/buy/auction/2026/nba-auctions-weekly-2026-nba-all-star-game-part-iii,False,1,0.4459801518743275,0.4459801518743275
https://www.sothebys.com/en/buy/auction/2026/rock-pop-2/grateful-dead-7,10000.0,12800.0,10000.0,12800.0,4000.0,6000.0,4000.0,6000.0,USD,Sothebys,Pop Culture,N/A,Grateful Dead,2026-04-23,https://www.sothebys.com/en/buy/auction/2026/rock-pop-2,False,1,50.0,-50.0
https://www.sothebys.com/en/buy/auction/2026/rock-pop-2/grateful-dead,3500.0,4480.0,3500.0,4480.0,6000.0,8000.0,6000.0,8000.0,USD,Sothebys,Pop Culture,N/A,Grateful Dead,2026-04-23,https://www.sothebys.com/en/buy/auction/2026/rock-pop-2,False,1,100.0,100.0
https://www.sothebys.com/en/buy/auction/2026/rock-pop-2/grateful-dead-6,6500.0,8320.0,6500.0,8320.0,4000.0,6000.0,4000.0,6000.0,USD,Sothebys,Pop Culture,N/A,Grateful Dead,2026-04-23,https://www.sothebys.com/en/buy/auction/2026/rock-pop-2,False,1,23.076923076923077,-23.076923076923077
https://www.sothebys.com/en/buy/auction/2026/rock-pop-2/b-b-king,17000.0,21760.0,17000.0,21760.0,15000.0,20000.0,15000.0,20000.0,USD,Sothebys,Pop Culture,N/A,B.B. King,2026-04-23,https://www.sothebys.com/en/buy/auction/2026/rock-pop-2,False,1,2.9411764705882355,2.9411764705882355
https://www.sothebys.com/en/buy/auction/2026/rock-pop-2/elvis-presley,45000.0,57600.0,45000.0,57600.0,3000.0,5000.0,3000.0,5000.0,USD,Sothebys,Pop Culture,N/A,Elvis Presley,2026-04-23,https://www.sothebys.com/en/buy/auction/2026/rock-pop-2,False,1,91.11111111111111,-91.11111111111111
https://www.sothebys.com/en/buy/auction/2026/rock-pop-2/the-beatles-2,8000.0,10240.0,8000.0,10240.0,10000.0,15000.0,10000.0,15000.0,USD,Sothebys,Pop Culture,N/A,The Beatles,2026-04-23,https://www.sothebys.com/en/buy/auction/2026/rock-pop-2,False,1,56.25,56.25
https://www.sothebys.com/en/buy/auction/2026/rock-pop-2/john-lennon-yoko-ono-2,2500.0,3200.0,2500.0,3200.0,3000.0,5000.0,3000.0,5000.0,USD,Sothebys,Pop Culture,N/A,John Lennon | Yoko Ono,2026-04-23,https://www.sothebys.com/en/buy/auction/2026/rock-pop-2,False,1,60.0,60.0
https://www.sothebys.com/en/buy/auction/2026/rock-pop-2/george-harrison-the-beatles,7000.0,8960.0,7000.0,8960.0,7500.0,9000.0,7500.0,9000.0,USD,Sothebys,Pop Culture,N/A,George Harrison | The Beatles,2026-04-23,https://www.sothebys.com/en/buy/auction/2026/rock-pop-2,False,1,17.857142857142858,17.857142857142858
https://www.sothebys.com/en/buy/auction/2026/rock-pop-2/paul-mccartney-2,5000.0,6400.0,5000.0,6400.0,5000.0,10000.0,5000.0,10000.0,USD,Sothebys,Pop Culture,N/A,Paul McCartney,2026-04-23,https://www.sothebys.com/en/buy/auction/2026/rock-pop-2,False,1,50.0,50.0
https://www.sothebys.com/en/buy/auction/2026/rock-pop-2/the-rolling-stones-4,7500.0,9600.0,7500.0,9600.0,7000.0,9000.0,7000.0,9000.0,USD,Sothebys,Pop Culture,N/A,The Rolling Stones,2026-04-23,https://www.sothebys.com/en/buy/auction/2026/rock-pop-2,False,1,6.666666666666667,6.666666666666667
https://www.sothebys.com/en/buy/auction/2026/rock-pop-2/bill-wyman,3500.0,4480.0,3500.0,4480.0,7000.0,9000.0,7000.0,9000.0,USD,Sothebys,Pop Culture,N/A,Bill Wyman,2026-04-23,https://www.sothebys.com/en/buy/auction/2026/rock-pop-2,False,1,128.57142857142858,128.57142857142858
https://www.sothebys.com/en/buy/auction/2026/rock-pop-2/the-rolling-stones-3,3000.0,3840.0,3000.0,3840.0,4000.0,6000.0,4000.0,6000.0,USD,Sothebys,Pop Culture,N/A,The Rolling Stones,2026-04-23,https://www.sothebys.com/en/buy/auction/2026/rock-pop-2,False,1,66.66666666666667,66.66666666666667
https://www.sothebys.com/en/buy/auction/2026/rock-pop-2/the-rolling-stones-5,4200.0,5376.0,4200.0,5376.0,1500.0,2500.0,1500.0,2500.0,USD,Sothebys,Pop Culture,N/A,The Rolling Stones,2026-04-23,https://www.sothebys.com/en/buy/auction/2026/rock-pop-2,False,1,52.38095238095238,-52.38095238095238
https://www.sothebys.com/en/buy/auction/2026/rock-pop-2/stevie-ray-vaughn,6500.0,8320.0,6500.0,8320.0,8000.0,12000.0,8000.0,12000.0,USD,Sothebys,Pop Culture,N/A,Stevie Ray Vaughan,2026-04-23,https://www.sothebys.com/en/buy/auction/2026/rock-pop-2,False,1,53.84615384615385,53.84615384615385
https://www.sothebys.com/en/buy/auction/2026/rock-pop-2/richie-sambora,7000.0,8960.0,7000.0,8960.0,10000.0,15000.0,10000.0,15000.0,USD,Sothebys,Pop Culture,N/A,Richie Sambora,2026-04-23,https://www.sothebys.com/en/buy/auction/2026/rock-pop-2,False,1,78.57142857142857,78.57142857142857
https://www.sothebys.com/en/buy/auction/2026/rock-pop-2/ed-sheeran,4200.0,5376.0,4200.0,5376.0,5000.0,7000.0,5000.0,7000.0,USD,Sothebys,Pop Culture,N/A,Ed Sheeran,2026-04-23,https://www.sothebys.com/en/buy/auction/2026/rock-pop-2,False,1,42.857142857142854,42.857142857142854
https://www.sothebys.com/en/buy/auction/2026/rock-pop-2/queen-4,4200.0,5376.0,4200.0,5376.0,7000.0,9000.0,7000.0,9000.0,USD,Sothebys,Pop Culture,N/A,Queen,2026-04-23,https://www.sothebys.com/en/buy/auction/2026/rock-pop-2,False,1,90.47619047619048,90.47619047619048
https://www.sothebys.com/en/buy/auction/2026/rock-pop-2/freddie-mercury-3,5000.0,6400.0,5000.0,6400.0,5000.0,10000.0,5000.0,10000.0,USD,Sothebys,Pop Culture,N/A,Freddie Mercury,2026-04-23,https://www.sothebys.com/en/buy/auction/2026/rock-pop-2,False,1,50.0,50.0
https://www.sothebys.com/en/buy/auction/2026/rock-pop-2/queen-2,10000.0,12800.0,10000.0,12800.0,10000.0,20000.0,10000.0,20000.0,USD,Sothebys,Pop Culture,N/A,Queen,2026-04-23,https://www.sothebys.com/en/buy/auction/2026/rock-pop-2,False,1,50.0,50.0
https://www.sothebys.com/en/buy/auction/2026/rock-pop-2/freddie-mercury-4,1500.0,1920.0,1500.0,1920.0,4000.0,6000.0,4000.0,6000.0,USD,Sothebys,Pop Culture,N/A,Freddie Mercury,2026-04-23,https://www.sothebys.com/en/buy/auction/2026/rock-pop-2,False,1,233.33333333333334,233.33333333333334
https://www.sothebys.com/en/buy/auction/2026/rock-pop-2/freddie-mercury,2000.0,2560.0,2000.0,2560.0,2000.0,4000.0,2000.0,4000.0,USD,Sothebys,Pop Culture,N/A,Freddie Mercury,2026-04-23,https://www.sothebys.com/en/buy/auction/2026/rock-pop-2,False,1,50.0,50.0
https://www.sothebys.com/en/buy/auction/2026/rock-pop-2/queen-3,5500.0,7040.0,5500.0,7040.0,4000.0,6000.0,4000.0,6000.0,USD,Sothebys,Pop Culture,N/A,Queen,2026-04-23,https://www.sothebys.com/en/buy/auction/2026/rock-pop-2,False,1,9.090909090909092,-9.090909090909092
https://www.sothebys.com/en/buy/auction/2026/rock-pop-2/queen-5,8500.0,10880.0,8500.0,10880.0,5000.0,7000.0,5000.0,7000.0,USD,Sothebys,Pop Culture,N/A,Queen,2026-04-23,https://www.sothebys.com/en/buy/auction/2026/rock-pop-2,False,1,29.41176470588235,-29.41176470588235
https://www.sothebys.com/en/buy/auction/2026/rock-pop-2/queen,18000.0,23040.0,18000.0,23040.0,5000.0,10000.0,5000.0,10000.0,USD,Sothebys,Pop Culture,N/A,Queen,2026-04-23,https://www.sothebys.com/en/buy/auction/2026/rock-pop-2,False,1,58.333333333333336,-58.333333333333336
https://www.sothebys.com/en/buy/auction/2026/rock-pop-2/sabrina-carpenter,1500.0,1920.0,1500.0,1920.0,4000.0,6000.0,4000.0,6000.0,USD,Sothebys,Pop Culture,N/A,Sabrina Carpenter,2026-04-23,https://www.sothebys.com/en/buy/auction/2026/rock-pop-2,False,1,233.33333333333334,233.33333333333334
https://www.sothebys.com/en/buy/auction/2026/rock-pop-2/prince-versace,3200.0,4096.0,3200.0,4096.0,5000.0,7000.0,5000.0,7000.0,USD,Sothebys,Pop Culture,N/A,[Prince] | Versace,2026-04-23,https://www.sothebys.com/en/buy/auction/2026/rock-pop-2,False,1,87.5,87.5
https://www.sothebys.com/en/buy/auction/2026/rock-pop-2/george-michael,3000.0,3840.0,3000.0,3840.0,3000.0,5000.0,3000.0,5000.0,USD,Sothebys,Pop Culture,N/A,George Michael,2026-04-23,https://www.sothebys.com/en/buy/auction/2026/rock-pop-2,False,1,33.333333333333336,33.333333333333336
https://www.sothebys.com/en/buy/auction/2026/rock-pop-2/pete-townshend-2,11000.0,14080.0,11000.0,14080.0,20000.0,30000.0,20000.0,30000.0,USD,Sothebys,Pop Culture,N/A,Pete Townshend,2026-04-23,https://www.sothebys.com/en/buy/auction/2026/rock-pop-2,False,1,127.27272727272727,127.27272727272727
https://www.sothebys.com/en/buy/auction/2026/rock-pop-2/keith-moon-the-who-2,1700.0,2176.0,1700.0,2176.0,4000.0,6000.0,4000.0,6000.0,USD,Sothebys,Pop Culture,N/A,Keith Moon | The Who,2026-04-23,https://www.sothebys.com/en/buy/auction/2026/rock-pop-2,False,1,194.11764705882354,194.11764705882354
https://www.sothebys.com/en/buy/auction/2026/rock-pop-2/led-zeppelin,5000.0,6400.0,5000.0,6400.0,3000.0,4000.0,3000.0,4000.0,USD,Sothebys,Pop Culture,N/A,Led Zeppelin,2026-04-23,https://www.sothebys.com/en/buy/auction/2026/rock-pop-2,False,1,30.0,-30.0
https://www.sothebys.com/en/buy/auction/2026/rock-pop-2/robert-plant-jimmy-page,15000.0,19200.0,15000.0,19200.0,10000.0,15000.0,10000.0,15000.0,USD,Sothebys,Pop Culture,N/A,Robert Plant | Jimmy Page,2026-04-23,https://www.sothebys.com/en/buy/auction/2026/rock-pop-2,False,1,16.666666666666668,-16.666666666666668
https://www.sothebys.com/en/buy/auction/2026/rock-pop-2/led-zeppelin-2,5000.0,6400.0,5000.0,6400.0,7000.0,9000.0,7000.0,9000.0,USD,Sothebys,Pop Culture,N/A,Led Zeppelin,2026-04-23,https://www.sothebys.com/en/buy/auction/2026/rock-pop-2,False,1,60.0,60.0
https://www.sothebys.com/en/buy/auction/2026/rock-pop-2/the-sugarhill-gang,10000.0,12800.0,10000.0,12800.0,10000.0,15000.0,10000.0,15000.0,USD,Sothebys,Pop Culture,N/A,The Sugarhill Gang,2026-04-23,https://www.sothebys.com/en/buy/auction/2026/rock-pop-2,False,1,25.0,25.0
https://www.sothebys.com/en/buy/auction/2026/rock-pop-2/beastie-boys,16000.0,20480.0,16000.0,20480.0,4000.0,6000.0,4000.0,6000.0,USD,Sothebys,Pop Culture,N/A,Beastie Boys,2026-04-23,https://www.sothebys.com/en/buy/auction/2026/rock-pop-2,False,1,68.75,-68.75
https://www.sothebys.com/en/buy/auction/2026/rock-pop-2/jean-michel-basquiat-rammellzee-vs-k-rob,7500.0,9600.0,7500.0,9600.0,5000.0,7000.0,5000.0,7000.0,USD,Sothebys,Pop Culture,N/A,Rammellzee vs K-Rob,2026-04-23,https://www.sothebys.com/en/buy/auction/2026/rock-pop-2,False,1,20.0,-20.0
https://www.sothebys.com/en/buy/auction/2026/rock-pop-2/grateful-dead-8,1200.0,1536.0,1200.0,1536.0,3000.0,4000.0,3000.0,4000.0,USD,Sothebys,Pop Culture,N/A,Grateful Dead,2026-04-23,https://www.sothebys.com/en/buy/auction/2026/rock-pop-2,False,1,191.66666666666666,191.66666666666666
https://www.sothebys.com/en/buy/auction/2026/rock-pop-2/grateful-dead-3,2800.0,3584.0,2800.0,3584.0,7000.0,9000.0,7000.0,9000.0,USD,Sothebys,Pop Culture,N/A,Grateful Dead,2026-04-23,https://www.sothebys.com/en/buy/auction/2026/rock-pop-2,False,1,185.71428571428572,185.71428571428572
https://www.sothebys.com/en/buy/auction/2026/rock-pop-2/grateful-dead-4,5500.0,7040.0,5500.0,7040.0,7000.0,9000.0,7000.0,9000.0,USD,Sothebys,Pop Culture,N/A,Grateful Dead,2026-04-23,https://www.sothebys.com/en/buy/auction/2026/rock-pop-2,False,1,45.45454545454545,45.45454545454545
https://www.sothebys.com/en/buy/auction/2026/rock-pop-2/grateful-dead-5,5000.0,6400.0,5000.0,6400.0,6000.0,8000.0,6000.0,8000.0,USD,Sothebys,Pop Culture,N/A,Grateful Dead,2026-04-23,https://www.sothebys.com/en/buy/auction/2026/rock-pop-2,False,1,40.0,40.0
https://www.sothebys.com/en/buy/auction/2026/rock-pop-2/grateful-dead-2,300.0,384.0,300.0,384.0,5000.0,7000.0,5000.0,7000.0,USD,Sothebys,Pop Culture,N/A,Grateful Dead,2026-04-23,https://www.sothebys.com/en/buy/auction/2026/rock-pop-2,False,1,1900.0,1900.0
https://www.sothebys.com/en/buy/auction/2026/rock-pop-2/sex-pistols-the-clash,6000.0,7680.0,6000.0,7680.0,5000.0,10000.0,5000.0,10000.0,USD,Sothebys,Pop Culture,N/A,Sex Pistols | The Clash,2026-04-23,https://www.sothebys.com/en/buy/auction/2026/rock-pop-2,False,1,25.0,25.0
https://www.sothebys.com/en/buy/auction/2026/rock-pop-2/the-clash,10000.0,12800.0,10000.0,12800.0,2000.0,3000.0,2000.0,3000.0,USD,Sothebys,Pop Culture,N/A,The Clash,2026-04-23,https://www.sothebys.com/en/buy/auction/2026/rock-pop-2,False,1,75.0,-75.0
https://www.sothebys.com/en/buy/auction/2026/rock-pop-2/sex-pistols,5500.0,7040.0,5500.0,7040.0,4000.0,6000.0,4000.0,6000.0,USD,Sothebys,Pop Culture,N/A,Sex Pistols,2026-04-23,https://www.sothebys.com/en/buy/auction/2026/rock-pop-2,False,1,9.090909090909092,-9.090909090909092
https://www.sothebys.com/en/buy/auction/2026/rock-pop-2/the-clash-2,8500.0,10880.0,8500.0,10880.0,3000.0,4000.0,3000.0,4000.0,USD,Sothebys,Pop Culture,N/A,The Clash,2026-04-23,https://www.sothebys.com/en/buy/auction/2026/rock-pop-2,False,1,58.8235294117647,-58.8235294117647
https://www.sothebys.com/en/buy/auction/2026/rock-pop-2/nirvana,14000.0,17920.0,14000.0,17920.0,10000.0,15000.0,10000.0,15000.0,USD,Sothebys,Pop Culture,N/A,Nirvana,2026-04-23,https://www.sothebys.com/en/buy/auction/2026/rock-pop-2,False,1,10.714285714285714,-10.714285714285714
https://www.sothebys.com/en/buy/auction/2026/rock-pop-2/kurt-cobain,3200.0,4096.0,3200.0,4096.0,7000.0,9000.0,7000.0,9000.0,USD,Sothebys,Pop Culture,N/A,Kurt Cobain,2026-04-23,https://www.sothebys.com/en/buy/auction/2026/rock-pop-2,False,1,150.0,150.0
https://www.sothebys.com/en/buy/auction/2026/rock-pop-2/nirvana-2,15000.0,19200.0,15000.0,19200.0,15000.0,25000.0,15000.0,25000.0,USD,Sothebys,Pop Culture,N/A,Nirvana,2026-04-23,https://www.sothebys.com/en/buy/auction/2026/rock-pop-2,False,1,33.333333333333336,33.333333333333336
https://www.sothebys.com/en/buy/auction/2026/rock-pop-2/u2-2,4500.0,5760.0,4500.0,5760.0,5000.0,7000.0,5000.0,7000.0,USD,Sothebys,Pop Culture,N/A,U2,2026-04-23,https://www.sothebys.com/en/buy/auction/2026/rock-pop-2,False,1,33.333333333333336,33.333333333333336
https://www.sothebys.com/en/buy/auction/2026/rock-pop-2/u2,3800.0,4864.0,3800.0,4864.0,4000.0,8000.0,4000.0,8000.0,USD,Sothebys,Pop Culture,N/A,U2,2026-04-23,https://www.sothebys.com/en/buy/auction/2026/rock-pop-2,False,1,57.89473684210526,57.89473684210526
https://www.sothebys.com/en/buy/auction/2026/rock-pop-2/noel-gallagher-oasis-3,30000.0,38400.0,30000.0,38400.0,30000.0,40000.0,30000.0,40000.0,USD,Sothebys,Pop Culture,N/A,Noel Gallagher | Oasis,2026-04-23,https://www.sothebys.com/en/buy/auction/2026/rock-pop-2,False,1,16.666666666666668,16.666666666666668
https://www.sothebys.com/en/buy/auction/2026/rock-pop-2/noel-gallagher-oasis,75000.0,96000.0,75000.0,96000.0,60000.0,80000.0,60000.0,80000.0,USD,Sothebys,Pop Culture,N/A,Noel Gallagher | Oasis,2026-04-23,https://www.sothebys.com/en/buy/auction/2026/rock-pop-2,False,1,6.666666666666667,-6.666666666666667
https://www.sothebys.com/en/buy/auction/2026/rock-pop-2/the-beatles,25000.0,32000.0,25000.0,32000.0,7000.0,9000.0,7000.0,9000.0,USD,Sothebys,Pop Culture,N/A,The Beatles,2026-04-23,https://www.sothebys.com/en/buy/auction/2026/rock-pop-2,False,1,68.0,-68.0
https://www.sothebys.com/en/buy/auction/2026/rock-pop-2/the-beatles-3,3500.0,4480.0,3500.0,4480.0,4000.0,6000.0,4000.0,6000.0,USD,Sothebys,Pop Culture,N/A,The Beatles,2026-04-23,https://www.sothebys.com/en/buy/auction/2026/rock-pop-2,False,1,42.857142857142854,42.857142857142854
https://www.sothebys.com/en/buy/auction/2026/rock-pop-2/plastic-ono-band-john-lennon-and-yoko-ono,3000.0,3840.0,3000.0,3840.0,5000.0,7000.0,5000.0,7000.0,USD,Sothebys,Pop Culture,N/A,Plastic Ono Band | John Lennon and Yoko Ono,2026-04-23,https://www.sothebys.com/en/buy/auction/2026/rock-pop-2,False,1,100.0,100.0
https://www.sothebys.com/en/buy/auction/2026/rock-pop-2/john-lennon-3,15000.0,19200.0,15000.0,19200.0,12000.0,18000.0,12000.0,18000.0,USD,Sothebys,Pop Culture,N/A,John Lennon,2026-04-23,https://www.sothebys.com/en/buy/auction/2026/rock-pop-2,False,1,0.0,0.0
https://www.sothebys.com/en/buy/auction/2026/rock-pop-2/paul-mccartney-3,6500.0,8320.0,6500.0,8320.0,10000.0,15000.0,10000.0,15000.0,USD,Sothebys,Pop Culture,N/A,Paul McCartney,2026-04-23,https://www.sothebys.com/en/buy/auction/2026/rock-pop-2,False,1,92.3076923076923,92.3076923076923
https://www.sothebys.com/en/buy/auction/2026/rock-pop-2/ravi-shankar,1000.0,1280.0,1000.0,1280.0,3000.0,5000.0,3000.0,5000.0,USD,Sothebys,Pop Culture,N/A,Ravi Shankar,2026-04-23,https://www.sothebys.com/en/buy/auction/2026/rock-pop-2,False,1,300.0,300.0
https://www.sothebys.com/en/buy/auction/2026/rock-pop-2/george-harrison-ravi-shankar,4000.0,5120.0,4000.0,5120.0,5000.0,7000.0,5000.0,7000.0,USD,Sothebys,Pop Culture,N/A,George Harrison | Ravi Shankar,2026-04-23,https://www.sothebys.com/en/buy/auction/2026/rock-pop-2,False,1,50.0,50.0
https://www.sothebys.com/en/buy/auction/2026/rock-pop-2/pink-floyd,4200.0,5376.0,4200.0,5376.0,6000.0,8000.0,6000.0,8000.0,USD,Sothebys,Pop Culture,N/A,Pink Floyd,2026-04-23,https://www.sothebys.com/en/buy/auction/2026/rock-pop-2,False,1,66.66666666666667,66.66666666666667
https://www.sothebys.com/en/buy/auction/2026/rock-pop-2/richard-wright,7000.0,8960.0,7000.0,8960.0,15000.0,20000.0,15000.0,20000.0,USD,Sothebys,Pop Culture,N/A,Richard Wright,2026-04-23,https://www.sothebys.com/en/buy/auction/2026/rock-pop-2,False,1,150.0,150.0
https://www.sothebys.com/en/buy/auction/2026/rock-pop-2/david-bowie,120000.0,153600.0,120000.0,153600.0,125000.0,150000.0,125000.0,150000.0,USD,Sothebys,Pop Culture,N/A,David Bowie,2026-04-23,https://www.sothebys.com/en/buy/auction/2026/rock-pop-2,False,1,14.583333333333334,14.583333333333334
https://www.sothebys.com/en/buy/auction/2026/rock-pop-2/madonna,1900.0,2432.0,1900.0,2432.0,4000.0,6000.0,4000.0,6000.0,USD,Sothebys,Pop Culture,N/A,Madonna,2026-04-23,https://www.sothebys.com/en/buy/auction/2026/rock-pop-2,False,1,163.1578947368421,163.1578947368421
https://www.sothebys.com/en/buy/auction/2026/rock-pop-2/stevie-nicks,4800.0,6144.0,4800.0,6144.0,5000.0,7000.0,5000.0,7000.0,USD,Sothebys,Pop Culture,N/A,Stevie Nicks,2026-04-23,https://www.sothebys.com/en/buy/auction/2026/rock-pop-2,False,1,25.0,25.0
https://www.sothebys.com/en/buy/auction/2026/rock-pop-2/stevie-nicks-2,4800.0,6144.0,4800.0,6144.0,4000.0,6000.0,4000.0,6000.0,USD,Sothebys,Pop Culture,N/A,Stevie Nicks,2026-04-23,https://www.sothebys.com/en/buy/auction/2026/rock-pop-2,False,1,4.166666666666667,4.166666666666667
https://www.sothebys.com/en/buy/auction/2026/rock-pop-2/stevie-nicks-3,4800.0,6144.0,4800.0,6144.0,5000.0,7000.0,5000.0,7000.0,USD,Sothebys,Pop Culture,N/A,Stevie Nicks,2026-04-23,https://www.sothebys.com/en/buy/auction/2026/rock-pop-2,False,1,25.0,25.0
https://www.sothebys.com/en/buy/auction/2026/rock-pop-2/joni-mitchell,2200.0,2816.0,2200.0,2816.0,10000.0,15000.0,10000.0,15000.0,USD,Sothebys,Pop Culture,N/A,Joni Mitchell,2026-04-23,https://www.sothebys.com/en/buy/auction/2026/rock-pop-2,False,1,468.1818181818182,468.1818181818182
https://www.sothebys.com/en/buy/auction/2026/rock-pop-2/jimmy-buffett,1400.0,1792.0,1400.0,1792.0,4000.0,6000.0,4000.0,6000.0,USD,Sothebys,Pop Culture,N/A,Jimmy Buffett,2026-04-23,https://www.sothebys.com/en/buy/auction/2026/rock-pop-2,False,1,257.14285714285717,257.14285714285717
https://www.sothebys.com/en/buy/auction/2026/rock-pop-2/bruce-springsteen,4200.0,5376.0,4200.0,5376.0,4000.0,6000.0,4000.0,6000.0,USD,Sothebys,Pop Culture,N/A,Bruce Springsteen,2026-04-23,https://www.sothebys.com/en/buy/auction/2026/rock-pop-2,False,1,19.047619047619047,19.047619047619047
https://www.sothebys.com/en/buy/auction/2026/rock-pop-2/bruce-springsteen-3,10000.0,12800.0,10000.0,12800.0,15000.0,20000.0,15000.0,20000.0,USD,Sothebys,Pop Culture,N/A,Bruce Springsteen,2026-04-23,https://www.sothebys.com/en/buy/auction/2026/rock-pop-2,False,1,75.0,75.0
https://www.sothebys.com/en/buy/auction/2026/rock-pop-2/neil-young-4,1300.0,1664.0,1300.0,1664.0,5000.0,7000.0,5000.0,7000.0,USD,Sothebys,Pop Culture,N/A,Neil Young,2026-04-23,https://www.sothebys.com/en/buy/auction/2026/rock-pop-2,False,1,361.53846153846155,361.53846153846155
https://www.sothebys.com/en/buy/auction/2026/rock-pop-2/bob-dylan,4500.0,5760.0,4500.0,5760.0,5000.0,10000.0,5000.0,10000.0,USD,Sothebys,Pop Culture,N/A,Bob Dylan,2026-04-23,https://www.sothebys.com/en/buy/auction/2026/rock-pop-2,False,1,66.66666666666667,66.66666666666667
https://www.sothebys.com/en/buy/auction/2026/rock-pop-2/bob-dylan-5,8000.0,10240.0,8000.0,10240.0,5000.0,7000.0,5000.0,7000.0,USD,Sothebys,Pop Culture,N/A,Bob Dylan,2026-04-23,https://www.sothebys.com/en/buy/auction/2026/rock-pop-2,False,1,25.0,-25.0
https://www.sothebys.com/en/buy/auction/2026/rock-pop-2/bob-dylan-3,3500.0,4480.0,3500.0,4480.0,3000.0,5000.0,3000.0,5000.0,USD,Sothebys,Pop Culture,N/A,Bob Dylan,2026-04-23,https://www.sothebys.com/en/buy/auction/2026/rock-pop-2,False,1,14.285714285714286,14.285714285714286
https://www.sothebys.com/en/buy/auction/2026/rock-pop-2/bob-dylan-2,2000.0,2560.0,2000.0,2560.0,6000.0,8000.0,6000.0,8000.0,USD,Sothebys,Pop Culture,N/A,Bob Dylan,2026-04-23,https://www.sothebys.com/en/buy/auction/2026/rock-pop-2,False,1,250.0,250.0
https://www.sothebys.com/en/buy/auction/2026/rock-pop-2/bob-dylan-4,5000.0,6400.0,5000.0,6400.0,6000.0,8000.0,6000.0,8000.0,USD,Sothebys,Pop Culture,N/A,Bob Dylan,2026-04-23,https://www.sothebys.com/en/buy/auction/2026/rock-pop-2,False,1,40.0,40.0
https://www.sothebys.com/en/buy/auction/2026/rock-pop-2/stevie-wonder,3000.0,3840.0,3000.0,3840.0,5000.0,7000.0,5000.0,7000.0,USD,Sothebys,Pop Culture,N/A,Stevie Wonder,2026-04-23,https://www.sothebys.com/en/buy/auction/2026/rock-pop-2,False,1,100.0,100.0
https://www.sothebys.com/en/buy/auction/2026/rock-pop-2/lady-gaga,1600.0,2048.0,1600.0,2048.0,4000.0,6000.0,4000.0,6000.0,USD,Sothebys,Pop Culture,N/A,Lady Gaga,2026-04-23,https://www.sothebys.com/en/buy/auction/2026/rock-pop-2,False,1,212.5,212.5
https://www.sothebys.com/en/buy/auction/2026/rock-pop-2/olivia-rodrigo,3000.0,3840.0,3000.0,3840.0,4000.0,6000.0,4000.0,6000.0,USD,Sothebys,Pop Culture,N/A,Olivia Rodrigo,2026-04-23,https://www.sothebys.com/en/buy/auction/2026/rock-pop-2,False,1,66.66666666666667,66.66666666666667
https://www.sothebys.com/en/buy/auction/2026/rock-pop-2/prince-3,18000.0,23040.0,18000.0,23040.0,30000.0,40000.0,30000.0,40000.0,USD,Sothebys,Pop Culture,N/A,Prince,2026-04-23,https://www.sothebys.com/en/buy/auction/2026/rock-pop-2,False,1,94.44444444444444,94.44444444444444
https://www.sothebys.com/en/buy/auction/2026/rock-pop-2/prince,8500.0,10880.0,8500.0,10880.0,4000.0,6000.0,4000.0,6000.0,USD,Sothebys,Pop Culture,N/A,Prince,2026-04-23,https://www.sothebys.com/en/buy/auction/2026/rock-pop-2,False,1,41.1764705882353,-41.1764705882353
https://www.sothebys.com/en/buy/auction/2026/rock-pop-2/prince-2,7000.0,8960.0,7000.0,8960.0,20000.0,30000.0,20000.0,30000.0,USD,Sothebys,Pop Culture,N/A,Prince,2026-04-23,https://www.sothebys.com/en/buy/auction/2026/rock-pop-2,False,1,257.14285714285717,257.14285714285717
https://www.sothebys.com/en/buy/auction/2026/rock-pop-2/taylor-swift,7000.0,8960.0,7000.0,8960.0,5000.0,7000.0,5000.0,7000.0,USD,Sothebys,Pop Culture,N/A,Taylor Swift,2026-04-23,https://www.sothebys.com/en/buy/auction/2026/rock-pop-2,False,1,14.285714285714286,-14.285714285714286
https://www.sothebys.com/en/buy/auction/2026/rock-pop-2/michael-jackson-the-jackson-5,2500.0,3200.0,2500.0,3200.0,5000.0,7000.0,5000.0,7000.0,USD,Sothebys,Pop Culture,N/A,Michael Jackson | The Jackson 5,2026-04-23,https://www.sothebys.com/en/buy/auction/2026/rock-pop-2,False,1,140.0,140.0
https://www.sothebys.com/en/buy/auction/2026/rock-pop-2/jimi-hendrix,5500.0,7040.0,5500.0,7040.0,6000.0,8000.0,6000.0,8000.0,USD,Sothebys,Pop Culture,N/A,Jimi Hendrix,2026-04-23,https://www.sothebys.com/en/buy/auction/2026/rock-pop-2,False,1,27.272727272727273,27.272727272727273
https://www.sothebys.com/en/buy/auction/2026/rock-pop-2/janis-joplin,3500.0,4480.0,3500.0,4480.0,4000.0,6000.0,4000.0,6000.0,USD,Sothebys,Pop Culture,N/A,Janis Joplin,2026-04-23,https://www.sothebys.com/en/buy/auction/2026/rock-pop-2,False,1,42.857142857142854,42.857142857142854
https://www.sothebys.com/en/buy/auction/2026/summer-sports-classic/aaron-judge-rookie-debut-new-york-yankees-2016,1400000.0,1792000.0,1400000.0,1792000.0,3000000.0,5000000.0,3000000.0,5000000.0,USD,Sothebys,Sports,Baseball,Aaron Judge ‘Rookie Debut’ New York Yankees 2016 Game Worn Jersey | 1st Career Home Run,2026-07-20,https://www.sothebys.com/en/buy/auction/2026/summer-sports-classic,False,1,185.71428571428572,185.71428571428572
https://www.sothebys.com/en/buy/auction/2026/summer-sports-classic/super-bowl-xlii-championship-clinching-touchdown,320000.0,409600.0,320000.0,409600.0,100000.0,200000.0,100000.0,200000.0,USD,Sothebys,Sports,Football,Super Bowl XLII 'Championship Clinching' Touchdown Game Used Ball,2026-07-20,https://www.sothebys.com/en/buy/auction/2026/summer-sports-classic,False,1,53.125,-53.125
https://www.sothebys.com/en/buy/auction/2026/summer-sports-classic/chicago-bulls-1996-1997-and-1998-nba-finals-united,1400000.0,1792000.0,1400000.0,1792000.0,800000.0,1200000.0,800000.0,1200000.0,USD,Sothebys,Sports,Basketball,"Chicago Bulls 1996, 1997, and 1998 NBA Finals United Center Basketball Center Court Game Used Floor Sections",2026-07-20,https://www.sothebys.com/en/buy/auction/2026/summer-sports-classic,False,1,28.571428571428573,-28.571428571428573
https://www.sothebys.com/en/buy/auction/2026/summer-sports-classic/kobe-bryant-los-angeles-lakers-2002-2003-game-worn,35000.0,44800.0,35000.0,44800.0,30000.0,50000.0,30000.0,50000.0,USD,Sothebys,Sports,Basketball,Kobe Bryant Los Angeles Lakers 2002-2003 Game Worn and Signed Air Jordan 8 Sneakers | Sneaker Free Agent Season | Matched to Two Games,2026-07-20,https://www.sothebys.com/en/buy/auction/2026/summer-sports-classic,False,1,14.285714285714286,14.285714285714286
https://www.sothebys.com/en/buy/auction/2026/summer-sports-classic/wayne-gretzky-los-angeles-kings-1993-clarence,15000.0,19200.0,15000.0,19200.0,10000.0,15000.0,10000.0,15000.0,USD,Sothebys,Sports,Hockey,Wayne Gretzky Los Angeles Kings 1993 Clarence Campbell Conference Finals Game Used and Dual Signed Gloves,2026-07-20,https://www.sothebys.com/en/buy/auction/2026/summer-sports-classic,False,1,16.666666666666668,-16.666666666666668
https://www.sothebys.com/en/buy/auction/2026/summer-sports-classic/derek-jeter-the-dive-new-york-yankees-2004-regular,450000.0,576000.0,450000.0,576000.0,500000.0,700000.0,500000.0,700000.0,USD,Sothebys,Sports,Baseball,Derek Jeter 'The Dive' New York Yankees 2004 Regular Season and Postseason Game Worn and Signed Jersey | Matched to 74 Games | 150th Home Run,2026-07-20,https://www.sothebys.com/en/buy/auction/2026/summer-sports-classic,False,1,33.333333333333336,33.333333333333336
https://www.sothebys.com/en/buy/auction/2026/summer-sports-classic/wilt-chamberlain-100-point-game-philadelphia,300000.0,384000.0,300000.0,384000.0,500000.0,700000.0,500000.0,700000.0,USD,Sothebys,Sports,Basketball,Wilt Chamberlain ‘100 Point Game’ Philadelphia Warriors 1961-1962 Signed and Inscribed Scorers Sheet | NBA Record For Most Points Scored In A Game | Most Made Field Goals In A Game,2026-07-20,https://www.sothebys.com/en/buy/auction/2026/summer-sports-classic,False,1,100.0,100.0
https://www.sothebys.com/en/buy/auction/2026/summer-sports-classic/president-barack-obama-official-signed-2013-ncaa,14000.0,17920.0,14000.0,17920.0,60000.0,80000.0,60000.0,80000.0,USD,Sothebys,Sports,Basketball,President Barack Obama Official Signed 2013 NCAA Tournament Presidential Bracket,2026-07-20,https://www.sothebys.com/en/buy/auction/2026/summer-sports-classic,False,1,400.0,400.0
https://www.sothebys.com/en/buy/auction/2026/summer-sports-classic/chicago-bulls-1998-minority-owner-issued,30000.0,38400.0,30000.0,38400.0,50000.0,70000.0,50000.0,70000.0,USD,Sothebys,Sports,Basketball,Chicago Bulls 1998 Minority Owner Issued Championship Ring,2026-07-20,https://www.sothebys.com/en/buy/auction/2026/summer-sports-classic,False,1,100.0,100.0
https://www.sothebys.com/en/buy/auction/2026/summer-sports-classic/milwaukee-bucks-2021-staff-issued-championship,6000.0,7680.0,6000.0,7680.0,5000.0,10000.0,5000.0,10000.0,USD,Sothebys,Sports,Basketball,Milwaukee Bucks 2021 Staff Issued Championship Ring,2026-07-20,https://www.sothebys.com/en/buy/auction/2026/summer-sports-classic,False,1,25.0,25.0
https://www.sothebys.com/en/buy/auction/2026/summer-sports-classic/los-angeles-lakers-2020-staff-issued-championship,25000.0,32000.0,25000.0,32000.0,15000.0,25000.0,15000.0,25000.0,USD,Sothebys,Sports,Basketball,Los Angeles Lakers 2020 Staff Issued Championship Ring,2026-07-20,https://www.sothebys.com/en/buy/auction/2026/summer-sports-classic,False,1,20.0,-20.0
https://www.sothebys.com/en/buy/auction/2026/summer-sports-classic/kobe-bryant-2009-nba-finals-los-angeles-lakers,1300000.0,1664000.0,1300000.0,1664000.0,1500000.0,2500000.0,1500000.0,2500000.0,USD,Sothebys,Sports,Basketball,Kobe Bryant 2009 NBA Finals Los Angeles Lakers Game Worn Jersey | Game 1 | Highest Scoring NBA Finals Performance of Kobe Bryant’s Career | 40 Points,2026-07-20,https://www.sothebys.com/en/buy/auction/2026/summer-sports-classic,False,1,53.84615384615385,53.84615384615385
https://www.sothebys.com/en/buy/auction/2026/summer-sports-classic/wilt-chamberlain-los-angeles-lakers-1972-nba,70000.0,89600.0,70000.0,89600.0,150000.0,250000.0,150000.0,250000.0,USD,Sothebys,Sports,Basketball,Wilt Chamberlain Los Angeles Lakers 1972 NBA Finals Game Worn Warmup Jacket,2026-07-20,https://www.sothebys.com/en/buy/auction/2026/summer-sports-classic,False,1,185.71428571428572,185.71428571428572
https://www.sothebys.com/en/buy/auction/2026/summer-sports-classic/lebron-james-los-angeles-lakers-2023-2024-game-3,50000.0,64000.0,50000.0,64000.0,60000.0,80000.0,60000.0,80000.0,USD,Sothebys,Sports,Basketball,LeBron James Los Angeles Lakers 2023-2024 Game Worn Jersey | Matched to 4 Games | Double-Double,2026-07-20,https://www.sothebys.com/en/buy/auction/2026/summer-sports-classic,False,1,40.0,40.0
https://www.sothebys.com/en/buy/auction/2026/summer-sports-classic/patrick-ewing-the-frozen-envelope-new-york-knicks,48000.0,61440.0,48000.0,61440.0,50000.0,70000.0,50000.0,70000.0,USD,Sothebys,Sports,Basketball,"Patrick Ewing 'The Frozen Envelope' New York Knicks 1985 NBA Draft, Lottery, and Knicks Photo Day Worn Jersey",2026-07-20,https://www.sothebys.com/en/buy/auction/2026/summer-sports-classic,False,1,25.0,25.0
https://www.sothebys.com/en/buy/auction/2026/summer-sports-classic/lew-alcindor-1971-nba-finals-milwaukee-bucks-game,380000.0,486400.0,380000.0,486400.0,400000.0,600000.0,400000.0,600000.0,USD,Sothebys,Sports,Basketball,Lew Alcindor 1971 NBA Finals Milwaukee Bucks Game Worn and Signed Jersey | 1st Championship | 2nd Season | 1st MVP | Finals MVP | Matched to 3 Games | Pre Name Change | 3 Double-Doubles | 20-20 Game,2026-07-20,https://www.sothebys.com/en/buy/auction/2026/summer-sports-classic,False,1,31.57894736842105,31.57894736842105
https://www.sothebys.com/en/buy/auction/2026/summer-sports-classic/wilt-chamberlain-philadelphia-76ers-1967-1968,220000.0,281600.0,220000.0,281600.0,300000.0,500000.0,300000.0,500000.0,USD,Sothebys,Sports,Basketball,Wilt Chamberlain Philadelphia 76ers 1967-1968 Eastern Division Semifinals Game Worn Jersey | Game 6 | 20-20 Double-Double | 27 Rebounds | Final MVP Season | Final Season with 76ers,2026-07-20,https://www.sothebys.com/en/buy/auction/2026/summer-sports-classic,False,1,81.81818181818181,81.81818181818181
https://www.sothebys.com/en/buy/auction/2026/summer-sports-classic/tiger-woods-custom-issued-scotty-cameron-newport-2,32000.0,40960.0,32000.0,40960.0,30000.0,40000.0,30000.0,40000.0,USD,Sothebys,Sports,Golf,Tiger Woods Tour Issued Scotty Cameron Newport 2 Putter | 1999,2026-07-20,https://www.sothebys.com/en/buy/auction/2026/summer-sports-classic,False,1,9.375,9.375
https://www.sothebys.com/en/buy/auction/2026/summer-sports-classic/tiger-woods-signed-1997-masters-badge-psa-dna,15000.0,19200.0,15000.0,19200.0,8000.0,12000.0,8000.0,12000.0,USD,Sothebys,Sports,Golf,Tiger Woods Signed 1997 Masters Badge,2026-07-20,https://www.sothebys.com/en/buy/auction/2026/summer-sports-classic,False,1,33.333333333333336,-33.333333333333336
https://www.sothebys.com/en/buy/auction/2026/summer-sports-classic/serena-williams-2018-wimbledon-match-worn-and-dual,3200.0,4096.0,3200.0,4096.0,8000.0,12000.0,8000.0,12000.0,USD,Sothebys,Sports,Tennis,Serena Williams 2018 Wimbledon Match Worn and Dual-Signed Sneakers | First Round & Round of 16 | Finalist | Each Sneaker Matched to Separate Dates,2026-07-20,https://www.sothebys.com/en/buy/auction/2026/summer-sports-classic,False,1,212.5,212.5
https://www.sothebys.com/en/buy/auction/2026/summer-sports-classic/michael-jordan-signed-career-tribute-basketball,6500.0,8320.0,6500.0,8320.0,5000.0,7000.0,5000.0,7000.0,USD,Sothebys,Sports,Basketball,Michael Jordan Signed 'Career Tribute' Basketball,2026-07-20,https://www.sothebys.com/en/buy/auction/2026/summer-sports-classic,False,1,7.6923076923076925,-7.6923076923076925
https://www.sothebys.com/en/buy/auction/2026/summer-sports-classic/kobe-bryant-signed-basketball-2,5000.0,6400.0,5000.0,6400.0,3000.0,5000.0,3000.0,5000.0,USD,Sothebys,Sports,Basketball,Kobe Bryant Signed Basketball,2026-07-20,https://www.sothebys.com/en/buy/auction/2026/summer-sports-classic,False,1,20.0,-20.0
https://www.sothebys.com/en/buy/auction/2026/summer-sports-classic/jerry-west-signed-basketball,1200.0,1536.0,1200.0,1536.0,1000.0,2000.0,1000.0,2000.0,USD,Sothebys,Sports,Basketball,Jerry West Signed Basketball,2026-07-20,https://www.sothebys.com/en/buy/auction/2026/summer-sports-classic,False,1,25.0,25.0
https://www.sothebys.com/en/buy/auction/2026/summer-sports-classic/max-verstappen-2023-canadian-grand-prix-victory,55000.0,70400.0,55000.0,70400.0,100000.0,200000.0,100000.0,200000.0,USD,Sothebys,Automotive,N/A,Max Verstappen 2023 Canadian Grand Prix Victory Race Worn and Signed Suit | 41st Victory Career Victory Tying Ayrton Senna | 100th Team Red Bull Victory,2026-07-20,https://www.sothebys.com/en/buy/auction/2026/summer-sports-classic,False,1,172.72727272727272,172.72727272727272
https://www.sothebys.com/en/buy/auction/2026/summer-sports-classic/michael-schumacher-1992-benetton-b192-race-used,120000.0,153600.0,120000.0,153600.0,100000.0,150000.0,100000.0,150000.0,USD,Sothebys,Automotive,N/A,Michael Schumacher 1992 Benetton B192 Race Used and Signed Steering Wheel | Attributed to 1st Career Grand Prix Victory | Team Benetton Letter of Provenance,2026-07-20,https://www.sothebys.com/en/buy/auction/2026/summer-sports-classic,False,1,4.166666666666667,4.166666666666667
https://www.sothebys.com/en/buy/auction/2026/summer-sports-classic/nasser-al-attiyah-2019-dakar-rally-race-worn-suit,2800.0,3584.0,2800.0,3584.0,5000.0,7000.0,5000.0,7000.0,USD,Sothebys,Automotive,N/A,Nasser Al-Attiyah 2019 Dakar Rally Race Worn Suit | Nasser Third Dakar Rally Title | Toyota Gazoo Racing First-Ever Dakar Triumph,2026-07-20,https://www.sothebys.com/en/buy/auction/2026/summer-sports-classic,False,1,114.28571428571429,114.28571428571429
https://www.sothebys.com/en/buy/auction/2026/summer-sports-classic/allen-iverson-philadelphia-76ers-2000-2001-game,150000.0,192000.0,150000.0,192000.0,40000.0,60000.0,40000.0,60000.0,USD,Sothebys,Sports,Basketball,Allen Iverson Philadelphia 76ers 2000-2001 Game Worn and Signed Jersey | Matched to 2 Games | 49 Points | 47 Points | MVP Season,2026-07-20,https://www.sothebys.com/en/buy/auction/2026/summer-sports-classic,False,1,66.66666666666667,-66.66666666666667
https://www.sothebys.com/en/buy/auction/2026/summer-sports-classic/lebron-james-2020-2021-game-worn-and-inscribed,38000.0,48640.0,38000.0,48640.0,25000.0,35000.0,25000.0,35000.0,USD,Sothebys,Sports,Basketball,LeBron James 2020-2021 Game Worn and Inscribed 'Purple Rain' Player Exclusive Sneakers | Western Conference Play-In | Triple-Double | Game-Winner,2026-07-20,https://www.sothebys.com/en/buy/auction/2026/summer-sports-classic,False,1,21.05263157894737,-21.05263157894737
https://www.sothebys.com/en/buy/auction/2026/summer-sports-classic/lebron-james-los-angeles-lakers-2022-2023-game,38000.0,48640.0,38000.0,48640.0,30000.0,50000.0,30000.0,50000.0,USD,Sothebys,Sports,Basketball,LeBron James Los Angeles Lakers 2022-2023 Game Worn Jersey | Double-Double,2026-07-20,https://www.sothebys.com/en/buy/auction/2026/summer-sports-classic,False,1,5.2631578947368425,5.2631578947368425
https://www.sothebys.com/en/buy/auction/2026/summer-sports-classic/lebron-james-los-angeles-lakers-2021-nba-playoffs,22000.0,28160.0,22000.0,28160.0,20000.0,40000.0,20000.0,40000.0,USD,Sothebys,Sports,Basketball,LeBron James Los Angeles Lakers 2021 NBA Playoffs Western Conference Round 1 Game Worn Sneakers | Game 2,2026-07-20,https://www.sothebys.com/en/buy/auction/2026/summer-sports-classic,False,1,36.36363636363637,36.36363636363637
https://www.sothebys.com/en/buy/auction/2026/summer-sports-classic/los-angeles-lakers-legends-signed-lithograph,2800.0,3584.0,2800.0,3584.0,8000.0,10000.0,8000.0,10000.0,USD,Sothebys,Sports,Basketball,Los Angeles Lakers Legends Signed Lithograph,2026-07-20,https://www.sothebys.com/en/buy/auction/2026/summer-sports-classic,False,1,221.42857142857142,221.42857142857142
https://www.sothebys.com/en/buy/auction/2026/summer-sports-classic/christian-laettner-1992-naismith-college-player-of,22000.0,28160.0,22000.0,28160.0,20000.0,30000.0,20000.0,30000.0,USD,Sothebys,Sports,Basketball,Christian Laettner 1992 Naismith College Player of the Year Trophy,2026-07-20,https://www.sothebys.com/en/buy/auction/2026/summer-sports-classic,False,1,13.636363636363637,13.636363636363637
https://www.sothebys.com/en/buy/auction/2026/summer-sports-classic/derek-jeter-signed-dj3k-jordan-brand-complete,35000.0,44800.0,35000.0,44800.0,8000.0,12000.0,8000.0,12000.0,USD,Sothebys,Sports,N/A,Derek Jeter Signed 'DJ3K' Jordan Brand Complete Signature Collection | Size 11.5,2026-07-20,https://www.sothebys.com/en/buy/auction/2026/summer-sports-classic,False,1,71.42857142857143,-71.42857142857143
https://www.sothebys.com/en/buy/auction/2026/summer-sports-classic/carmelo-anthony-los-angeles-lakers-2021-2022-game,5500.0,7040.0,5500.0,7040.0,3000.0,5000.0,3000.0,5000.0,USD,Sothebys,Sports,Basketball,Carmelo Anthony Los Angeles Lakers 2021-2022 Game Worn City Edition Jersey | Final NBA Season,2026-07-20,https://www.sothebys.com/en/buy/auction/2026/summer-sports-classic,False,1,27.272727272727273,-27.272727272727273
https://www.sothebys.com/en/buy/auction/2026/summer-sports-classic/giannis-antetokounmpo-milwaukee-bucks-2016-2017,5000.0,6400.0,5000.0,6400.0,2000.0,4000.0,2000.0,4000.0,USD,Sothebys,Sports,Basketball,Giannis Antetokounmpo Milwaukee Bucks 2016-2017 Signed & Game Worn Jersey | Double-Double,2026-07-20,https://www.sothebys.com/en/buy/auction/2026/summer-sports-classic,False,1,40.0,-40.0
https://www.sothebys.com/en/buy/auction/2026/summer-sports-classic/russell-westbrook-los-angeles-lakers-2021-2022,2800.0,3584.0,2800.0,3584.0,2000.0,4000.0,2000.0,4000.0,USD,Sothebys,Sports,Basketball,Russell Westbrook Los Angeles Lakers 2021-2022 Game Worn & Signed City Edition Jersey | Matched to 4 Games | Triple-Double,2026-07-20,https://www.sothebys.com/en/buy/auction/2026/summer-sports-classic,False,1,7.142857142857143,7.142857142857143
https://www.sothebys.com/en/buy/auction/2026/summer-sports-classic/michael-jordan-scottsdale-scorpions-1994-arizona,280000.0,358400.0,280000.0,358400.0,350000.0,450000.0,350000.0,450000.0,USD,Sothebys,Sports,Baseball,Michael Jordan Scottsdale Scorpions 1994 Arizona Fall League Game Worn Uniform,2026-07-20,https://www.sothebys.com/en/buy/auction/2026/summer-sports-classic,False,1,42.857142857142854,42.857142857142854
https://www.sothebys.com/en/buy/auction/2026/summer-sports-classic/shohei-ohtani-2021-all-star-game-worn-helmet-all,85000.0,108800.0,85000.0,108800.0,80000.0,120000.0,80000.0,120000.0,USD,Sothebys,Sports,Baseball,Shohei Ohtani 2021 All-Star Game Worn Helmet | All-Star Debut | First Player Selected to All-Star Game as Both Pitcher and Hitter,2026-07-20,https://www.sothebys.com/en/buy/auction/2026/summer-sports-classic,False,1,17.647058823529413,17.647058823529413
https://www.sothebys.com/en/buy/auction/2026/summer-sports-classic/shohei-ohtani-los-angeles-dodgers-2025-game-used,300000.0,375000.0,300000.0,375000.0,300000.0,500000.0,300000.0,500000.0,USD,Sothebys,Sports,Baseball,"Shohei Ohtani Los Angeles Dodgers 2025 Game Used and Signed Bat | 1,000th Career Hit",2026-07-20,https://www.sothebys.com/en/buy/auction/2026/summer-sports-classic,False,1,33.333333333333336,33.333333333333336
https://www.sothebys.com/en/buy/auction/2026/summer-sports-classic/magic-johnson-signed-basketball,800.0,1024.0,800.0,1024.0,1000.0,2000.0,1000.0,2000.0,USD,Sothebys,Sports,Basketball,Magic Johnson Signed Basketball,2026-07-20,https://www.sothebys.com/en/buy/auction/2026/summer-sports-classic,False,1,87.5,87.5
https://www.sothebys.com/en/buy/auction/2026/summer-sports-classic/los-angeles-lakers-1984-1985-signed-replica,2800.0,3584.0,2800.0,3584.0,8000.0,12000.0,8000.0,12000.0,USD,Sothebys,Sports,Basketball,Los Angeles Lakers 1984-1985 Signed Replica Championship Banner,2026-07-20,https://www.sothebys.com/en/buy/auction/2026/summer-sports-classic,False,1,257.14285714285717,257.14285714285717
https://www.sothebys.com/en/buy/auction/2026/summer-sports-classic/michael-jordan-signed-im-back-basketball,6500.0,8320.0,6500.0,8320.0,6000.0,10000.0,6000.0,10000.0,USD,Sothebys,Sports,Basketball,Michael Jordan Signed “I’m Back” Basketball,2026-07-20,https://www.sothebys.com/en/buy/auction/2026/summer-sports-classic,False,1,23.076923076923077,23.076923076923077
https://www.sothebys.com/en/buy/auction/2026/summer-sports-classic/golden-state-warriors-2018-staff-issued,12000.0,15360.0,12000.0,15360.0,10000.0,15000.0,10000.0,15000.0,USD,Sothebys,Sports,Basketball,Golden State Warriors 2018 Staff Issued Championship Ring,2026-07-20,https://www.sothebys.com/en/buy/auction/2026/summer-sports-classic,False,1,4.166666666666667,4.166666666666667
https://www.sothebys.com/en/buy/auction/2026/summer-sports-classic/kareem-abdul-jabbar-1995-hall-of-fame-induction,50000.0,64000.0,50000.0,64000.0,80000.0,100000.0,80000.0,100000.0,USD,Sothebys,Sports,Basketball,Kareem Abdul-Jabbar 1995 Hall of Fame Induction Ring,2026-07-20,https://www.sothebys.com/en/buy/auction/2026/summer-sports-classic,False,1,80.0,80.0
https://www.sothebys.com/en/buy/auction/2026/summer-sports-classic/bob-cousy-boston-celtics-1957-nba-championship,65000.0,83200.0,65000.0,83200.0,60000.0,80000.0,60000.0,80000.0,USD,Sothebys,Sports,Basketball,Bob Cousy Boston Celtics 1957 NBA Championship Ring | Celtics First Championship,2026-07-20,https://www.sothebys.com/en/buy/auction/2026/summer-sports-classic,False,1,7.6923076923076925,7.6923076923076925
https://www.sothebys.com/en/buy/auction/2026/summer-sports-classic/anthony-davis-los-angeles-lakers-2020-2021-game-2,1200.0,1536.0,1200.0,1536.0,2000.0,4000.0,2000.0,4000.0,USD,Sothebys,Sports,Basketball,"Anthony Davis Los Angeles Lakers 2020-2021 Game Worn Nike Kobe V Player Exclusive Sample | Matched to 4 Games, 2 Warm Ups | Ring Ceremony | 2020-2021 NBA Tip Off",2026-07-20,https://www.sothebys.com/en/buy/auction/2026/summer-sports-classic,False,1,150.0,150.0
https://www.sothebys.com/en/buy/auction/2026/summer-sports-classic/russell-westbrook-los-angeles-lakers-2021-2022-2,1300.0,1664.0,1300.0,1664.0,2000.0,4000.0,2000.0,4000.0,USD,Sothebys,Sports,Basketball,Russell Westbrook Los Angeles Lakers 2021-2022 Game Worn & Inscribed Sneakers | Triple-Double,2026-07-20,https://www.sothebys.com/en/buy/auction/2026/summer-sports-classic,False,1,130.76923076923077,130.76923076923077
https://www.sothebys.com/en/buy/auction/2026/summer-sports-classic/russell-westbrook-los-angeles-lakers-2021-2022-3,800.0,1024.0,800.0,1024.0,2000.0,4000.0,2000.0,4000.0,USD,Sothebys,Sports,Basketball,Russell Westbrook Los Angeles Lakers 2021-2022 Preseason Game Worn & Inscribed Sneakers | Triple-Double,2026-07-20,https://www.sothebys.com/en/buy/auction/2026/summer-sports-classic,False,1,275.0,275.0
https://www.sothebys.com/en/buy/auction/2026/summer-sports-classic/stephen-curry-golden-state-warriors-2010-2011-game,75000.0,96000.0,75000.0,96000.0,120000.0,180000.0,120000.0,180000.0,USD,Sothebys,Sports,Basketball,Stephen Curry Golden State Warriors 2010-2011 Game Worn Jersey | 2nd Career Season,2026-07-20,https://www.sothebys.com/en/buy/auction/2026/summer-sports-classic,False,1,100.0,100.0
https://www.sothebys.com/en/buy/auction/2026/summer-sports-classic/kareem-abdul-jabbar-los-angeles-lakers-1988-nba,150000.0,192000.0,150000.0,192000.0,350000.0,550000.0,350000.0,550000.0,USD,Sothebys,Sports,Basketball,Kareem Abdul-Jabbar Los Angeles Lakers 1988 NBA Finals Game Worn Jersey | Game 4 |  Matched to 2 Games | Final Career Championship,2026-07-20,https://www.sothebys.com/en/buy/auction/2026/summer-sports-classic,False,1,200.0,200.0
https://www.sothebys.com/en/buy/auction/2026/summer-sports-classic/lebron-james-cleveland-cavaliers-2014-2015-game,65000.0,83200.0,65000.0,83200.0,120000.0,180000.0,120000.0,180000.0,USD,Sothebys,Sports,Basketball,"LeBron James Cleveland Cavaliers 2014-2015 Game Worn and Signed Jersey | 6,000th Career Assist | 4th Player in NBA History to 20,000 Points, 6,000 Rebounds, and 6,000 Assists",2026-07-20,https://www.sothebys.com/en/buy/auction/2026/summer-sports-classic,False,1,130.76923076923077,130.76923076923077
https://www.sothebys.com/en/buy/auction/2026/summer-sports-classic/wayne-gretzky-team-canada-1998-winter-olympics,28000.0,35840.0,28000.0,35840.0,80000.0,120000.0,80000.0,120000.0,USD,Sothebys,Sports,Hockey,Wayne Gretzky Team Canada 1998 Winter Olympics Bronze Medal Game-Used and Signed Stick | Final International Game with Team Canada,2026-07-20,https://www.sothebys.com/en/buy/auction/2026/summer-sports-classic,False,1,257.14285714285717,257.14285714285717
https://www.sothebys.com/en/buy/auction/2026/summer-sports-classic/alex-ovechkin-washington-capitals-2024-2025-upper,200000.0,256000.0,200000.0,256000.0,200000.0,400000.0,200000.0,400000.0,USD,Sothebys,Sports,Hockey,"Alex Ovechkin Washington Capitals 2024-2025 Upper Deck The Cup Autograph-Black Foil Shield - PSA 7 Auto 10 | 1 of 1 | Signed and Inscribed | Inscribed ""895 #1 All-Time Goals"" | Game-Used Patch",2026-07-20,https://www.sothebys.com/en/buy/auction/2026/summer-sports-classic,False,1,50.0,50.0
https://www.sothebys.com/en/buy/auction/2026/summer-sports-classic/connor-mcdavid-1000th-career-point-game-worn,13000.0,16640.0,13000.0,16640.0,15000.0,20000.0,15000.0,20000.0,USD,Sothebys,Sports,Hockey,Connor McDavid '1000th Career Point' Game Worn Skates | Matched to 4 Games,2026-07-20,https://www.sothebys.com/en/buy/auction/2026/summer-sports-classic,False,1,34.61538461538461,34.61538461538461
https://www.sothebys.com/en/buy/auction/2026/summer-sports-classic/anthony-davis-los-angeles-lakers-2020-2021-game,800.0,1024.0,800.0,1024.0,2000.0,4000.0,2000.0,4000.0,USD,Sothebys,Sports,Basketball,Anthony Davis Los Angeles Lakers 2020-2021 Game Worn Nike Kobe IV Protro PE,2026-07-20,https://www.sothebys.com/en/buy/auction/2026/summer-sports-classic,False,1,275.0,275.0
https://www.sothebys.com/en/buy/auction/2026/summer-sports-classic/kobe-bryant-signed-jersey-edition-5-of-50,6500.0,8320.0,6500.0,8320.0,5000.0,7000.0,5000.0,7000.0,USD,Sothebys,Sports,Basketball,Kobe Bryant Signed Jersey | Edition 5 of 50,2026-07-20,https://www.sothebys.com/en/buy/auction/2026/summer-sports-classic,False,1,7.6923076923076925,-7.6923076923076925
https://www.sothebys.com/en/buy/auction/2026/summer-sports-classic/kobe-bryant-los-angeles-lakers-2008-nba-playoffs,32000.0,40960.0,32000.0,40960.0,55000.0,75000.0,55000.0,75000.0,USD,Sothebys,Sports,Basketball,Kobe Bryant Los Angeles Lakers 2008 NBA Playoffs Western Conference Round 1 Game Worn and Dual Signed Sneakers | Game 4 | Series Clinching Game | MVP Season,2026-07-20,https://www.sothebys.com/en/buy/auction/2026/summer-sports-classic,False,1,103.125,103.125
https://www.sothebys.com/en/buy/auction/2026/summer-sports-classic/2023-world-series-and-2024-mlb-all-star-game-used,10000.0,12800.0,10000.0,12800.0,40000.0,60000.0,40000.0,60000.0,USD,Sothebys,Sports,Baseball,2023 World Series and 2024 MLB All Star Game Used Home Plate | Matched to 2 Additional 2025 Regular Season Games | Shohei Ohtani Home Run | Kristian Campbell Rookie Debut,2026-07-20,https://www.sothebys.com/en/buy/auction/2026/summer-sports-classic,False,1,400.0,400.0
https://www.sothebys.com/en/buy/auction/2026/summer-sports-classic/babe-ruth-and-lou-gehrig-signed-baseball,22000.0,28160.0,22000.0,28160.0,8000.0,12000.0,8000.0,12000.0,USD,Sothebys,Sports,Baseball,Babe Ruth and Lou Gehrig Signed Baseball,2026-07-20,https://www.sothebys.com/en/buy/auction/2026/summer-sports-classic,False,1,54.54545454545455,-54.54545454545455
https://www.sothebys.com/en/buy/auction/2026/summer-sports-classic/2026-world-baseball-classic-game-used-home-plate,6500.0,8320.0,6500.0,8320.0,40000.0,60000.0,40000.0,60000.0,USD,Sothebys,Sports,Baseball,2026 World Baseball Classic Game Used Home Plate | Used in 7 Games | Shohei Ohtani Home Run,2026-07-20,https://www.sothebys.com/en/buy/auction/2026/summer-sports-classic,False,1,669.2307692307693,669.2307692307693
https://www.sothebys.com/en/buy/auction/2026/summer-sports-classic/kevin-durant-phoenix-suns-2023-2024-game-worn-city,7000.0,8960.0,7000.0,8960.0,30000.0,40000.0,30000.0,40000.0,USD,Sothebys,Sports,Basketball,"Kevin Durant Phoenix Suns 2023-2024 Game Worn City Edition Jersey | 1,000th Career Game | Matched to 4 Games | 38 Points | Double-Double",2026-07-20,https://www.sothebys.com/en/buy/auction/2026/summer-sports-classic,False,1,400.0,400.0
https://www.sothebys.com/en/buy/auction/2026/summer-sports-classic/kawhi-leonard-los-angeles-clippers-2020-2021-game,5000.0,6400.0,5000.0,6400.0,30000.0,40000.0,30000.0,40000.0,USD,Sothebys,Sports,Basketball,"Kawhi Leonard Los Angeles Clippers 2020-2021 Game Worn City Edition Jersey | 10,000th Career Point | Matched to 6 Games | 2 Double-Doubles | Three 30+ Point Games",2026-07-20,https://www.sothebys.com/en/buy/auction/2026/summer-sports-classic,False,1,600.0,600.0
https://www.sothebys.com/en/buy/auction/2026/summer-sports-classic/james-harden-philadelphia-76ers-2022-2023-game,4800.0,6144.0,4800.0,6144.0,30000.0,40000.0,30000.0,40000.0,USD,Sothebys,Sports,Basketball,James Harden Philadelphia 76ers 2022-2023 Game Worn Statement Edition Jersey | Career-High Assists | 21 Assist Triple-Double |  Matched to 2 Games,2026-07-20,https://www.sothebys.com/en/buy/auction/2026/summer-sports-classic,False,1,629.1666666666666,629.1666666666666
https://www.sothebys.com/en/buy/auction/2026/summer-sports-classic/rafael-nadal-2011-davis-cup-finals-racket,15000.0,19200.0,15000.0,19200.0,25000.0,35000.0,25000.0,35000.0,USD,Sothebys,Sports,Tennis,Rafael Nadal 2011 Davis Cup Finals Racket | Photomatched to 2 Matches | Spain Championship Run,2026-07-20,https://www.sothebys.com/en/buy/auction/2026/summer-sports-classic,False,1,100.0,100.0
https://www.sothebys.com/en/buy/auction/2026/summer-sports-classic/jannik-sinner-2025-wimbledon-championship-match,5000.0,6400.0,5000.0,6400.0,7000.0,9000.0,7000.0,9000.0,USD,Sothebys,Sports,Tennis,Jannik Sinner 2025 Wimbledon Championship Match Worn Sneakers | First & Second Round | 1st Wimbledon Championship Run,2026-07-20,https://www.sothebys.com/en/buy/auction/2026/summer-sports-classic,False,1,60.0,60.0
https://www.sothebys.com/en/buy/auction/2026/summer-sports-classic/jessica-pegula-2025-us-open-semifinal-match-worn,900.0,1152.0,900.0,1152.0,6000.0,8000.0,6000.0,8000.0,USD,Sothebys,Sports,Tennis,Jessica Pegula 2025 US Open Semifinal Match Worn Dress,2026-07-20,https://www.sothebys.com/en/buy/auction/2026/summer-sports-classic,False,1,677.7777777777778,677.7777777777778
https://www.sothebys.com/en/buy/auction/2026/summer-sports-classic/nike-air-jordan-1-chicago-1985-size-13,12000.0,15360.0,12000.0,15360.0,8000.0,12000.0,8000.0,12000.0,USD,Sothebys,Sports,Basketball,Nike Air Jordan 1 'Chicago' 1985 | Size 13,2026-07-20,https://www.sothebys.com/en/buy/auction/2026/summer-sports-classic,False,1,16.666666666666668,-16.666666666666668
https://www.sothebys.com/en/buy/auction/2026/summer-sports-classic/michael-jordan-chicago-bulls-1995-1996-game-worn,65000.0,83200.0,65000.0,83200.0,60000.0,80000.0,60000.0,80000.0,USD,Sothebys,Sports,Basketball,Michael Jordan Chicago Bulls 1995-1996 Game Worn and Signed Sneakers | Championship Season | MVP Season,2026-07-20,https://www.sothebys.com/en/buy/auction/2026/summer-sports-classic,False,1,7.6923076923076925,7.6923076923076925
https://www.sothebys.com/en/buy/auction/2026/summer-sports-classic/michael-jordan-chicago-bulls-signed-jersey-2,8000.0,10240.0,8000.0,10240.0,8000.0,12000.0,8000.0,12000.0,USD,Sothebys,Sports,Basketball,Michael Jordan Chicago Bulls Signed Jersey,2026-07-20,https://www.sothebys.com/en/buy/auction/2026/summer-sports-classic,False,1,25.0,25.0
https://www.sothebys.com/en/buy/auction/2026/summer-sports-classic/michael-jordan-signed-inscribed-chicago-bulls,17000.0,21760.0,17000.0,21760.0,25000.0,35000.0,25000.0,35000.0,USD,Sothebys,Sports,Basketball,Michael Jordan Signed & Inscribed Chicago Bulls Locker Room Chair | Attributed Usage to Michael Jordan by Upper Deck Authenticated,2026-07-20,https://www.sothebys.com/en/buy/auction/2026/summer-sports-classic,False,1,76.47058823529412,76.47058823529412
https://www.sothebys.com/en/buy/auction/2026/summer-sports-classic/michael-jordan-chicago-bulls-signed-jersey,10000.0,12800.0,10000.0,12800.0,5000.0,7000.0,5000.0,7000.0,USD,Sothebys,Sports,Basketball,Michael Jordan Chicago Bulls Signed Jersey,2026-07-20,https://www.sothebys.com/en/buy/auction/2026/summer-sports-classic,False,1,40.0,-40.0
https://www.sothebys.com/en/buy/auction/2026/summer-sports-classic/kobe-bryant-los-angeles-lakers-signed-basketball,14000.0,17920.0,14000.0,17920.0,10000.0,15000.0,10000.0,15000.0,USD,Sothebys,Sports,Basketball,Kobe Bryant Los Angeles Lakers Signed Basketball | Rookie Era Signature,2026-07-20,https://www.sothebys.com/en/buy/auction/2026/summer-sports-classic,False,1,10.714285714285714,-10.714285714285714
https://www.sothebys.com/en/buy/auction/2026/summer-sports-classic/los-angeles-lakers-1999-2000-nba-world-champions,4200.0,5376.0,4200.0,5376.0,6000.0,8000.0,6000.0,8000.0,USD,Sothebys,Sports,Basketball,Los Angeles Lakers 1999-2000 NBA World Champions Multi-Signed Basketball,2026-07-20,https://www.sothebys.com/en/buy/auction/2026/summer-sports-classic,False,1,66.66666666666667,66.66666666666667
https://www.sothebys.com/en/buy/auction/2026/summer-sports-classic/kobe-bryant-signed-basketball,2200.0,2816.0,2200.0,2816.0,5000.0,7000.0,5000.0,7000.0,USD,Sothebys,Sports,Basketball,Kobe Bryant Signed Basketball,2026-07-20,https://www.sothebys.com/en/buy/auction/2026/summer-sports-classic,False,1,172.72727272727272,172.72727272727272
https://www.sothebys.com/en/buy/auction/2026/summer-sports-classic/michael-jordan-washington-wizards-2002-2003-game,16000.0,20480.0,16000.0,20480.0,30000.0,50000.0,30000.0,50000.0,USD,Sothebys,Sports,Basketball,"Michael Jordan Washington Wizards 2002-2003 Game Worn Warm Up Shirt | Matched to 6 Games | Matched to 45 Point Game, Highest Point Total of Jordan’s Final Season",2026-07-20,https://www.sothebys.com/en/buy/auction/2026/summer-sports-classic,False,1,150.0,150.0
https://www.sothebys.com/en/buy/auction/2026/summer-sports-classic/allen-iverson-philadelphia-76ers-2003-2004-dual,2000.0,2560.0,2000.0,2560.0,6000.0,8000.0,6000.0,8000.0,USD,Sothebys,Sports,Basketball,Allen Iverson Philadelphia 76ers 2003-2004 Dual-Signed Sneakers | Left Shoe Photomatch | 40 Points | Double-Double,2026-07-20,https://www.sothebys.com/en/buy/auction/2026/summer-sports-classic,False,1,250.0,250.0
https://www.sothebys.com/en/buy/auction/2026/summer-sports-classic/tom-brady-return-to-new-england-tampa-bay,140000.0,179200.0,140000.0,179200.0,150000.0,250000.0,150000.0,250000.0,USD,Sothebys,Sports,Football,Tom Brady ‘Return to New England’ Tampa Bay Buccaneers 2021 Game Worn Dual-Signed and Inscribed Cleats,2026-07-20,https://www.sothebys.com/en/buy/auction/2026/summer-sports-classic,False,1,42.857142857142854,42.857142857142854
https://www.sothebys.com/en/buy/auction/2026/summer-sports-classic/lebron-james-miami-heat-2010-2011-game-worn-signed,55000.0,70400.0,55000.0,70400.0,80000.0,120000.0,80000.0,120000.0,USD,Sothebys,Sports,Basketball,LeBron James Miami Heat 2010-2011 Game Worn Signed and Inscribed Sneakers | Miami Heat Home Debut,2026-07-20,https://www.sothebys.com/en/buy/auction/2026/summer-sports-classic,False,1,81.81818181818181,81.81818181818181
https://www.sothebys.com/en/buy/auction/2026/summer-sports-classic/1985-nike-air-jordan-1-player-sample-sneakers-size,55000.0,70400.0,55000.0,70400.0,30000.0,50000.0,30000.0,50000.0,USD,Sothebys,Sports,Basketball,1985 Nike Air Jordan 1 'Player Sample' Sneakers | Size 13 & 13.5,2026-07-20,https://www.sothebys.com/en/buy/auction/2026/summer-sports-classic,False,1,27.272727272727273,-27.272727272727273
https://www.sothebys.com/en/buy/auction/2026/summer-sports-classic/wayne-gretzky-team-canada-1998-winter-olympics-2,19000.0,24320.0,19000.0,24320.0,75000.0,95000.0,75000.0,95000.0,USD,Sothebys,Sports,Hockey,Wayne Gretzky Team Canada 1998 Winter Olympics Game-Used and Signed Stick | First Olympic Game,2026-07-20,https://www.sothebys.com/en/buy/auction/2026/summer-sports-classic,False,1,347.36842105263156,347.36842105263156
https://www.sothebys.com/en/buy/auction/2026/summer-sports-classic/kobe-bryant-los-angeles-lakers-2006-2007-game-worn,12000.0,15360.0,12000.0,15360.0,5000.0,10000.0,5000.0,10000.0,USD,Sothebys,Sports,Basketball,Kobe Bryant Los Angeles Lakers 2006-2007 Game Worn Shorts | Matched to Kobe's First Game as No. 24 & Media Day,2026-07-20,https://www.sothebys.com/en/buy/auction/2026/summer-sports-classic,False,1,37.5,-37.5
https://www.sothebys.com/en/buy/auction/2026/summer-sports-classic/michael-jordan-signed-basketball,4000.0,5120.0,4000.0,5120.0,6000.0,8000.0,6000.0,8000.0,USD,Sothebys,Sports,Basketball,Michael Jordan Signed Basketball,2026-07-20,https://www.sothebys.com/en/buy/auction/2026/summer-sports-classic,False,1,75.0,75.0
https://www.sothebys.com/en/buy/auction/2026/summer-sports-classic/kobe-bryant-los-angeles-lakers-signed-jersey-nba,8500.0,10880.0,8500.0,10880.0,6000.0,8000.0,6000.0,8000.0,USD,Sothebys,Sports,Basketball,Kobe Bryant Los Angeles Lakers Signed Jersey | NBA Finals Patch,2026-07-20,https://www.sothebys.com/en/buy/auction/2026/summer-sports-classic,False,1,17.647058823529413,-17.647058823529413
https://www.sothebys.com/en/buy/auction/2026/summer-sports-classic/kobe-bryant-signed-three-peat-photo-display,2200.0,2816.0,2200.0,2816.0,2000.0,4000.0,2000.0,4000.0,USD,Sothebys,Sports,Basketball,Kobe Bryant Signed Three-Peat Photo Display,2026-07-20,https://www.sothebys.com/en/buy/auction/2026/summer-sports-classic,False,1,36.36363636363637,36.36363636363637
https://www.sothebys.com/en/buy/auction/2026/summer-sports-classic/kobe-bryant-signed-jersey,1500.0,1920.0,1500.0,1920.0,5000.0,7000.0,5000.0,7000.0,USD,Sothebys,Sports,Basketball,Kobe Bryant Signed Jersey,2026-07-20,https://www.sothebys.com/en/buy/auction/2026/summer-sports-classic,False,1,300.0,300.0
https://www.sothebys.com/en/buy/auction/2026/summer-sports-classic/deni-avdija-washington-wizards-2021-2022-game-worn,3000.0,3840.0,3000.0,3840.0,8000.0,12000.0,8000.0,12000.0,USD,Sothebys,Sports,Basketball,Deni Avdija Washington Wizards 2021-2022 Game Worn City Edition Jersey,2026-07-20,https://www.sothebys.com/en/buy/auction/2026/summer-sports-classic,False,1,233.33333333333334,233.33333333333334
https://www.sothebys.com/en/buy/auction/2026/summer-sports-classic/scottie-barnes-toronto-raptors-2024-2025-game-worn,4200.0,5376.0,4200.0,5376.0,4000.0,6000.0,4000.0,6000.0,USD,Sothebys,Sports,Basketball,Scottie Barnes Toronto Raptors 2024-2025 Game Worn & Signed Jersey,2026-07-20,https://www.sothebys.com/en/buy/auction/2026/summer-sports-classic,False,1,19.047619047619047,19.047619047619047
https://www.sothebys.com/en/buy/auction/2026/summer-sports-classic/deni-avdija-washington-wizards-2020-2021-game-worn,10000.0,12800.0,10000.0,12800.0,10000.0,15000.0,10000.0,15000.0,USD,Sothebys,Sports,Basketball,"Deni Avdija Washington Wizards 2020-2021 Game Worn City Edition Jersey | Rookie Season | Season High Points, Assists, Field Goals, and 3-Pointers | 10th Career Game",2026-07-20,https://www.sothebys.com/en/buy/auction/2026/summer-sports-classic,False,1,25.0,25.0
https://www.sothebys.com/en/buy/auction/2026/summer-sports-classic/lebron-james-los-angeles-lakers-2023-2024-game-2,35000.0,44800.0,35000.0,44800.0,30000.0,60000.0,30000.0,60000.0,USD,Sothebys,Sports,Basketball,LeBron James Los Angeles Lakers 2023-2024 Game Worn Association Edition Jersey,2026-07-20,https://www.sothebys.com/en/buy/auction/2026/summer-sports-classic,False,1,28.571428571428573,28.571428571428573
https://www.sothebys.com/en/buy/auction/2026/summer-sports-classic/jason-kidd-dallas-mavericks-2010-2011-game-worn,30000.0,38400.0,30000.0,38400.0,10000.0,15000.0,10000.0,15000.0,USD,Sothebys,Sports,Basketball,Jason Kidd Dallas Mavericks 2010-2011 Game Worn Jersey | Matched to 28 Games | Championship Season,2026-07-20,https://www.sothebys.com/en/buy/auction/2026/summer-sports-classic,False,1,58.333333333333336,-58.333333333333336
https://www.sothebys.com/en/buy/auction/2026/summer-sports-classic/kon-knueppel-charlotte-hornets-2025-2026-game-worn,25000.0,32000.0,25000.0,32000.0,30000.0,50000.0,30000.0,50000.0,USD,Sothebys,Sports,Basketball,Kon Knueppel Charlotte Hornets 2025-2026 Game Worn and Signed Jersey | Rookie Season | Five 3-Pointers,2026-07-20,https://www.sothebys.com/en/buy/auction/2026/summer-sports-classic,False,1,60.0,60.0
https://www.sothebys.com/en/buy/auction/2026/summer-sports-classic/rasheed-wallace-detroit-pistons-2007-2008-game,1900.0,2432.0,1900.0,2432.0,3000.0,5000.0,3000.0,5000.0,USD,Sothebys,Sports,Basketball,Rasheed Wallace Detroit Pistons 2007-2008 Game Worn & Signed Sneakers | 36 Points,2026-07-20,https://www.sothebys.com/en/buy/auction/2026/summer-sports-classic,False,1,110.52631578947368,110.52631578947368
https://www.sothebys.com/en/buy/auction/2026/summer-sports-classic/michael-jordan-signed-1985-air-jordan-1-metallic,12000.0,15360.0,12000.0,15360.0,12000.0,18000.0,12000.0,18000.0,USD,Sothebys,Sports,Basketball,Michael Jordan Signed 1985 Air Jordan 1 'Metallic' | Size 8,2026-07-20,https://www.sothebys.com/en/buy/auction/2026/summer-sports-classic,False,1,25.0,25.0
https://www.sothebys.com/en/buy/auction/2026/summer-sports-classic/lebron-james-cleveland-cavaliers-2008-2009-game,48000.0,61440.0,48000.0,61440.0,60000.0,80000.0,60000.0,80000.0,USD,Sothebys,Sports,Basketball,LeBron James Cleveland Cavaliers 2008-2009 Game Worn 'St. Vincent St. Mary' Player Exclusive Sneakers | 43 Points | Double-Double,2026-07-20,https://www.sothebys.com/en/buy/auction/2026/summer-sports-classic,False,1,45.833333333333336,45.833333333333336
https://www.sothebys.com/en/buy/auction/2026/summer-sports-classic/robert-parish-boston-celtics-1980-1981-nba,55000.0,70400.0,55000.0,70400.0,60000.0,80000.0,60000.0,80000.0,USD,Sothebys,Sports,Basketball,Robert Parish Boston Celtics 1980-1981 NBA Championship Ring,2026-07-20,https://www.sothebys.com/en/buy/auction/2026/summer-sports-classic,False,1,27.272727272727273,27.272727272727273
https://www.sothebys.com/en/buy/auction/2026/summer-sports-classic/kobe-bryant-2000-nba-all-star-ring,50000.0,64000.0,50000.0,64000.0,50000.0,70000.0,50000.0,70000.0,USD,Sothebys,Sports,Basketball,Kobe Bryant 2000 NBA All-Star Ring,2026-07-20,https://www.sothebys.com/en/buy/auction/2026/summer-sports-classic,False,1,20.0,20.0
https://www.sothebys.com/en/buy/auction/2026/summer-sports-classic/bob-knight-indiana-hoosiers-1986-1987-ncaa,50000.0,61500.0,50000.0,61500.0,60000.0,80000.0,60000.0,80000.0,USD,Sothebys,Sports,Basketball,Bob Knight Indiana Hoosiers 1986-1987 NCAA Championship Ring | 3rd NCAA Championship,2026-07-20,https://www.sothebys.com/en/buy/auction/2026/summer-sports-classic,False,1,40.0,40.0
https://www.sothebys.com/en/buy/auction/2026/summer-sports-classic/jason-kidd-new-jersey-nets-2006-2007-game-worn-and,1100.0,1408.0,1100.0,1408.0,2000.0,4000.0,2000.0,4000.0,USD,Sothebys,Sports,Basketball,Jason Kidd New Jersey Nets 2006-2007 Game Worn and Dual Signed Sneakers,2026-07-20,https://www.sothebys.com/en/buy/auction/2026/summer-sports-classic,False,1,172.72727272727272,172.72727272727272
https://www.sothebys.com/en/buy/auction/2026/summer-sports-classic/amare-stoudemire-phoenix-suns-2003-2004-game-worn,2200.0,2816.0,2200.0,2816.0,2000.0,4000.0,2000.0,4000.0,USD,Sothebys,Sports,Basketball,Amar'e Stoudemire Phoenix Suns 2003-2004 Game Worn & Signed Player Exclusive Sneakers | 25 Points | Double-Double,2026-07-20,https://www.sothebys.com/en/buy/auction/2026/summer-sports-classic,False,1,36.36363636363637,36.36363636363637
https://www.sothebys.com/en/buy/auction/2026/summer-sports-classic/kobe-bryant-los-angeles-lakers-2014-2015-preseason,15000.0,19200.0,15000.0,19200.0,20000.0,30000.0,20000.0,30000.0,USD,Sothebys,Sports,Basketball,Kobe Bryant Los Angeles Lakers 2014-2015 Preseason Game Worn Sneakers,2026-07-20,https://www.sothebys.com/en/buy/auction/2026/summer-sports-classic,False,1,66.66666666666667,66.66666666666667
https://www.sothebys.com/en/buy/auction/2026/summer-sports-classic/michael-jordan-team-usa-1992-olympics-dream-team-2,170000.0,217600.0,170000.0,217600.0,30000.0,50000.0,30000.0,50000.0,USD,Sothebys,Sports,Basketball,Michael Jordan Team USA 1992 Olympics ‘Dream Team’ USA Basketball ID Badge,2026-07-20,https://www.sothebys.com/en/buy/auction/2026/summer-sports-classic,False,1,76.47058823529412,-76.47058823529412
https://www.sothebys.com/en/buy/auction/2026/summer-sports-classic/michael-jordan-chicago-bulls-the-last-dance-1997,80000.0,102400.0,80000.0,102400.0,100000.0,200000.0,100000.0,200000.0,USD,Sothebys,Sports,Basketball,"Michael Jordan Chicago Bulls ""The Last Dance"" 1997-1998 Game Worn and Dual-Signed Sneakers | Championship Season | MVP Season",2026-07-20,https://www.sothebys.com/en/buy/auction/2026/summer-sports-classic,False,1,87.5,87.5
https://www.sothebys.com/en/buy/auction/2026/summer-sports-classic/michael-jordan-team-usa-1992-olympics-dream-team,180000.0,230400.0,180000.0,230400.0,30000.0,50000.0,30000.0,50000.0,USD,Sothebys,Sports,Basketball,Michael Jordan Team USA 1992 Olympics ‘Dream Team’ Olympic Competitor Badge | Gold Medal Run | Signed by Michael Jordan,2026-07-20,https://www.sothebys.com/en/buy/auction/2026/summer-sports-classic,False,1,77.77777777777777,-77.77777777777777
https://www.sothebys.com/en/buy/auction/2026/summer-sports-classic/allen-iverson-2009-all-star-jersey-all-star-east,40000.0,51200.0,40000.0,51200.0,60000.0,80000.0,60000.0,80000.0,USD,Sothebys,Sports,Basketball,Allen Iverson 2009 All-Star Jersey All-Star East Blue | Final All-Star Game,2026-07-20,https://www.sothebys.com/en/buy/auction/2026/summer-sports-classic,False,1,75.0,75.0
https://www.sothebys.com/en/buy/auction/2026/summer-sports-classic/kevin-durant-oklahoma-city-thunder-2012-2013-game,55000.0,70400.0,55000.0,70400.0,60000.0,80000.0,60000.0,80000.0,USD,Sothebys,Sports,Basketball,Kevin Durant Oklahoma City Thunder 2012-2013 Game Worn Jersey | First Career Triple-Double | 25 Points | 13 Rebounds | 10 Assists | Matched to 3 Games,2026-07-20,https://www.sothebys.com/en/buy/auction/2026/summer-sports-classic,False,1,27.272727272727273,27.272727272727273
https://www.sothebys.com/en/buy/auction/2026/summer-sports-classic/dwight-howard-2009-all-star-game-worn-jersey,11000.0,14080.0,11000.0,14080.0,10000.0,15000.0,10000.0,15000.0,USD,Sothebys,Sports,Basketball,Dwight Howard ‘2009 All-Star’ Game Worn Jersey,2026-07-20,https://www.sothebys.com/en/buy/auction/2026/summer-sports-classic,False,1,13.636363636363637,13.636363636363637
https://www.sothebys.com/en/buy/auction/2026/summer-sports-classic/dirk-nowitzki-dallas-mavericks-2011-nba-finals,160000.0,204800.0,160000.0,204800.0,60000.0,80000.0,60000.0,80000.0,USD,Sothebys,Sports,Basketball,Dirk Nowitzki Dallas Mavericks 2011 NBA Finals Game Worn Jersey | Game 3 | Finals MVP | 34 Points | Double-Double | Mavericks First Championship,2026-07-20,https://www.sothebys.com/en/buy/auction/2026/summer-sports-classic,False,1,56.25,-56.25
https://www.sothebys.com/en/buy/auction/2026/summer-sports-classic/lebron-james-miami-heat-2013-eastern-conference,170000.0,217600.0,170000.0,217600.0,80000.0,120000.0,80000.0,120000.0,USD,Sothebys,Sports,Basketball,LeBron James Miami Heat 2013 Eastern Conference Finals Game Worn and Signed Jersey | Game 2 | Championship Run | MVP Season,2026-07-20,https://www.sothebys.com/en/buy/auction/2026/summer-sports-classic,False,1,41.1764705882353,-41.1764705882353
https://www.sothebys.com/en/buy/auction/2026/summer-sports-classic/shaquille-oneal-boston-celtics-2010-2011-game-worn,28000.0,35840.0,28000.0,35840.0,50000.0,70000.0,50000.0,70000.0,USD,Sothebys,Sports,Basketball,Shaquille O’Neal Boston Celtics 2010-2011 Game Worn Jersey | Final NBA Season | Matched to 2 Games,2026-07-20,https://www.sothebys.com/en/buy/auction/2026/summer-sports-classic,False,1,114.28571428571429,114.28571428571429
https://www.sothebys.com/en/buy/auction/2026/summer-sports-classic/oscar-robertson-team-usa-1960-olympic-game-worn,75000.0,96000.0,75000.0,96000.0,100000.0,150000.0,100000.0,150000.0,USD,Sothebys,Sports,Basketball,Oscar Robertson Team USA 1960 Olympic Game Worn Jersey | Rome Olympics | Gold Medal Winning Team,2026-07-20,https://www.sothebys.com/en/buy/auction/2026/summer-sports-classic,False,1,66.66666666666667,66.66666666666667
https://www.sothebys.com/en/buy/auction/2026/summer-sports-classic/bill-russell-boston-celtics-1963-1965-game-worn,40000.0,49200.0,40000.0,49200.0,40000.0,60000.0,40000.0,60000.0,USD,Sothebys,Sports,Basketball,Bill Russell Boston Celtics 1963-1965 Game Worn Warmup Jacket | Apparent Match to 1964 NBA Playoffs | Russell Attribution to NBA Finals,2026-07-20,https://www.sothebys.com/en/buy/auction/2026/summer-sports-classic,False,1,25.0,25.0
https://www.sothebys.com/en/buy/auction/2026/summer-sports-classic/wilt-chamberlain-1968-nba-all-star-jersey-signed,70000.0,83100.0,70000.0,83100.0,200000.0,300000.0,200000.0,300000.0,USD,Sothebys,Sports,Basketball,Wilt Chamberlain 1968 NBA All-Star Jersey | Signed by Wilt | Apparent Photo Match by SIA | Final MVP Season,2026-07-20,https://www.sothebys.com/en/buy/auction/2026/summer-sports-classic,False,1,257.14285714285717,257.14285714285717
https://www.sothebys.com/en/buy/auction/2026/summer-sports-classic/kobe-bryant-signed-nike-kobe-iv-finals-mvp-sample,3200.0,4096.0,3200.0,4096.0,8000.0,12000.0,8000.0,12000.0,USD,Sothebys,Sports,Basketball,Kobe Bryant Signed Nike Kobe IV 'Finals MVP' Sample | Size 14,2026-07-20,https://www.sothebys.com/en/buy/auction/2026/summer-sports-classic,False,1,212.5,212.5
https://www.sothebys.com/en/buy/auction/2026/summer-sports-classic/nike-hyperdunk-lakers-sample-with-kobe-iv-sole,1600.0,2048.0,1600.0,2048.0,3000.0,5000.0,3000.0,5000.0,USD,Sothebys,Sports,Basketball,Nike Hyperdunk 'Lakers' Sample with 'Kobe IV' Sole | Size 14,2026-07-20,https://www.sothebys.com/en/buy/auction/2026/summer-sports-classic,False,1,150.0,150.0
https://www.sothebys.com/en/buy/auction/2026/summer-sports-classic/kobe-bryant-signed-nike-kobe-iii-sample-sneakers,4200.0,5376.0,4200.0,5376.0,8000.0,12000.0,8000.0,12000.0,USD,Sothebys,Sports,Basketball,Kobe Bryant Signed Nike Kobe III Sample Sneakers | Size 14,2026-07-20,https://www.sothebys.com/en/buy/auction/2026/summer-sports-classic,False,1,138.0952380952381,138.0952380952381
https://www.sothebys.com/en/buy/auction/2026/summer-sports-classic/george-mikan-chicagos-greatest-basketball-player,10000.0,12300.0,10000.0,12300.0,40000.0,60000.0,40000.0,60000.0,USD,Sothebys,Sports,Basketball,"George Mikan ""Chicago's Greatest Basketball Player of All Time"" Presentation Tray",2026-07-20,https://www.sothebys.com/en/buy/auction/2026/summer-sports-classic,False,1,400.0,400.0
https://www.sothebys.com/en/buy/auction/2026/summer-sports-classic/julius-erving-philadelphia-76ers-20-000th-career,15000.0,19200.0,15000.0,19200.0,40000.0,60000.0,40000.0,60000.0,USD,Sothebys,Sports,Basketball,"Julius Erving Philadelphia 76ers 20,000th Career Point Game-Used Basketball | January 15, 1981 vs. Milwaukee Bucks",2026-07-20,https://www.sothebys.com/en/buy/auction/2026/summer-sports-classic,False,1,233.33333333333334,233.33333333333334
https://www.sothebys.com/en/buy/auction/2026/summer-sports-classic/carl-shy-1936-usa-mens-olympics-basketball-medal,38000.0,48640.0,38000.0,48640.0,50000.0,70000.0,50000.0,70000.0,USD,Sothebys,Sports,Basketball,Carl Shy 1936 USA Men's Olympics Basketball Medal | 1st USA Olympic Basketball Team,2026-07-20,https://www.sothebys.com/en/buy/auction/2026/summer-sports-classic,False,1,57.89473684210526,57.89473684210526
https://www.sothebys.com/en/buy/auction/2026/summer-sports-classic/wayne-gretzky-los-angeles-kings-signed-jersey,1600.0,2048.0,1600.0,2048.0,5000.0,7000.0,5000.0,7000.0,USD,Sothebys,Sports,Hockey,Wayne Gretzky Los Angeles Kings Signed Jersey,2026-07-20,https://www.sothebys.com/en/buy/auction/2026/summer-sports-classic,False,1,275.0,275.0
https://www.sothebys.com/en/buy/auction/2026/summer-sports-classic/nike-kobe-5-parade-sample-size-11,1500.0,1920.0,1500.0,1920.0,2000.0,4000.0,2000.0,4000.0,USD,Sothebys,Sports,Basketball,Nike Kobe 5 'Parade' Sample | Size 11,2026-07-20,https://www.sothebys.com/en/buy/auction/2026/summer-sports-classic,False,1,100.0,100.0
https://www.sothebys.com/en/buy/auction/2026/summer-sports-classic/michael-jordan-chicago-bulls-signed-jersey-3,7500.0,9600.0,7500.0,9600.0,10000.0,20000.0,10000.0,20000.0,USD,Sothebys,Sports,Basketball,Michael Jordan Chicago Bulls Signed Jersey,2026-07-20,https://www.sothebys.com/en/buy/auction/2026/summer-sports-classic,False,1,100.0,100.0
https://www.sothebys.com/en/buy/auction/2026/summer-sports-classic/stephen-curry-2011-nba-all-star-warmup-shooting,5500.0,7040.0,5500.0,7040.0,15000.0,25000.0,15000.0,25000.0,USD,Sothebys,Sports,Basketball,Stephen Curry '2011 NBA All-Star' Warmup Shooting Shirt,2026-07-20,https://www.sothebys.com/en/buy/auction/2026/summer-sports-classic,False,1,263.6363636363636,263.6363636363636
https://www.sothebys.com/en/buy/auction/2026/summer-sports-classic/james-worthy-university-of-north-carolina-1982,75000.0,96000.0,75000.0,96000.0,40000.0,60000.0,40000.0,60000.0,USD,Sothebys,Sports,Basketball,James Worthy University of North Carolina 1982 NCAA Championship Game Worn and Signed Jersey | Game-High 28 Points | Most Outstanding Player,2026-07-20,https://www.sothebys.com/en/buy/auction/2026/summer-sports-classic,False,1,33.333333333333336,-33.333333333333336
https://www.sothebys.com/en/buy/auction/2026/summer-sports-classic/patrick-ewing-new-york-knicks-1995-1996-game-worn,18000.0,23040.0,18000.0,23040.0,20000.0,30000.0,20000.0,30000.0,USD,Sothebys,Sports,Basketball,Patrick Ewing New York Knicks 1995-1996 Game Worn Jersey | Matched to 2 Games | 31 Points | Double-Double | 4 Blocks,2026-07-20,https://www.sothebys.com/en/buy/auction/2026/summer-sports-classic,False,1,38.888888888888886,38.888888888888886
https://www.sothebys.com/en/buy/auction/2026/summer-sports-classic/shaquille-oneal-christmas-day-miami-heat-2007-2008,65000.0,83200.0,65000.0,83200.0,60000.0,80000.0,60000.0,80000.0,USD,Sothebys,Sports,Basketball,Shaquille O’Neal ‘Christmas Day’ Miami Heat 2007-2008 Game Worn Hardwood Classics Edition Jersey,2026-07-20,https://www.sothebys.com/en/buy/auction/2026/summer-sports-classic,False,1,7.6923076923076925,7.6923076923076925
https://www.sothebys.com/en/buy/auction/2026/summer-sports-classic/stephen-curry-golden-state-warriors-2016-nba,70000.0,89600.0,70000.0,89600.0,60000.0,80000.0,60000.0,80000.0,USD,Sothebys,Sports,Basketball,Stephen Curry Golden State Warriors 2016 NBA Finals Game Worn Signed and Inscribed Sneakers | Games 3 & 4,2026-07-20,https://www.sothebys.com/en/buy/auction/2026/summer-sports-classic,False,1,0.0,0.0
https://www.sothebys.com/en/buy/auction/2026/summer-sports-classic/kevin-durant-seattle-supersonics-2007-nba-rookie,22000.0,28160.0,22000.0,28160.0,30000.0,50000.0,30000.0,50000.0,USD,Sothebys,Sports,Basketball,Kevin Durant Seattle SuperSonics 2007 NBA Rookie Photo Shoot Worn Jersey,2026-07-20,https://www.sothebys.com/en/buy/auction/2026/summer-sports-classic,False,1,81.81818181818181,81.81818181818181
https://www.sothebys.com/en/buy/auction/2026/summer-sports-classic/dominique-wilkins-atlanta-hawks-1992-1993-game,30000.0,38400.0,30000.0,38400.0,30000.0,50000.0,30000.0,50000.0,USD,Sothebys,Sports,Basketball,Dominique Wilkins Atlanta Hawks 1992-1993 and 1993-1994 Game Worn Jersey |  Matched to Multiple Games | 39 Points,2026-07-20,https://www.sothebys.com/en/buy/auction/2026/summer-sports-classic,False,1,33.333333333333336,33.333333333333336
https://www.sothebys.com/en/buy/auction/2026/summer-sports-classic/giannis-antetokounmpo-christmas-debut-milwaukee,16000.0,20480.0,16000.0,20480.0,15000.0,25000.0,15000.0,25000.0,USD,Sothebys,Sports,Basketball,Giannis Antetokounmpo 'Christmas Debut' Milwaukee Bucks 2018-2019 Game Worn and Signed Sneakers,2026-07-20,https://www.sothebys.com/en/buy/auction/2026/summer-sports-classic,False,1,25.0,25.0
https://www.sothebys.com/en/buy/auction/2026/summer-sports-classic/kawhi-leonard-san-antonio-spurs-2014-nba-finals,48000.0,61440.0,48000.0,61440.0,50000.0,70000.0,50000.0,70000.0,USD,Sothebys,Sports,Basketball,Kawhi Leonard San Antonio Spurs 2014 NBA Finals Game Worn Jersey,2026-07-20,https://www.sothebys.com/en/buy/auction/2026/summer-sports-classic,False,1,25.0,25.0
https://www.sothebys.com/en/buy/auction/2026/summer-sports-classic/lebron-james-cleveland-cavaliers-2016-nba-finals,30000.0,36900.0,30000.0,36900.0,30000.0,50000.0,30000.0,50000.0,USD,Sothebys,Sports,Basketball,"LeBron James Cleveland Cavaliers 2016 NBA Finals Game Worn Shooting Shirt | Matched to Games 1, 2, 3 & 4",2026-07-20,https://www.sothebys.com/en/buy/auction/2026/summer-sports-classic,False,1,33.333333333333336,33.333333333333336
https://www.sothebys.com/en/buy/auction/2026/summer-sports-classic/lebron-james-2004-2005-game-worn-nike-zoom-lebron,80000.0,102400.0,80000.0,102400.0,80000.0,120000.0,80000.0,120000.0,USD,Sothebys,Sports,Basketball,LeBron James 2004-2005 Game Worn Nike Zoom LeBron 2 Sneakers | First Career Triple-Double | Youngest Player in NBA History to Record a Triple-Double at the Time of the Achievement,2026-07-20,https://www.sothebys.com/en/buy/auction/2026/summer-sports-classic,False,1,25.0,25.0
https://www.sothebys.com/en/buy/auction/2026/summer-sports-classic/lebron-james-los-angeles-lakers-2020-nba-finals,20000.0,24600.0,20000.0,24600.0,50000.0,70000.0,50000.0,70000.0,USD,Sothebys,Sports,Basketball,LeBron James Los Angeles Lakers 2020 NBA Finals Worn Warmup Jacket | Championship Run | 4th NBA Championship | Finals MVP | Double-Double,2026-07-20,https://www.sothebys.com/en/buy/auction/2026/summer-sports-classic,False,1,200.0,200.0
https://www.sothebys.com/en/buy/auction/2026/summer-sports-classic/julius-dr-j-erving-1978-nba-all-star-ring,30000.0,36900.0,30000.0,36900.0,40000.0,60000.0,40000.0,60000.0,USD,Sothebys,Sports,Basketball,Julius “Dr. J” Erving 1978 NBA All-Star Ring,2026-07-20,https://www.sothebys.com/en/buy/auction/2026/summer-sports-classic,False,1,66.66666666666667,66.66666666666667
https://www.sothebys.com/en/buy/auction/2026/summer-sports-classic/david-robinson-rookie-season-san-antonio-spurs,75000.0,96000.0,75000.0,96000.0,30000.0,50000.0,30000.0,50000.0,USD,Sothebys,Sports,Basketball,"David Robinson ‘Rookie Season’ & 'Sophomore Season' San Antonio Spurs 1989-1990, and 1990-1991 Game Worn Jersey",2026-07-20,https://www.sothebys.com/en/buy/auction/2026/summer-sports-classic,False,1,46.666666666666664,-46.666666666666664
https://www.sothebys.com/en/buy/auction/2026/summer-sports-classic/julius-erving-philadelphia-76ers-1976-1977-signed,16000.0,20480.0,16000.0,20480.0,30000.0,40000.0,30000.0,40000.0,USD,Sothebys,Sports,Basketball,Julius Erving Philadelphia 76ers 1976-1977 Signed and Inscribed Playbook,2026-07-20,https://www.sothebys.com/en/buy/auction/2026/summer-sports-classic,False,1,118.75,118.75
https://www.sothebys.com/en/buy/auction/2026/summer-sports-classic/lebron-james-2009-all-star-game-worn-warmup-jacket,11000.0,14080.0,11000.0,14080.0,30000.0,40000.0,30000.0,40000.0,USD,Sothebys,Sports,Basketball,LeBron James '2009 All-Star' Game Worn Warmup Jacket  | First MVP Season,2026-07-20,https://www.sothebys.com/en/buy/auction/2026/summer-sports-classic,False,1,218.1818181818182,218.1818181818182
https://www.sothebys.com/en/buy/auction/2026/summer-sports-classic/michael-jordan-1996-1997-chicago-bulls-game,19000.0,24320.0,19000.0,24320.0,50000.0,70000.0,50000.0,70000.0,USD,Sothebys,Sports,Basketball,Michael Jordan 1996-1997 Chicago Bulls Game Sneakers | Size 13 | Chicago Bulls Provenance,2026-07-20,https://www.sothebys.com/en/buy/auction/2026/summer-sports-classic,False,1,215.78947368421052,215.78947368421052
https://www.sothebys.com/en/buy/auction/2026/summer-sports-classic/kobe-bryant-2008-nba-all-star-game-worn-warmup-set,38000.0,48640.0,38000.0,48640.0,10000.0,15000.0,10000.0,15000.0,USD,Sothebys,Sports,Basketball,Kobe Bryant ‘2008 NBA All-Star’ Game Worn Warmup Set,2026-07-20,https://www.sothebys.com/en/buy/auction/2026/summer-sports-classic,False,1,67.10526315789474,-67.10526315789474
https://www.sothebys.com/en/buy/auction/2026/summer-sports-classic/nike-zoom-kobe-ii-lite-player-exclusive-sample,1100.0,1408.0,1100.0,1408.0,3000.0,5000.0,3000.0,5000.0,USD,Sothebys,Sports,Basketball,Nike Zoom Kobe II Lite Player Exclusive Sample | Size 14,2026-07-20,https://www.sothebys.com/en/buy/auction/2026/summer-sports-classic,False,1,263.6363636363636,263.6363636363636
https://www.sothebys.com/en/buy/auction/2026/summer-sports-classic/stephen-curry-golden-state-warriors-2015-western,42000.0,53760.0,42000.0,53760.0,40000.0,60000.0,40000.0,60000.0,USD,Sothebys,Sports,Basketball,Stephen Curry Golden State Warriors 2015 'Western Conference Semifinals Clinching' Game Worn and Signed Sneakers | Game 6 | 32 Points | Double-Double | 1st Championship Run,2026-07-20,https://www.sothebys.com/en/buy/auction/2026/summer-sports-classic,False,1,19.047619047619047,19.047619047619047
https://www.sothebys.com/en/buy/auction/2026/summer-sports-classic/kobe-bryant-los-angeles-lakers-2005-2006-game-worn,45000.0,57600.0,45000.0,57600.0,30000.0,50000.0,30000.0,50000.0,USD,Sothebys,Sports,Basketball,Kobe Bryant Los Angeles Lakers 2005-2006 Game Worn and Signed Sneakers | 46 Points,2026-07-20,https://www.sothebys.com/en/buy/auction/2026/summer-sports-classic,False,1,11.11111111111111,-11.11111111111111
https://www.sothebys.com/en/buy/auction/2026/summer-sports-classic/lebron-james-signed-and-inscribed-nike-zoom-lebron,1900.0,2432.0,1900.0,2432.0,5000.0,7000.0,5000.0,7000.0,USD,Sothebys,Sports,Basketball,LeBron James Signed and Inscribed Nike Zoom LeBron 3 'Remix' Sample | Size 16,2026-07-20,https://www.sothebys.com/en/buy/auction/2026/summer-sports-classic,False,1,215.78947368421052,215.78947368421052
https://www.sothebys.com/en/buy/auction/2026/summer-sports-classic/ray-allen-boston-celtics-2008-nba-finals-game-worn,5000.0,6400.0,5000.0,6400.0,10000.0,20000.0,10000.0,20000.0,USD,Sothebys,Sports,Basketball,Ray Allen Boston Celtics 2008 NBA Finals Game Worn Sneakers | Game 5 | Championship Season,2026-07-20,https://www.sothebys.com/en/buy/auction/2026/summer-sports-classic,False,1,200.0,200.0
https://www.sothebys.com/en/buy/auction/2026/summer-sports-classic/nike-hyperdunk-2011-stephen-curry-pe-size-13,2200.0,2816.0,2200.0,2816.0,3000.0,5000.0,3000.0,5000.0,USD,Sothebys,Sports,Basketball,Nike Hyperdunk 2011 'Stephen Curry' PE | Size 13,2026-07-20,https://www.sothebys.com/en/buy/auction/2026/summer-sports-classic,False,1,81.81818181818181,81.81818181818181
https://www.sothebys.com/en/buy/auction/2026/summer-sports-classic/shai-gilgeous-alexander-oklahoma-city-thunder-2019,19000.0,24320.0,19000.0,24320.0,40000.0,60000.0,40000.0,60000.0,USD,Sothebys,Sports,Basketball,Shai Gilgeous-Alexander Oklahoma City Thunder 2019-2020 Game Worn City Edition Jersey,2026-07-20,https://www.sothebys.com/en/buy/auction/2026/summer-sports-classic,False,1,163.1578947368421,163.1578947368421
https://www.sothebys.com/en/buy/auction/2026/summer-sports-classic/kobe-bryant-los-angeles-lakers-2004-2005-game-worn,35000.0,44800.0,35000.0,44800.0,25000.0,45000.0,25000.0,45000.0,USD,Sothebys,Sports,Basketball,Kobe Bryant Los Angeles Lakers 2004-2005 Game Worn and Dual Signed Sneakers,2026-07-20,https://www.sothebys.com/en/buy/auction/2026/summer-sports-classic,False,1,0.0,0.0
https://www.sothebys.com/en/buy/auction/2026/summer-sports-classic/stephen-curry-golden-state-warriors-2014-nba-all,40000.0,49200.0,40000.0,49200.0,60000.0,80000.0,60000.0,80000.0,USD,Sothebys,Sports,Basketball,Stephen Curry Golden State Warriors 2014 NBA All-Star Weekend Game Worn Complete Uniform | Foot Locker Three-Point Contest,2026-07-20,https://www.sothebys.com/en/buy/auction/2026/summer-sports-classic,False,1,75.0,75.0
https://www.sothebys.com/en/buy/auction/2026/summer-sports-classic/dirk-nowitzki-dallas-mavericks-2010-2011-game-worn,55000.0,70400.0,55000.0,70400.0,15000.0,25000.0,15000.0,25000.0,USD,Sothebys,Sports,Basketball,Dirk Nowitzki Dallas Mavericks 2010-2011 Game Worn Jersey  | Matched to 9 Games | Championship Season,2026-07-20,https://www.sothebys.com/en/buy/auction/2026/summer-sports-classic,False,1,63.63636363636363,-63.63636363636363
https://www.sothebys.com/en/buy/auction/2026/summer-sports-classic/nikola-jokic-signed-nike-air-zoom-g-t-jump-player,2500.0,3200.0,2500.0,3200.0,2000.0,4000.0,2000.0,4000.0,USD,Sothebys,Sports,Basketball,Nikola Jokic Signed Nike Air Zoom G.T. Jump Player Exclusive Sneakers | Size 15,2026-07-20,https://www.sothebys.com/en/buy/auction/2026/summer-sports-classic,False,1,20.0,20.0
https://www.sothebys.com/en/buy/auction/2026/summer-sports-classic/giannis-antetokounmpo-milwaukee-bucks-2022-2023,25000.0,30750.0,25000.0,30750.0,30000.0,50000.0,30000.0,50000.0,USD,Sothebys,Sports,Basketball,Giannis Antetokounmpo Milwaukee Bucks 2022-2023 Game Worn Association Edition Jersey | 45 Points | Career High 22 Rebounds | Double-Double,2026-07-20,https://www.sothebys.com/en/buy/auction/2026/summer-sports-classic,False,1,60.0,60.0
https://www.sothebys.com/en/buy/auction/2026/summer-sports-classic/nike-zoom-kobe-1-x-stash-x-nort-sample-set-signed,2200.0,2816.0,2200.0,2816.0,8000.0,12000.0,8000.0,12000.0,USD,Sothebys,Pop Culture,N/A,Nike Zoom Kobe 1 x Stash x NORT Sample Set Signed by Stash | Size 8.5,2026-07-20,https://www.sothebys.com/en/buy/auction/2026/summer-sports-classic,False,1,354.54545454545456,354.54545454545456
https://www.sothebys.com/en/buy/auction/2026/summer-sports-classic/stephen-curry-christmas-day-golden-state-warriors,28000.0,35840.0,28000.0,35840.0,50000.0,70000.0,50000.0,70000.0,USD,Sothebys,Sports,Basketball,Stephen Curry ‘Christmas Day’ Golden State Warriors 2020-2021 Game Worn Jersey,2026-07-20,https://www.sothebys.com/en/buy/auction/2026/summer-sports-classic,False,1,114.28571428571429,114.28571428571429
https://www.sothebys.com/en/buy/auction/2026/summer-sports-classic/shai-gilgeous-alexander-oklahoma-city-thunder-2020,20000.0,25600.0,20000.0,25600.0,15000.0,25000.0,15000.0,25000.0,USD,Sothebys,Sports,Basketball,Shai Gilgeous-Alexander Oklahoma City Thunder 2020-2021 Game Worn City Edition Jersey | Media Day,2026-07-20,https://www.sothebys.com/en/buy/auction/2026/summer-sports-classic,False,1,0.0,0.0
https://www.sothebys.com/en/buy/auction/2026/summer-sports-classic/set-of-two-nike-zoom-kobe-iv-and-zoom-kobe-v-think,1100.0,1408.0,1100.0,1408.0,2000.0,4000.0,2000.0,4000.0,USD,Sothebys,Sports,Basketball,"Set of Two | Nike Zoom Kobe IV and Zoom Kobe V ""Think Pink"" Promo Samples, Sizes 6 and 7",2026-07-20,https://www.sothebys.com/en/buy/auction/2026/summer-sports-classic,False,1,172.72727272727272,172.72727272727272
https://www.sothebys.com/en/buy/auction/2026/summer-sports-classic/deni-avdija-portland-trail-blazers-2025-2026-game,4800.0,6144.0,4800.0,6144.0,10000.0,15000.0,10000.0,15000.0,USD,Sothebys,Sports,Basketball,Deni Avdija Portland Trail Blazers 2025-2026 Game Worn Icon Edition Jersey | 2 Double-Doubles | Matched to 6 Games,2026-07-20,https://www.sothebys.com/en/buy/auction/2026/summer-sports-classic,False,1,160.41666666666666,160.41666666666666
https://www.sothebys.com/en/buy/auction/2026/summer-sports-classic/lamelo-ball-charlotte-hornets-2020-2021-game-worn,22000.0,28160.0,22000.0,28160.0,30000.0,50000.0,30000.0,50000.0,USD,Sothebys,Sports,Basketball,LaMelo Ball Charlotte Hornets 2020-2021 Game Worn Icon Edition Jersey | 2nd Career Game | 1st Career Points | 1st Home Game | Rookie Season,2026-07-20,https://www.sothebys.com/en/buy/auction/2026/summer-sports-classic,False,1,81.81818181818181,81.81818181818181
https://www.sothebys.com/en/buy/auction/2026/summer-sports-classic/austin-reaves-christmas-day-los-angeles-lakers,3800.0,4864.0,3800.0,4864.0,6000.0,8000.0,6000.0,8000.0,USD,Sothebys,Sports,Basketball,Austin Reaves 'Christmas Game Debut' Los Angeles Lakers 2022-2023 Game Worn City Edition Jersey | Christmas Game Debut,2026-07-20,https://www.sothebys.com/en/buy/auction/2026/summer-sports-classic,False,1,84.21052631578948,84.21052631578948
https://www.sothebys.com/en/buy/auction/2026/summer-sports-classic/yao-ming-signed-nike-uptempo-max-3-4-player,2000.0,2560.0,2000.0,2560.0,2000.0,4000.0,2000.0,4000.0,USD,Sothebys,Sports,Basketball,Yao Ming Signed Nike Uptempo Max 3/4 Player Exclusive  | Size 18,2026-07-20,https://www.sothebys.com/en/buy/auction/2026/summer-sports-classic,False,1,50.0,50.0
https://www.sothebys.com/en/buy/auction/2026/summer-sports-classic/jamal-murray-denver-nuggets-2023-nba-finals-game,20000.0,25600.0,20000.0,25600.0,20000.0,30000.0,20000.0,30000.0,USD,Sothebys,Sports,Basketball,Jamal Murray Denver Nuggets 2023 NBA Finals Game Worn Icon Edition Jersey | Triple Double | First Pair of Teammates to Record 30-Point Triple-Doubles in NBA History,2026-07-20,https://www.sothebys.com/en/buy/auction/2026/summer-sports-classic,False,1,25.0,25.0
https://www.sothebys.com/en/buy/auction/2026/summer-sports-classic/kobe-bryant-signed-adidas-kobe-ii-graphite-size-14,3500.0,4480.0,3500.0,4480.0,5000.0,7000.0,5000.0,7000.0,USD,Sothebys,Sports,Basketball,Kobe Bryant Signed Adidas Kobe II 'Graphite' | Size 14,2026-07-20,https://www.sothebys.com/en/buy/auction/2026/summer-sports-classic,False,1,71.42857142857143,71.42857142857143
https://www.sothebys.com/en/buy/auction/2026/summer-sports-classic/2026-australian-open-finals-match-used-net-alcaraz,4000.0,5120.0,4000.0,5120.0,20000.0,30000.0,20000.0,30000.0,USD,Sothebys,Sports,Tennis,2026 Australian Open Finals Match Used Net | Alcaraz 1st Australian Open title and completed career Grand Slam,2026-07-20,https://www.sothebys.com/en/buy/auction/2026/summer-sports-classic,False,1,525.0,525.0
https://www.sothebys.com/en/buy/auction/2026/summer-sports-classic/jessica-pegula-2025-us-open-quarterfinal-match,900.0,1152.0,900.0,1152.0,5000.0,7000.0,5000.0,7000.0,USD,Sothebys,Sports,Tennis,Jessica Pegula 2025 US Open Quarterfinal Match Worn Dress,2026-07-20,https://www.sothebys.com/en/buy/auction/2026/summer-sports-classic,False,1,566.6666666666666,566.6666666666666
https://www.sothebys.com/en/buy/auction/2026/summer-sports-classic/tommy-paul-2025-us-open-2nd-round-match-worn-shirt,500.0,640.0,500.0,640.0,3000.0,5000.0,3000.0,5000.0,USD,Sothebys,Sports,Tennis,Tommy Paul 2025 US Open 2nd Round Match Worn Shirt,2026-07-20,https://www.sothebys.com/en/buy/auction/2026/summer-sports-classic,False,1,700.0,700.0
https://www.sothebys.com/en/buy/auction/2026/summer-sports-classic/michael-jordan-1989-all-star-game-game-worn-and,95000.0,121600.0,95000.0,121600.0,200000.0,300000.0,200000.0,300000.0,USD,Sothebys,Sports,Basketball,Michael Jordan 1989 All-Star Game Game Worn and Signed Air Jordan IV | Introduction of Air Jordan IV,2026-07-20,https://www.sothebys.com/en/buy/auction/2026/summer-sports-classic,False,1,163.1578947368421,163.1578947368421
https://www.sothebys.com/en/buy/auction/2026/nba-auctions-weekly-2026-playoffs-part-ii/ron-holland-ii-detroit-pistons-2026-nba-playoffs,320.0,384.0,320.0,384.0,1000.0,2000.0,1000.0,2000.0,USD,Sothebys,Sports,Basketball,Ron Holland II Detroit Pistons 2026 NBA Playoffs Eastern Conference Round 1 Game Worn Association Edition Jersey | Game 1,2026-06-08,https://www.sothebys.com/en/buy/auction/2026/nba-auctions-weekly-2026-playoffs-part-ii?lotFilter=AllLots,False,1,368.75,368.75
https://www.sothebys.com/en/buy/auction/2026/nba-auctions-weekly-2026-playoffs-part-ii/marcus-smart-los-angeles-lakers-2026-nba-playoffs,1386.67,1664.0,1386.67,1664.0,500.0,1000.0,500.0,1000.0,USD,Sothebys,Sports,Basketball,Marcus Smart Los Angeles Lakers 2026 NBA Playoffs Western Conference Round 1 Game Worn Icon Edition Jersey | Game 1,2026-06-08,https://www.sothebys.com/en/buy/auction/2026/nba-auctions-weekly-2026-playoffs-part-ii?lotFilter=AllLots,False,1,45.91359155386646,-45.91359155386646
https://www.sothebys.com/en/buy/auction/2026/original-film-posters-l26102/one-hundred-and-one-dalmatians-1961,1386.67,1664.0,1755.07,2106.08,800.0,1000.0,1012.54,1265.67,GBP,Sothebys,Pop Culture,N/A,One Hundred and One Dalmatians (1961),2026-05-20,https://www.sothebys.com/en/buy/auction/2026/original-film-posters-l26102,False,1,35.09630986463975,-35.09630986463975
https://www.sothebys.com/en/buy/auction/2026/original-film-posters-l26102/cleopatra-1917,4266.67,5120.0,5400.21,6480.25,5000.0,7000.0,6328.37,8859.72,GBP,Sothebys,Pop Culture,N/A,Cleopatra (1917),2026-05-20,https://www.sothebys.com/en/buy/auction/2026/original-film-posters-l26102,False,1,40.62489013680458,40.62489013680458
https://www.sothebys.com/en/buy/auction/2026/original-film-posters-l26102/back-to-the-future-1985,4053.33,4864.0,5130.2,6156.24,800.0,1000.0,1012.54,1265.67,GBP,Sothebys,Pop Culture,N/A,Back to the Future (1985),2026-05-20,https://www.sothebys.com/en/buy/auction/2026/original-film-posters-l26102,False,1,77.7960343717388,-77.7960343717388
https://www.sothebys.com/en/buy/auction/2026/original-film-posters-l26102/il-buono-il-brutto-il-cattivo-the-good-the-bad-and,2026.67,2432.0,2565.1,3078.12,1500.0,2500.0,1898.51,3164.19,GBP,Sothebys,Pop Culture,N/A,"Il Buono Il Brutto Il Cattivo / The Good, the Bad and the Ugly (1966)",2026-05-20,https://www.sothebys.com/en/buy/auction/2026/original-film-posters-l26102,False,1,1.3159517829740448,-1.3159517829740448
https://www.sothebys.com/en/buy/auction/2026/original-film-posters-l26102/attack-of-the-50-foot-woman-1958,2346.67,2816.0,2970.12,3564.14,2000.0,3000.0,2531.35,3797.02,GBP,Sothebys,Pop Culture,N/A,Attack of the 50 Foot Woman (1958),2026-05-20,https://www.sothebys.com/en/buy/auction/2026/original-film-posters-l26102,False,1,6.533939582472181,6.533939582472181
https://www.sothebys.com/en/buy/auction/2026/original-film-posters-l26102/breakfast-at-tiffanys-1961,960.0,1152.0,1215.05,1458.06,800.0,1000.0,1012.54,1265.67,GBP,Sothebys,Pop Culture,N/A,Breakfast at Tiffany's (1961),2026-05-20,https://www.sothebys.com/en/buy/auction/2026/original-film-posters-l26102,False,1,6.25,-6.25
https://www.sothebys.com/en/buy/auction/2026/original-film-posters-l26102/the-empire-strikes-back-1980,2986.67,3584.0,3780.15,4536.18,2000.0,3000.0,2531.35,3797.02,GBP,Sothebys,Pop Culture,N/A,The Empire Strikes Back (1980),2026-05-20,https://www.sothebys.com/en/buy/auction/2026/original-film-posters-l26102,False,1,16.29473627819612,-16.29473627819612
https://www.sothebys.com/en/buy/auction/2026/original-film-posters-l26102/tintin-et-les-oranges-bleues-1964,4053.33,4864.0,5130.2,6156.24,1000.0,1500.0,1265.67,1898.51,GBP,Sothebys,Pop Culture,N/A,Tintin et les Oranges Bleues (1964),2026-05-20,https://www.sothebys.com/en/buy/auction/2026/original-film-posters-l26102,False,1,69.16115884963722,-69.16115884963722
https://www.sothebys.com/en/buy/auction/2026/original-film-posters-l26102/alice-in-wonderland-alice-au-pays-des-merveilles,10133.33,12160.0,12825.5,15390.6,7000.0,10000.0,8859.72,12656.74,GBP,Sothebys,Pop Culture,N/A,Alice in Wonderland / Alice au Pays des Merveilles (1951),2026-05-20,https://www.sothebys.com/en/buy/auction/2026/original-film-posters-l26102,False,1,16.118393459997847,-16.118393459997847
https://www.sothebys.com/en/buy/auction/2026/original-film-posters-l26102/the-outlaw-1943,4800.0,5760.0,6075.24,7290.28,6000.0,8000.0,7594.05,10125.4,GBP,Sothebys,Pop Culture,N/A,The Outlaw (1943),2026-05-20,https://www.sothebys.com/en/buy/auction/2026/original-film-posters-l26102,False,1,45.833333333333336,45.833333333333336
https://www.sothebys.com/en/buy/auction/2026/original-film-posters-l26102/a-view-to-a-kill-1985,4480.0,5376.0,5670.22,6804.27,2000.0,3000.0,2531.35,3797.02,GBP,Sothebys,Pop Culture,N/A,A View to a Kill (1985),2026-05-20,https://www.sothebys.com/en/buy/auction/2026/original-film-posters-l26102,False,1,44.19642857142857,-44.19642857142857
https://www.sothebys.com/en/buy/auction/2026/original-film-posters-l26102/goldfinger-1964-2,2026.67,2432.0,2565.1,3078.12,2000.0,3000.0,2531.35,3797.02,GBP,Sothebys,Pop Culture,N/A,Goldfinger (1964),2026-05-20,https://www.sothebys.com/en/buy/auction/2026/original-film-posters-l26102,False,1,23.355060271282444,23.355060271282444
https://www.sothebys.com/en/buy/auction/2026/original-film-posters-l26102/the-jungle-book-1967,5333.33,6400.0,6750.26,8100.32,6000.0,8000.0,7594.05,10125.4,GBP,Sothebys,Pop Culture,N/A,The Jungle Book (1967),2026-05-20,https://www.sothebys.com/en/buy/auction/2026/original-film-posters-l26102,False,1,31.25008203130127,31.25008203130127
https://www.sothebys.com/en/buy/auction/2026/original-film-posters-l26102/diamonds-are-forever-1971,4480.0,5376.0,5670.22,6804.27,2000.0,3000.0,2531.35,3797.02,GBP,Sothebys,Pop Culture,N/A,Diamonds are Forever (1971),2026-05-20,https://www.sothebys.com/en/buy/auction/2026/original-film-posters-l26102,False,1,44.19642857142857,-44.19642857142857
https://www.sothebys.com/en/buy/auction/2026/original-film-posters-l26102/who-framed-roger-rabbit-1988,2026.67,2432.0,2565.1,3078.12,1000.0,1500.0,1265.67,1898.51,GBP,Sothebys,Pop Culture,N/A,Who Framed Roger Rabbit (1988),2026-05-20,https://www.sothebys.com/en/buy/auction/2026/original-film-posters-l26102,False,1,38.32246986435877,-38.32246986435877
https://www.sothebys.com/en/buy/auction/2026/original-film-posters-l26102/revenge-of-the-pink-panther-1978,17066.67,20480.0,21600.85,25921.01,800.0,1200.0,1012.54,1518.81,GBP,Sothebys,Pop Culture,N/A,Revenge of the Pink Panther (1978),2026-05-20,https://www.sothebys.com/en/buy/auction/2026/original-film-posters-l26102,False,1,94.14062614440896,-94.14062614440896
https://www.sothebys.com/en/buy/auction/2026/original-film-posters-l26102/cabaret-kabaret-1972,853.33,1024.0,1080.04,1296.05,800.0,1200.0,1012.54,1518.81,GBP,Sothebys,Pop Culture,N/A,Cabaret / Kabaret (1972),2026-05-20,https://www.sothebys.com/en/buy/auction/2026/original-film-posters-l26102,False,1,17.187957765460016,17.187957765460016
https://www.sothebys.com/en/buy/auction/2026/original-film-posters-l26102/bambi-1942,1920.0,2304.0,2430.09,2916.11,2000.0,3000.0,2531.35,3797.02,GBP,Sothebys,Pop Culture,N/A,Bambi (1942),2026-05-20,https://www.sothebys.com/en/buy/auction/2026/original-film-posters-l26102,False,1,30.208333333333332,30.208333333333332
https://www.sothebys.com/en/buy/auction/2026/original-film-posters-l26102/you-only-live-twice-1967,853.33,1024.0,1080.04,1296.05,2000.0,3000.0,2531.35,3797.02,GBP,Sothebys,Pop Culture,N/A,You Only Live Twice (1967),2026-05-20,https://www.sothebys.com/en/buy/auction/2026/original-film-posters-l26102,False,1,192.96989441365005,192.96989441365005
https://www.sothebys.com/en/buy/auction/2026/original-film-posters-l26102/thunderball-1965-3,853.33,1024.0,1080.04,1296.05,2000.0,3000.0,2531.35,3797.02,GBP,Sothebys,Pop Culture,N/A,Thunderball (1965),2026-05-20,https://www.sothebys.com/en/buy/auction/2026/original-film-posters-l26102,False,1,192.96989441365005,192.96989441365005
https://www.sothebys.com/en/buy/auction/2026/original-film-posters-l26102/zabriskie-point-1970,1066.67,1280.0,1350.06,1620.06,1500.0,2500.0,1898.51,3164.19,GBP,Sothebys,Pop Culture,N/A,Zabriskie Point (1970),2026-05-20,https://www.sothebys.com/en/buy/auction/2026/original-film-posters-l26102,False,1,87.49941406433105,87.49941406433105
https://www.sothebys.com/en/buy/auction/2026/original-film-posters-l26102/high-society-1956,853.33,1024.0,1080.04,1296.05,1000.0,1500.0,1265.67,1898.51,GBP,Sothebys,Pop Culture,N/A,High Society (1956),2026-05-20,https://www.sothebys.com/en/buy/auction/2026/original-film-posters-l26102,False,1,46.48494720682502,46.48494720682502
https://www.sothebys.com/en/buy/auction/2026/original-film-posters-l26102/the-man-with-the-golden-gun-1974,6400.0,7680.0,8100.32,9720.38,4000.0,6000.0,5062.7,7594.05,GBP,Sothebys,Pop Culture,N/A,The Man with the Golden Gun (1974),2026-05-20,https://www.sothebys.com/en/buy/auction/2026/original-film-posters-l26102,False,1,21.875,-21.875
https://www.sothebys.com/en/buy/auction/2026/original-film-posters-l26102/jaws-1975-2,1173.33,1408.0,1485.05,1782.07,1500.0,2000.0,1898.51,2531.35,GBP,Sothebys,Pop Culture,N/A,Jaws (1975),2026-05-20,https://www.sothebys.com/en/buy/auction/2026/original-film-posters-l26102,False,1,49.14815098906532,49.14815098906532
https://www.sothebys.com/en/buy/auction/2026/original-film-posters-l26102/a-k-a-cassius-clay-muhammad-ali-skill-brains-and,2560.0,3072.0,3240.13,3888.15,2000.0,3000.0,2531.35,3797.02,GBP,Sothebys,Pop Culture,N/A,"Skill, Brains and Guts (1970)",2026-05-20,https://www.sothebys.com/en/buy/auction/2026/original-film-posters-l26102,False,1,2.34375,-2.34375
https://www.sothebys.com/en/buy/auction/2026/original-film-posters-l26102/thunderball-1965,8533.33,10240.0,10800.42,12960.51,6000.0,9000.0,7594.05,11391.07,GBP,Sothebys,Pop Culture,N/A,Thunderball (1965),2026-05-20,https://www.sothebys.com/en/buy/auction/2026/original-film-posters-l26102,False,1,12.109340667711198,-12.109340667711198
https://www.sothebys.com/en/buy/auction/2026/original-film-posters-l26102/le-mans-1971,4266.67,5120.0,5400.21,6480.25,2000.0,3000.0,2531.35,3797.02,GBP,Sothebys,Automotive,N/A,Le Mans (1971),2026-05-20,https://www.sothebys.com/en/buy/auction/2026/original-film-posters-l26102,False,1,41.406295776331426,-41.406295776331426
https://www.sothebys.com/en/buy/auction/2026/original-film-posters-l26102/singin-in-the-rain-1952-2,1066.67,1280.0,1350.06,1620.06,1500.0,2000.0,1898.51,2531.35,GBP,Sothebys,Pop Culture,N/A,Singin' in the Rain (1952),2026-05-20,https://www.sothebys.com/en/buy/auction/2026/original-film-posters-l26102,False,1,64.06198730628967,64.06198730628967
https://www.sothebys.com/en/buy/auction/2026/original-film-posters-l26102/the-party-1968,3200.0,3840.0,4050.16,4860.19,800.0,1000.0,1012.54,1265.67,GBP,Sothebys,Pop Culture,N/A,The Party (1968),2026-05-20,https://www.sothebys.com/en/buy/auction/2026/original-film-posters-l26102,False,1,71.875,-71.875
https://www.sothebys.com/en/buy/auction/2026/original-film-posters-l26102/the-graduate-1967,2346.67,2816.0,2970.12,3564.14,1500.0,2000.0,1898.51,2531.35,GBP,Sothebys,Pop Culture,N/A,The Graduate (1967),2026-05-20,https://www.sothebys.com/en/buy/auction/2026/original-film-posters-l26102,False,1,25.426242292269475,-25.426242292269475
https://www.sothebys.com/en/buy/auction/2026/original-film-posters-l26102/vertigo-1958,1706.67,2048.0,2160.09,2592.1,2000.0,3000.0,2531.35,3797.02,GBP,Sothebys,Pop Culture,N/A,Vertigo (1958),2026-05-20,https://www.sothebys.com/en/buy/auction/2026/original-film-posters-l26102,False,1,46.48408889826387,46.48408889826387
https://www.sothebys.com/en/buy/auction/2026/original-film-posters-l26102/my-fair-lady-1964,1173.33,1408.0,1485.05,1782.07,1000.0,1500.0,1265.67,1898.51,GBP,Sothebys,Pop Culture,N/A,My Fair Lady (1964),2026-05-20,https://www.sothebys.com/en/buy/auction/2026/original-film-posters-l26102,False,1,6.534393563618085,6.534393563618085
https://www.sothebys.com/en/buy/auction/2026/original-film-posters-l26102/godzilla-1954,3200.0,3840.0,4050.16,4860.19,3000.0,5000.0,3797.02,6328.37,GBP,Sothebys,Pop Culture,N/A,Godzilla (1954),2026-05-20,https://www.sothebys.com/en/buy/auction/2026/original-film-posters-l26102,False,1,25.0,25.0
https://www.sothebys.com/en/buy/auction/2026/original-film-posters-l26102/the-wizard-of-oz-1939,3200.0,3840.0,4050.16,4860.19,1500.0,2000.0,1898.51,2531.35,GBP,Sothebys,Pop Culture,N/A,The Wizard of Oz (1939),2026-05-20,https://www.sothebys.com/en/buy/auction/2026/original-film-posters-l26102,False,1,45.3125,-45.3125
https://www.sothebys.com/en/buy/auction/2026/original-film-posters-l26102/the-sound-of-music-1965,3733.33,4480.0,4725.18,5670.22,1000.0,1500.0,1265.67,1898.51,GBP,Sothebys,Pop Culture,N/A,The Sound of Music (1965),2026-05-20,https://www.sothebys.com/en/buy/auction/2026/original-film-posters-l26102,False,1,66.51782724806004,-66.51782724806004
https://www.sothebys.com/en/buy/auction/2026/original-film-posters-l26102/la-dolce-vita-1960,23466.67,28160.0,29701.16,35641.39,15000.0,20000.0,18985.12,25313.49,GBP,Sothebys,Pop Culture,N/A,La Dolce Vita (1960),2026-05-20,https://www.sothebys.com/en/buy/auction/2026/original-film-posters-l26102,False,1,25.426146956513207,-25.426146956513207
https://www.sothebys.com/en/buy/auction/2026/original-film-posters-l26102/pinocchio-1940,2133.33,2560.0,2700.1,3240.13,3000.0,5000.0,3797.02,6328.37,GBP,Sothebys,Pop Culture,N/A,Pinocchio (1940),2026-05-20,https://www.sothebys.com/en/buy/auction/2026/original-film-posters-l26102,False,1,87.50029296920776,87.50029296920776
https://www.sothebys.com/en/buy/auction/2026/original-film-posters-l26102/return-of-the-jedi-1983,1280.0,1536.0,1620.06,1944.08,2000.0,3000.0,2531.35,3797.02,GBP,Sothebys,Pop Culture,N/A,Return of the Jedi (1983),2026-05-20,https://www.sothebys.com/en/buy/auction/2026/original-film-posters-l26102,False,1,95.3125,95.3125
https://www.sothebys.com/en/buy/auction/2026/original-film-posters-l26102/the-italian-job-1969,1280.0,1536.0,1620.06,1944.08,2000.0,3000.0,2531.35,3797.02,GBP,Sothebys,Pop Culture,N/A,The Italian Job (1969),2026-05-20,https://www.sothebys.com/en/buy/auction/2026/original-film-posters-l26102,False,1,95.3125,95.3125
https://www.sothebys.com/en/buy/auction/2026/original-film-posters-l26102/the-spy-who-loved-me-1977,4053.33,4864.0,5130.2,6156.24,3000.0,5000.0,3797.02,6328.37,GBP,Sothebys,Pop Culture,N/A,The Spy Who Loved Me (1977),2026-05-20,https://www.sothebys.com/en/buy/auction/2026/original-film-posters-l26102,False,1,1.3157083188390761,-1.3157083188390761
https://www.sothebys.com/en/buy/auction/2026/original-film-posters-l26102/casablanca-1942,3200.0,3840.0,4050.16,4860.19,3000.0,5000.0,3797.02,6328.37,GBP,Sothebys,Pop Culture,N/A,Casablanca (1942),2026-05-20,https://www.sothebys.com/en/buy/auction/2026/original-film-posters-l26102,False,1,25.0,25.0
https://www.sothebys.com/en/buy/auction/2026/original-film-posters-l26102/the-endless-summer-1966,1386.67,1664.0,1755.07,2106.08,1000.0,1500.0,1265.67,1898.51,GBP,Sothebys,Pop Culture,N/A,The Endless Summer (1966),2026-05-20,https://www.sothebys.com/en/buy/auction/2026/original-film-posters-l26102,False,1,9.855985923110767,-9.855985923110767
https://www.sothebys.com/en/buy/auction/2026/original-film-posters-l26102/a-hard-days-night-1964,1706.67,2048.0,2160.09,2592.1,2000.0,3000.0,2531.35,3797.02,GBP,Sothebys,Pop Culture,N/A,A Hard Day's Night (1964),2026-05-20,https://www.sothebys.com/en/buy/auction/2026/original-film-posters-l26102,False,1,46.48408889826387,46.48408889826387
https://www.sothebys.com/en/buy/auction/2026/original-film-posters-l26102/goldfinger-agente-007-missione-goldfinger-1964,3413.33,4096.0,4320.16,5184.2,3000.0,5000.0,3797.02,6328.37,GBP,Sothebys,Pop Culture,N/A,"Goldfinger / Agente 007, Missione Goldfinger",2026-05-20,https://www.sothebys.com/en/buy/auction/2026/original-film-posters-l26102,False,1,17.18761444102973,17.18761444102973
https://www.sothebys.com/en/buy/auction/2026/original-film-posters-l26102/gone-with-the-wind-1939-2,1280.0,1536.0,1620.06,1944.08,1500.0,2500.0,1898.51,3164.19,GBP,Sothebys,Pop Culture,N/A,Gone with the Wind (1939),2026-05-20,https://www.sothebys.com/en/buy/auction/2026/original-film-posters-l26102,False,1,56.25,56.25
https://www.sothebys.com/en/buy/auction/2026/original-film-posters-l26102/belle-de-jour-1967,746.67,896.0,945.04,1134.04,1000.0,1500.0,1265.67,1898.51,GBP,Sothebys,Pop Culture,N/A,Belle de Jour (1967),2026-05-20,https://www.sothebys.com/en/buy/auction/2026/original-film-posters-l26102,False,1,67.40996691979055,67.40996691979055
https://www.sothebys.com/en/buy/auction/2026/original-film-posters-l26102/avec-le-sourire-with-a-smile-1936,213.33,256.0,270.01,324.01,1000.0,1500.0,1265.67,1898.51,GBP,Sothebys,Pop Culture,N/A,Avec le Sourire / With a Smile (1936),2026-05-20,https://www.sothebys.com/en/buy/auction/2026/original-film-posters-l26102,False,1,485.94665541649084,485.94665541649084
https://www.sothebys.com/en/buy/auction/2026/original-film-posters-l26102/octopussy-1983,5866.67,7040.0,7425.29,8910.35,3000.0,5000.0,3797.02,6328.37,GBP,Sothebys,Pop Culture,N/A,Octopussy (1983),2026-05-20,https://www.sothebys.com/en/buy/auction/2026/original-film-posters-l26102,False,1,31.81822055782923,-31.81822055782923
https://www.sothebys.com/en/buy/auction/2026/original-film-posters-l26102/ferris-buellers-day-off-1986,5333.33,6400.0,6750.26,8100.32,4000.0,6000.0,5062.7,7594.05,GBP,Sothebys,Pop Culture,N/A,Ferris Bueller's Day Off (1986),2026-05-20,https://www.sothebys.com/en/buy/auction/2026/original-film-posters-l26102,False,1,6.249941406213377,-6.249941406213377
https://www.sothebys.com/en/buy/auction/2026/original-film-posters-l26102/the-mark-of-zorro-il-segno-di-zorro-1940,2346.67,2816.0,2970.12,3564.14,3000.0,5000.0,3797.02,6328.37,GBP,Sothebys,Pop Culture,N/A,The Mark of Zorro / Il Segno di Zorro (1940),2026-05-20,https://www.sothebys.com/en/buy/auction/2026/original-film-posters-l26102,False,1,70.45430333195549,70.45430333195549
https://www.sothebys.com/en/buy/auction/2026/original-film-posters-l26102/you-only-live-twice-si-vive-solo-due-volte-1967,5866.67,7040.0,7425.29,8910.35,2000.0,3000.0,2531.35,3797.02,GBP,Sothebys,Pop Culture,N/A,You Only Live Twice / Si Vive Solo Due Volte (1967),2026-05-20,https://www.sothebys.com/en/buy/auction/2026/original-film-posters-l26102,False,1,57.38638784864327,-57.38638784864327
https://www.sothebys.com/en/buy/auction/2026/original-film-posters-l26102/akira-1988,9600.0,11520.0,12150.47,14580.57,2000.0,3000.0,2531.35,3797.02,GBP,Sothebys,Pop Culture,N/A,Akira (1988),2026-05-20,https://www.sothebys.com/en/buy/auction/2026/original-film-posters-l26102,False,1,73.95833333333333,-73.95833333333333
https://www.sothebys.com/en/buy/auction/2026/original-film-posters-l26102/blow-up-1966,2346.67,2816.0,2970.12,3564.14,2000.0,3000.0,2531.35,3797.02,GBP,Sothebys,Pop Culture,N/A,Blow-Up (1966),2026-05-20,https://www.sothebys.com/en/buy/auction/2026/original-film-posters-l26102,False,1,6.533939582472181,6.533939582472181
https://www.sothebys.com/en/buy/auction/2026/original-film-posters-l26102/star-wars-1977-3,2560.0,3072.0,3240.13,3888.15,2000.0,3000.0,2531.35,3797.02,GBP,Sothebys,Pop Culture,N/A,Star Wars (1977),2026-05-20,https://www.sothebys.com/en/buy/auction/2026/original-film-posters-l26102,False,1,2.34375,-2.34375
https://www.sothebys.com/en/buy/auction/2026/original-film-posters-l26102/the-hustler-1961,2346.67,2816.0,2970.12,3564.14,1000.0,1500.0,1265.67,1898.51,GBP,Sothebys,Pop Culture,N/A,The Hustler (1961),2026-05-20,https://www.sothebys.com/en/buy/auction/2026/original-film-posters-l26102,False,1,46.73303020876391,-46.73303020876391
https://www.sothebys.com/en/buy/auction/2026/original-film-posters-l26102/batman-the-movie-1966,2560.0,3072.0,3240.13,3888.15,2000.0,3000.0,2531.35,3797.02,GBP,Sothebys,Pop Culture,N/A,Batman: The Movie (1966),2026-05-20,https://www.sothebys.com/en/buy/auction/2026/original-film-posters-l26102,False,1,2.34375,-2.34375
https://www.sothebys.com/en/buy/auction/2026/original-film-posters-l26102/cool-hand-luke-1967,1280.0,1536.0,1620.06,1944.08,1200.0,1800.0,1518.81,2278.21,GBP,Sothebys,Pop Culture,N/A,Cool Hand Luke (1967),2026-05-20,https://www.sothebys.com/en/buy/auction/2026/original-film-posters-l26102,False,1,17.1875,17.1875
https://www.sothebys.com/en/buy/auction/2026/original-film-posters-l26102/a-hard-days-night-1964-2,1920.0,2304.0,2430.09,2916.11,1500.0,2000.0,1898.51,2531.35,GBP,Sothebys,Pop Culture,N/A,A Hard Day's Night (1964),2026-05-20,https://www.sothebys.com/en/buy/auction/2026/original-film-posters-l26102,False,1,8.854166666666666,-8.854166666666666
https://www.sothebys.com/en/buy/auction/2026/original-film-posters-l26102/funny-face-1956,2133.33,2560.0,2700.1,3240.13,2600.0,3500.0,3290.75,4429.86,GBP,Sothebys,Pop Culture,N/A,Funny Face (1956),2026-05-20,https://www.sothebys.com/en/buy/auction/2026/original-film-posters-l26102,False,1,42.968973389020924,42.968973389020924
https://www.sothebys.com/en/buy/auction/2026/original-film-posters-l26102/grease-1978,4266.67,5120.0,5400.21,6480.25,3000.0,5000.0,3797.02,6328.37,GBP,Sothebys,Pop Culture,N/A,Grease (1978),2026-05-20,https://www.sothebys.com/en/buy/auction/2026/original-film-posters-l26102,False,1,6.250073242130282,-6.250073242130282
https://www.sothebys.com/en/buy/auction/2026/original-film-posters-l26102/sabrina-1954,3733.33,4480.0,4725.18,5670.22,3000.0,5000.0,3797.02,6328.37,GBP,Sothebys,Pop Culture,N/A,Sabrina (1954),2026-05-20,https://www.sothebys.com/en/buy/auction/2026/original-film-posters-l26102,False,1,7.142952806207865,7.142952806207865
https://www.sothebys.com/en/buy/auction/2026/original-film-posters-l26102/help-1965,2560.0,3072.0,3240.13,3888.15,2000.0,3000.0,2531.35,3797.02,GBP,Sothebys,Pop Culture,N/A,Help! (1965),2026-05-20,https://www.sothebys.com/en/buy/auction/2026/original-film-posters-l26102,False,1,2.34375,-2.34375
https://www.sothebys.com/en/buy/auction/2026/original-film-posters-l26102/goldfinger-1964,6933.33,8320.0,8775.34,10530.41,7000.0,10000.0,8859.72,12656.74,GBP,Sothebys,Pop Culture,N/A,Goldfinger (1964),2026-05-20,https://www.sothebys.com/en/buy/auction/2026/original-film-posters-l26102,False,1,22.596212786640763,22.596212786640763
https://www.sothebys.com/en/buy/auction/2026/original-film-posters-l26102/bringing-up-baby-1938,6400.0,7680.0,8100.32,9720.38,8000.0,12000.0,10125.4,15188.09,GBP,Sothebys,Pop Culture,N/A,Bringing Up Baby (1938),2026-05-20,https://www.sothebys.com/en/buy/auction/2026/original-film-posters-l26102,False,1,56.25,56.25
https://www.sothebys.com/en/buy/auction/2026/original-film-posters-l26102/the-great-escape-1963,5333.33,6400.0,6750.26,8100.32,3000.0,5000.0,3797.02,6328.37,GBP,Sothebys,Pop Culture,N/A,The Great Escape (1963),2026-05-20,https://www.sothebys.com/en/buy/auction/2026/original-film-posters-l26102,False,1,24.999953124970702,-24.999953124970702
https://www.sothebys.com/en/buy/auction/2026/original-film-posters-l26102/star-wars-1977,4266.67,5120.0,5400.21,6480.25,3000.0,5000.0,3797.02,6328.37,GBP,Sothebys,Pop Culture,N/A,Star Wars (1977),2026-05-20,https://www.sothebys.com/en/buy/auction/2026/original-film-posters-l26102,False,1,6.250073242130282,-6.250073242130282
https://www.sothebys.com/en/buy/auction/2026/original-film-posters-l26102/jules-et-jim-1962,3200.0,3840.0,4050.16,4860.19,3000.0,5000.0,3797.02,6328.37,GBP,Sothebys,Pop Culture,N/A,Jules et Jim (1962),2026-05-20,https://www.sothebys.com/en/buy/auction/2026/original-film-posters-l26102,False,1,25.0,25.0
https://www.sothebys.com/en/buy/auction/2026/original-film-posters-l26102/to-catch-a-thief-1955,1280.0,1536.0,1620.06,1944.08,1500.0,2000.0,1898.51,2531.35,GBP,Sothebys,Pop Culture,N/A,To Catch a Thief (1955),2026-05-20,https://www.sothebys.com/en/buy/auction/2026/original-film-posters-l26102,False,1,36.71875,36.71875
https://www.sothebys.com/en/buy/auction/2026/original-film-posters-l26102/flying-down-to-rio-1933,3200.0,3840.0,4050.16,4860.19,3000.0,5000.0,3797.02,6328.37,GBP,Sothebys,Pop Culture,N/A,Flying Down to Rio (1933),2026-05-20,https://www.sothebys.com/en/buy/auction/2026/original-film-posters-l26102,False,1,25.0,25.0
https://www.sothebys.com/en/buy/auction/2026/original-film-posters-l26102/woodstock-1970,1920.0,2304.0,2430.09,2916.11,1000.0,1500.0,1265.67,1898.51,GBP,Sothebys,Pop Culture,N/A,Woodstock (1970),2026-05-20,https://www.sothebys.com/en/buy/auction/2026/original-film-posters-l26102,False,1,34.895833333333336,-34.895833333333336
https://www.sothebys.com/en/buy/auction/2026/original-film-posters-l26102/e-t-the-extra-terrestrial-1982,1493.33,1792.0,1890.07,2268.09,1000.0,1500.0,1265.67,1898.51,GBP,Sothebys,Pop Culture,N/A,E.T. the Extra Terrestrial (1982),2026-05-20,https://www.sothebys.com/en/buy/auction/2026/original-film-posters-l26102,False,1,16.29445601441074,-16.29445601441074
https://www.sothebys.com/en/buy/auction/2026/original-film-posters-l26102/north-by-northwest-1959,1920.0,2304.0,2430.09,2916.11,2000.0,3000.0,2531.35,3797.02,GBP,Sothebys,Pop Culture,N/A,North by Northwest (1959),2026-05-20,https://www.sothebys.com/en/buy/auction/2026/original-film-posters-l26102,False,1,30.208333333333332,30.208333333333332
https://www.sothebys.com/en/buy/auction/2026/original-film-posters-l26102/goldfinger-1964-3,2026.67,2432.0,2565.1,3078.12,2000.0,3000.0,2531.35,3797.02,GBP,Sothebys,Pop Culture,N/A,Goldfinger (1964),2026-05-20,https://www.sothebys.com/en/buy/auction/2026/original-film-posters-l26102,False,1,23.355060271282444,23.355060271282444
https://www.sothebys.com/en/buy/auction/2026/original-film-posters-l26102/2001-a-space-odyssey-1968,3413.33,4096.0,4320.16,5184.2,2000.0,3000.0,2531.35,3797.02,GBP,Sothebys,Pop Culture,N/A,2001: A Space Odyssey (1968),2026-05-20,https://www.sothebys.com/en/buy/auction/2026/original-film-posters-l26102,False,1,26.75774097435642,-26.75774097435642
https://www.sothebys.com/en/buy/auction/2026/original-film-posters-l26102/lawrence-of-arabia-1962-2,746.67,896.0,945.04,1134.04,1000.0,1500.0,1265.67,1898.51,GBP,Sothebys,Pop Culture,N/A,Lawrence of Arabia (1962),2026-05-20,https://www.sothebys.com/en/buy/auction/2026/original-film-posters-l26102,False,1,67.40996691979055,67.40996691979055
https://www.sothebys.com/en/buy/auction/2026/original-film-posters-l26102/per-un-pugno-di-dollari-a-fistful-of-dollars-1964,4266.67,5120.0,5400.21,6480.25,5000.0,7000.0,6328.37,8859.72,GBP,Sothebys,Pop Culture,N/A,Per un Pugno di Dollari / A Fistful of Dollars (1964),2026-05-20,https://www.sothebys.com/en/buy/auction/2026/original-film-posters-l26102,False,1,40.62489013680458,40.62489013680458
https://www.sothebys.com/en/buy/auction/2026/original-film-posters-l26102/yellow-submarine-1968,6400.0,7680.0,8100.32,9720.38,2000.0,3000.0,2531.35,3797.02,GBP,Sothebys,Pop Culture,N/A,Yellow Submarine (1968),2026-05-20,https://www.sothebys.com/en/buy/auction/2026/original-film-posters-l26102,False,1,60.9375,-60.9375
https://www.sothebys.com/en/buy/auction/2026/original-film-posters-l26102/thunderball-1965-2,2773.33,3328.0,3510.13,4212.16,2000.0,3000.0,2531.35,3797.02,GBP,Sothebys,Pop Culture,N/A,Thunderball (1965),2026-05-20,https://www.sothebys.com/en/buy/auction/2026/original-film-posters-l26102,False,1,9.855660884207792,-9.855660884207792
https://www.sothebys.com/en/buy/auction/2026/original-film-posters-l26102/lady-and-the-tramp-1955,1386.67,1664.0,1755.07,2106.08,1000.0,1500.0,1265.67,1898.51,GBP,Sothebys,Pop Culture,N/A,Lady and the Tramp (1955),2026-05-20,https://www.sothebys.com/en/buy/auction/2026/original-film-posters-l26102,False,1,9.855985923110767,-9.855985923110767
https://www.sothebys.com/en/buy/auction/2026/original-film-posters-l26102/on-her-majestys-secret-service-1969,1173.33,1408.0,1485.05,1782.07,800.0,1200.0,1012.54,1518.81,GBP,Sothebys,Pop Culture,N/A,On Her Majesty's Secret Service (1969),2026-05-20,https://www.sothebys.com/en/buy/auction/2026/original-film-posters-l26102,False,1,14.772485149105531,-14.772485149105531
https://www.sothebys.com/en/buy/auction/2026/original-film-posters-l26102/bonnie-and-clyde-1967,1386.67,1664.0,1755.07,2106.08,800.0,1000.0,1012.54,1265.67,GBP,Sothebys,Pop Culture,N/A,Bonnie and Clyde (1967),2026-05-20,https://www.sothebys.com/en/buy/auction/2026/original-film-posters-l26102,False,1,35.09630986463975,-35.09630986463975
https://www.sothebys.com/en/buy/auction/2026/original-film-posters-l26102/grand-prix-1966,3733.33,4480.0,4725.18,5670.22,2000.0,3000.0,2531.35,3797.02,GBP,Sothebys,Automotive,N/A,Grand Prix (1966),2026-05-20,https://www.sothebys.com/en/buy/auction/2026/original-film-posters-l26102,False,1,33.03565449612009,-33.03565449612009
https://www.sothebys.com/en/buy/auction/2026/contemporary-discoveries/pegs-and-cone,110000.0,140800.0,110000.0,140800.0,50000.0,70000.0,50000.0,70000.0,USD,Sothebys,Pop Culture,N/A,Pegs and Cone,2026-07-14,https://www.sothebys.com/en/buy/auction/2026/contemporary-discoveries,False,1,45.45454545454545,-45.45454545454545
https://www.sothebys.com/en/buy/auction/2026/contemporary-discoveries/give-or-take-how-do-you-feel-this-morning,25000.0,32000.0,25000.0,32000.0,20000.0,30000.0,20000.0,30000.0,USD,Sothebys,Pop Culture,N/A,Give or Take (How Do You Feel This Morning?),2026-07-14,https://www.sothebys.com/en/buy/auction/2026/contemporary-discoveries,False,1,0.0,0.0
https://www.sothebys.com/en/buy/auction/2026/contemporary-discoveries/untitled-pm6,50000.0,64000.0,50000.0,64000.0,50000.0,70000.0,50000.0,70000.0,USD,Sothebys,Pop Culture,N/A,Untitled (PM6),2026-07-14,https://www.sothebys.com/en/buy/auction/2026/contemporary-discoveries,False,1,20.0,20.0
https://www.sothebys.com/en/buy/auction/2026/contemporary-discoveries/night-landscape,20000.0,25600.0,20000.0,25600.0,20000.0,30000.0,20000.0,30000.0,USD,Sothebys,Pop Culture,N/A,Night Landscape,2026-07-14,https://www.sothebys.com/en/buy/auction/2026/contemporary-discoveries,False,1,25.0,25.0
https://www.sothebys.com/en/buy/auction/2026/contemporary-discoveries/untitled-cool-violet,140000.0,179200.0,140000.0,179200.0,100000.0,150000.0,100000.0,150000.0,USD,Sothebys,Pop Culture,N/A,Untitled (Cool Violet),2026-07-14,https://www.sothebys.com/en/buy/auction/2026/contemporary-discoveries,False,1,10.714285714285714,-10.714285714285714
https://www.sothebys.com/en/buy/auction/2026/contemporary-discoveries/untitled-15,60000.0,76800.0,60000.0,76800.0,30000.0,50000.0,30000.0,50000.0,USD,Sothebys,Sports,N/A,Untitled,2026-07-14,https://www.sothebys.com/en/buy/auction/2026/contemporary-discoveries,False,1,33.333333333333336,-33.333333333333336
https://www.sothebys.com/en/buy/auction/2026/contemporary-discoveries/untitled-still-life,60000.0,76800.0,60000.0,76800.0,40000.0,60000.0,40000.0,60000.0,USD,Sothebys,Pop Culture,N/A,Untitled (Still Life),2026-07-14,https://www.sothebys.com/en/buy/auction/2026/contemporary-discoveries,False,1,16.666666666666668,-16.666666666666668
https://www.sothebys.com/en/buy/auction/2026/contemporary-discoveries/all-that-we-make,16000.0,20480.0,16000.0,20480.0,20000.0,30000.0,20000.0,30000.0,USD,Sothebys,Pop Culture,N/A,all that we make,2026-07-14,https://www.sothebys.com/en/buy/auction/2026/contemporary-discoveries,False,1,56.25,56.25
https://www.sothebys.com/en/buy/auction/2026/contemporary-discoveries/untitled-8,45000.0,57600.0,45000.0,57600.0,30000.0,50000.0,30000.0,50000.0,USD,Sothebys,Sports,N/A,Untitled,2026-07-14,https://www.sothebys.com/en/buy/auction/2026/contemporary-discoveries,False,1,11.11111111111111,-11.11111111111111
https://www.sothebys.com/en/buy/auction/2026/contemporary-discoveries/untitled-9,70000.0,89600.0,70000.0,89600.0,20000.0,30000.0,20000.0,30000.0,USD,Sothebys,Sports,N/A,Untitled,2026-07-14,https://www.sothebys.com/en/buy/auction/2026/contemporary-discoveries,False,1,64.28571428571429,-64.28571428571429
https://www.sothebys.com/en/buy/auction/2026/contemporary-discoveries/untitled-7,13000.0,16640.0,13000.0,16640.0,10000.0,15000.0,10000.0,15000.0,USD,Sothebys,Sports,N/A,Untitled,2026-07-14,https://www.sothebys.com/en/buy/auction/2026/contemporary-discoveries,False,1,3.8461538461538463,-3.8461538461538463
https://www.sothebys.com/en/buy/auction/2026/contemporary-discoveries/fashion-model,30000.0,38400.0,30000.0,38400.0,10000.0,15000.0,10000.0,15000.0,USD,Sothebys,Pop Culture,N/A,Fashion Model,2026-07-14,https://www.sothebys.com/en/buy/auction/2026/contemporary-discoveries,False,1,58.333333333333336,-58.333333333333336
https://www.sothebys.com/en/buy/auction/2026/contemporary-discoveries/black-cryptic-xliii,17000.0,21760.0,17000.0,21760.0,10000.0,15000.0,10000.0,15000.0,USD,Sothebys,Pop Culture,N/A,Black Cryptic XLIII,2026-07-14,https://www.sothebys.com/en/buy/auction/2026/contemporary-discoveries,False,1,26.470588235294116,-26.470588235294116
https://www.sothebys.com/en/buy/auction/2026/contemporary-discoveries/eyes-of-the-dove-barnes-strip,40000.0,51200.0,40000.0,51200.0,40000.0,60000.0,40000.0,60000.0,USD,Sothebys,Pop Culture,N/A,Eyes of the Dove - Barne's Strip,2026-07-14,https://www.sothebys.com/en/buy/auction/2026/contemporary-discoveries,False,1,25.0,25.0
https://www.sothebys.com/en/buy/auction/2026/contemporary-discoveries/grey-fireworks,40000.0,51200.0,40000.0,51200.0,15000.0,25000.0,15000.0,25000.0,USD,Sothebys,Pop Culture,N/A,Grey Fireworks,2026-07-14,https://www.sothebys.com/en/buy/auction/2026/contemporary-discoveries,False,1,50.0,-50.0
https://www.sothebys.com/en/buy/auction/2026/contemporary-discoveries/sure-violet-harrison-74,25000.0,32000.0,25000.0,32000.0,10000.0,15000.0,10000.0,15000.0,USD,Sothebys,Pop Culture,N/A,Sure Violet (Harrison 74),2026-07-14,https://www.sothebys.com/en/buy/auction/2026/contemporary-discoveries,False,1,50.0,-50.0
https://www.sothebys.com/en/buy/auction/2026/contemporary-discoveries/very-french-painting,32000.0,40960.0,32000.0,40960.0,20000.0,30000.0,20000.0,30000.0,USD,Sothebys,Pop Culture,N/A,Very French Painting,2026-07-14,https://www.sothebys.com/en/buy/auction/2026/contemporary-discoveries,False,1,21.875,-21.875
https://www.sothebys.com/en/buy/auction/2026/contemporary-discoveries/feigning-falling,4200.0,5376.0,4200.0,5376.0,5000.0,7000.0,5000.0,7000.0,USD,Sothebys,Pop Culture,N/A,Feigning Falling,2026-07-14,https://www.sothebys.com/en/buy/auction/2026/contemporary-discoveries,False,1,42.857142857142854,42.857142857142854
https://www.sothebys.com/en/buy/auction/2026/contemporary-discoveries/after-eden,16000.0,20480.0,16000.0,20480.0,20000.0,30000.0,20000.0,30000.0,USD,Sothebys,Pop Culture,N/A,After Eden,2026-07-14,https://www.sothebys.com/en/buy/auction/2026/contemporary-discoveries,False,1,56.25,56.25
https://www.sothebys.com/en/buy/auction/2026/contemporary-discoveries/paint-ladder,40000.0,51200.0,40000.0,51200.0,30000.0,50000.0,30000.0,50000.0,USD,Sothebys,Pop Culture,N/A,Paint Ladder,2026-07-14,https://www.sothebys.com/en/buy/auction/2026/contemporary-discoveries,False,1,0.0,0.0
https://www.sothebys.com/en/buy/auction/2026/contemporary-discoveries/periphery,3200.0,4096.0,3200.0,4096.0,5000.0,7000.0,5000.0,7000.0,USD,Sothebys,Pop Culture,N/A,Periphery,2026-07-14,https://www.sothebys.com/en/buy/auction/2026/contemporary-discoveries,False,1,87.5,87.5
https://www.sothebys.com/en/buy/auction/2026/contemporary-discoveries/greek-vases,3500.0,4480.0,3500.0,4480.0,3000.0,5000.0,3000.0,5000.0,USD,Sothebys,Pop Culture,N/A,Greek Vases,2026-07-14,https://www.sothebys.com/en/buy/auction/2026/contemporary-discoveries,False,1,14.285714285714286,14.285714285714286
https://www.sothebys.com/en/buy/auction/2026/contemporary-discoveries/walking-alone,17000.0,21760.0,17000.0,21760.0,15000.0,20000.0,15000.0,20000.0,USD,Sothebys,Pop Culture,N/A,Walking Alone,2026-07-14,https://www.sothebys.com/en/buy/auction/2026/contemporary-discoveries,False,1,2.9411764705882355,2.9411764705882355
https://www.sothebys.com/en/buy/auction/2026/contemporary-discoveries/untitled-hand-painted-levis-jeans,42000.0,53760.0,42000.0,53760.0,7000.0,10000.0,7000.0,10000.0,USD,Sothebys,Pop Culture,N/A,Untitled (Hand Painted Levi's Jeans),2026-07-14,https://www.sothebys.com/en/buy/auction/2026/contemporary-discoveries,False,1,79.76190476190476,-79.76190476190476
https://www.sothebys.com/en/buy/auction/2026/contemporary-discoveries/zurich,85000.0,108800.0,85000.0,108800.0,30000.0,50000.0,30000.0,50000.0,USD,Sothebys,Pop Culture,N/A,Zurich,2026-07-14,https://www.sothebys.com/en/buy/auction/2026/contemporary-discoveries,False,1,52.94117647058823,-52.94117647058823
https://www.sothebys.com/en/buy/auction/2026/contemporary-discoveries/ideal-location,120000.0,153600.0,120000.0,153600.0,100000.0,150000.0,100000.0,150000.0,USD,Sothebys,Pop Culture,N/A,Ideal Location,2026-07-14,https://www.sothebys.com/en/buy/auction/2026/contemporary-discoveries,False,1,4.166666666666667,4.166666666666667
https://www.sothebys.com/en/buy/auction/2026/contemporary-discoveries/the-bubble,32000.0,40960.0,32000.0,40960.0,20000.0,30000.0,20000.0,30000.0,USD,Sothebys,Pop Culture,N/A,The Bubble,2026-07-14,https://www.sothebys.com/en/buy/auction/2026/contemporary-discoveries,False,1,21.875,-21.875
https://www.sothebys.com/en/buy/auction/2026/contemporary-discoveries/name-composition,40000.0,51200.0,40000.0,51200.0,60000.0,80000.0,60000.0,80000.0,USD,Sothebys,Pop Culture,N/A,Name Composition,2026-07-14,https://www.sothebys.com/en/buy/auction/2026/contemporary-discoveries,False,1,75.0,75.0
https://www.sothebys.com/en/buy/auction/2026/contemporary-discoveries/internal-music,12000.0,15360.0,12000.0,15360.0,15000.0,25000.0,15000.0,25000.0,USD,Sothebys,Pop Culture,N/A,Internal Music,2026-07-14,https://www.sothebys.com/en/buy/auction/2026/contemporary-discoveries,False,1,66.66666666666667,66.66666666666667
https://www.sothebys.com/en/buy/auction/2026/contemporary-discoveries/a-midwinters-daydream,12000.0,15360.0,12000.0,15360.0,15000.0,25000.0,15000.0,25000.0,USD,Sothebys,Pop Culture,N/A,A Midwinter's Daydream,2026-07-14,https://www.sothebys.com/en/buy/auction/2026/contemporary-discoveries,False,1,66.66666666666667,66.66666666666667
https://www.sothebys.com/en/buy/auction/2026/contemporary-discoveries/shy-camel,32000.0,40960.0,32000.0,40960.0,20000.0,30000.0,20000.0,30000.0,USD,Sothebys,Pop Culture,N/A,Shy Camel,2026-07-14,https://www.sothebys.com/en/buy/auction/2026/contemporary-discoveries,False,1,21.875,-21.875
https://www.sothebys.com/en/buy/auction/2026/contemporary-discoveries/refresher,50000.0,64000.0,50000.0,64000.0,60000.0,80000.0,60000.0,80000.0,USD,Sothebys,Pop Culture,N/A,Refresher,2026-07-14,https://www.sothebys.com/en/buy/auction/2026/contemporary-discoveries,False,1,40.0,40.0
https://www.sothebys.com/en/buy/auction/2026/contemporary-discoveries/untitled-45,40000.0,51200.0,40000.0,51200.0,30000.0,50000.0,30000.0,50000.0,USD,Sothebys,Sports,N/A,Untitled,2026-07-14,https://www.sothebys.com/en/buy/auction/2026/contemporary-discoveries,False,1,0.0,0.0
https://www.sothebys.com/en/buy/auction/2026/contemporary-discoveries/goddess,95000.0,121600.0,95000.0,121600.0,30000.0,50000.0,30000.0,50000.0,USD,Sothebys,Pop Culture,N/A,Goddess,2026-07-14,https://www.sothebys.com/en/buy/auction/2026/contemporary-discoveries,False,1,57.89473684210526,-57.89473684210526
https://www.sothebys.com/en/buy/auction/2026/contemporary-discoveries/t1965-e40,70000.0,89600.0,70000.0,89600.0,80000.0,120000.0,80000.0,120000.0,USD,Sothebys,Pop Culture,N/A,T1965-E40,2026-07-14,https://www.sothebys.com/en/buy/auction/2026/contemporary-discoveries,False,1,42.857142857142854,42.857142857142854
https://www.sothebys.com/en/buy/auction/2026/contemporary-discoveries/untitled-13,60000.0,76800.0,60000.0,76800.0,40000.0,60000.0,40000.0,60000.0,USD,Sothebys,Sports,N/A,Untitled,2026-07-14,https://www.sothebys.com/en/buy/auction/2026/contemporary-discoveries,False,1,16.666666666666668,-16.666666666666668
https://www.sothebys.com/en/buy/auction/2026/contemporary-discoveries/rainforest-to-palenque-mexico,32000.0,40960.0,32000.0,40960.0,40000.0,60000.0,40000.0,60000.0,USD,Sothebys,Pop Culture,N/A,"Rainforest to Palenque, Mexico",2026-07-14,https://www.sothebys.com/en/buy/auction/2026/contemporary-discoveries,False,1,56.25,56.25
https://www.sothebys.com/en/buy/auction/2026/contemporary-discoveries/blue-figure,120000.0,153600.0,120000.0,153600.0,200000.0,300000.0,200000.0,300000.0,USD,Sothebys,Pop Culture,N/A,Blue Figure,2026-07-14,https://www.sothebys.com/en/buy/auction/2026/contemporary-discoveries,False,1,108.33333333333333,108.33333333333333
https://www.sothebys.com/en/buy/auction/2026/contemporary-discoveries/day-of-the-two-suns,170000.0,217600.0,170000.0,217600.0,40000.0,60000.0,40000.0,60000.0,USD,Sothebys,Pop Culture,N/A,Day of the Two Suns,2026-07-14,https://www.sothebys.com/en/buy/auction/2026/contemporary-discoveries,False,1,70.58823529411765,-70.58823529411765
https://www.sothebys.com/en/buy/auction/2026/contemporary-discoveries/abstraction,28000.0,35840.0,28000.0,35840.0,3000.0,5000.0,3000.0,5000.0,USD,Sothebys,Pop Culture,N/A,Abstraction,2026-07-14,https://www.sothebys.com/en/buy/auction/2026/contemporary-discoveries,False,1,85.71428571428571,-85.71428571428571
https://www.sothebys.com/en/buy/auction/2026/contemporary-discoveries/fragrance,4200.0,5376.0,4200.0,5376.0,4000.0,6000.0,4000.0,6000.0,USD,Sothebys,Pop Culture,N/A,Fragrance,2026-07-14,https://www.sothebys.com/en/buy/auction/2026/contemporary-discoveries,False,1,19.047619047619047,19.047619047619047
https://www.sothebys.com/en/buy/auction/2026/contemporary-discoveries/karrig,120000.0,153600.0,120000.0,153600.0,20000.0,30000.0,20000.0,30000.0,USD,Sothebys,Pop Culture,N/A,Karrig,2026-07-14,https://www.sothebys.com/en/buy/auction/2026/contemporary-discoveries,False,1,79.16666666666667,-79.16666666666667
https://www.sothebys.com/en/buy/auction/2026/contemporary-discoveries/untitled-31,22000.0,28160.0,22000.0,28160.0,5000.0,7000.0,5000.0,7000.0,USD,Sothebys,Sports,N/A,Untitled,2026-07-14,https://www.sothebys.com/en/buy/auction/2026/contemporary-discoveries,False,1,72.72727272727273,-72.72727272727273
https://www.sothebys.com/en/buy/auction/2026/contemporary-discoveries/untitled-43,28000.0,35840.0,28000.0,35840.0,6000.0,8000.0,6000.0,8000.0,USD,Sothebys,Sports,N/A,Untitled,2026-07-14,https://www.sothebys.com/en/buy/auction/2026/contemporary-discoveries,False,1,75.0,-75.0
https://www.sothebys.com/en/buy/auction/2026/contemporary-discoveries/blue,4800.0,6144.0,4800.0,6144.0,2000.0,3000.0,2000.0,3000.0,USD,Sothebys,Pop Culture,N/A,Blue,2026-07-14,https://www.sothebys.com/en/buy/auction/2026/contemporary-discoveries,False,1,47.916666666666664,-47.916666666666664
https://www.sothebys.com/en/buy/auction/2026/contemporary-discoveries/jezebel,14000.0,17920.0,14000.0,17920.0,7000.0,10000.0,7000.0,10000.0,USD,Sothebys,Pop Culture,N/A,Jezebel,2026-07-14,https://www.sothebys.com/en/buy/auction/2026/contemporary-discoveries,False,1,39.285714285714285,-39.285714285714285
https://www.sothebys.com/en/buy/auction/2026/contemporary-discoveries/helicopter,15000.0,19200.0,15000.0,19200.0,25000.0,35000.0,25000.0,35000.0,USD,Sothebys,Automotive,N/A,Helicopter,2026-07-14,https://www.sothebys.com/en/buy/auction/2026/contemporary-discoveries,False,1,100.0,100.0
https://www.sothebys.com/en/buy/auction/2026/contemporary-discoveries/one-danced-with-him,10000.0,12800.0,10000.0,12800.0,3000.0,5000.0,3000.0,5000.0,USD,Sothebys,Pop Culture,N/A,One Danced with Him,2026-07-14,https://www.sothebys.com/en/buy/auction/2026/contemporary-discoveries,False,1,60.0,-60.0
https://www.sothebys.com/en/buy/auction/2026/contemporary-discoveries/arrangement,17000.0,21760.0,17000.0,21760.0,3000.0,5000.0,3000.0,5000.0,USD,Sothebys,Pop Culture,N/A,Arrangement,2026-07-14,https://www.sothebys.com/en/buy/auction/2026/contemporary-discoveries,False,1,76.47058823529412,-76.47058823529412
https://www.sothebys.com/en/buy/auction/2026/contemporary-discoveries/loeuf,13000.0,16640.0,13000.0,16640.0,15000.0,25000.0,15000.0,25000.0,USD,Sothebys,Pop Culture,N/A,L’Oeuf,2026-07-14,https://www.sothebys.com/en/buy/auction/2026/contemporary-discoveries,False,1,53.84615384615385,53.84615384615385
https://www.sothebys.com/en/buy/auction/2026/contemporary-discoveries/untitled-33,8000.0,10240.0,8000.0,10240.0,10000.0,15000.0,10000.0,15000.0,USD,Sothebys,Pop Culture,N/A,Untitled,2026-07-14,https://www.sothebys.com/en/buy/auction/2026/contemporary-discoveries,False,1,56.25,56.25
https://www.sothebys.com/en/buy/auction/2026/contemporary-discoveries/untitled-card-players,6500.0,8320.0,6500.0,8320.0,7000.0,10000.0,7000.0,10000.0,USD,Sothebys,Pop Culture,N/A,Untitled (Card Players),2026-07-14,https://www.sothebys.com/en/buy/auction/2026/contemporary-discoveries,False,1,30.76923076923077,30.76923076923077
https://www.sothebys.com/en/buy/auction/2026/contemporary-discoveries/untitled-pig-ears,7000.0,8960.0,7000.0,8960.0,7000.0,10000.0,7000.0,10000.0,USD,Sothebys,Pop Culture,N/A,Untitled (Pig Ears),2026-07-14,https://www.sothebys.com/en/buy/auction/2026/contemporary-discoveries,False,1,21.428571428571427,21.428571428571427
https://www.sothebys.com/en/buy/auction/2026/contemporary-discoveries/constant,3000.0,3840.0,3000.0,3840.0,3000.0,4000.0,3000.0,4000.0,USD,Sothebys,Pop Culture,N/A,Constant,2026-07-14,https://www.sothebys.com/en/buy/auction/2026/contemporary-discoveries,False,1,16.666666666666668,16.666666666666668
https://www.sothebys.com/en/buy/auction/2026/contemporary-discoveries/light-in-the-shade-of-a-torch,55000.0,70400.0,55000.0,70400.0,10000.0,15000.0,10000.0,15000.0,USD,Sothebys,Pop Culture,N/A,Light in the Shade of a Torch,2026-07-14,https://www.sothebys.com/en/buy/auction/2026/contemporary-discoveries,False,1,77.27272727272727,-77.27272727272727
https://www.sothebys.com/en/buy/auction/2026/contemporary-discoveries/day-lily-2-schroeder-26,6000.0,7680.0,6000.0,7680.0,4000.0,6000.0,4000.0,6000.0,USD,Sothebys,Pop Culture,N/A,Day Lily 2 (Schröder 26),2026-07-14,https://www.sothebys.com/en/buy/auction/2026/contemporary-discoveries,False,1,16.666666666666668,-16.666666666666668
https://www.sothebys.com/en/buy/auction/2026/contemporary-discoveries/cynthia,55000.0,70400.0,55000.0,70400.0,40000.0,60000.0,40000.0,60000.0,USD,Sothebys,Pop Culture,N/A,Cynthia,2026-07-14,https://www.sothebys.com/en/buy/auction/2026/contemporary-discoveries,False,1,9.090909090909092,-9.090909090909092
https://www.sothebys.com/en/buy/auction/2026/contemporary-discoveries/horus-et-sa-grace,55000.0,70400.0,55000.0,70400.0,10000.0,15000.0,10000.0,15000.0,USD,Sothebys,Pop Culture,N/A,Horus et sa Grace,2026-07-14,https://www.sothebys.com/en/buy/auction/2026/contemporary-discoveries,False,1,77.27272727272727,-77.27272727272727
https://www.sothebys.com/en/buy/auction/2026/contemporary-discoveries/tiny-shoe-and-tulips,11000.0,14080.0,11000.0,14080.0,10000.0,15000.0,10000.0,15000.0,USD,Sothebys,Pop Culture,N/A,Tiny Shoe and Tulips,2026-07-14,https://www.sothebys.com/en/buy/auction/2026/contemporary-discoveries,False,1,13.636363636363637,13.636363636363637
https://www.sothebys.com/en/buy/auction/2026/contemporary-discoveries/broken-button-axsom-platzker-175,3200.0,4096.0,3200.0,4096.0,3000.0,5000.0,3000.0,5000.0,USD,Sothebys,Pop Culture,N/A,Broken Button (Axsom & Platzker 175),2026-07-14,https://www.sothebys.com/en/buy/auction/2026/contemporary-discoveries,False,1,25.0,25.0
https://www.sothebys.com/en/buy/auction/2026/contemporary-discoveries/le-mole,18000.0,23040.0,18000.0,23040.0,5000.0,7000.0,5000.0,7000.0,USD,Sothebys,Pop Culture,N/A,Le Molé,2026-07-14,https://www.sothebys.com/en/buy/auction/2026/contemporary-discoveries,False,1,66.66666666666667,-66.66666666666667
https://www.sothebys.com/en/buy/auction/2026/contemporary-discoveries/sinjerli-variation-ii,11000.0,14080.0,11000.0,14080.0,5000.0,7000.0,5000.0,7000.0,USD,Sothebys,Pop Culture,N/A,Sinjerli Variation II,2026-07-14,https://www.sothebys.com/en/buy/auction/2026/contemporary-discoveries,False,1,45.45454545454545,-45.45454545454545
https://www.sothebys.com/en/buy/auction/2026/contemporary-discoveries/blue-to-red-portal,19000.0,24320.0,19000.0,24320.0,3000.0,5000.0,3000.0,5000.0,USD,Sothebys,Pop Culture,N/A,Blue to Red Portal,2026-07-14,https://www.sothebys.com/en/buy/auction/2026/contemporary-discoveries,False,1,78.94736842105263,-78.94736842105263
https://www.sothebys.com/en/buy/auction/2026/contemporary-discoveries/black-cryptic-xxii,13000.0,16640.0,13000.0,16640.0,12000.0,18000.0,12000.0,18000.0,USD,Sothebys,Pop Culture,N/A,Black Cryptic XXII,2026-07-14,https://www.sothebys.com/en/buy/auction/2026/contemporary-discoveries,False,1,15.384615384615385,15.384615384615385
https://www.sothebys.com/en/buy/auction/2026/contemporary-discoveries/untitled-17,45000.0,57600.0,45000.0,57600.0,30000.0,50000.0,30000.0,50000.0,USD,Sothebys,Pop Culture,N/A,Untitled,2026-07-14,https://www.sothebys.com/en/buy/auction/2026/contemporary-discoveries,False,1,11.11111111111111,-11.11111111111111
https://www.sothebys.com/en/buy/auction/2026/contemporary-discoveries/maquette-for-sky-hook,22000.0,28160.0,22000.0,28160.0,12000.0,18000.0,12000.0,18000.0,USD,Sothebys,Pop Culture,N/A,Maquette For Sky Hook,2026-07-14,https://www.sothebys.com/en/buy/auction/2026/contemporary-discoveries,False,1,31.818181818181817,-31.818181818181817
https://www.sothebys.com/en/buy/auction/2026/contemporary-discoveries/seven-foot-open-column,30000.0,38400.0,30000.0,38400.0,12000.0,18000.0,12000.0,18000.0,USD,Sothebys,Pop Culture,N/A,Seven Foot Open Column,2026-07-14,https://www.sothebys.com/en/buy/auction/2026/contemporary-discoveries,False,1,50.0,-50.0
https://www.sothebys.com/en/buy/auction/2026/contemporary-discoveries/spanish-dancer,19000.0,24320.0,19000.0,24320.0,5000.0,7000.0,5000.0,7000.0,USD,Sothebys,Pop Culture,N/A,Spanish Dancer,2026-07-14,https://www.sothebys.com/en/buy/auction/2026/contemporary-discoveries,False,1,68.42105263157895,-68.42105263157895
https://www.sothebys.com/en/buy/auction/2026/contemporary-discoveries/dancer-in-an-abstract-field-fred-flying-ii,10000.0,12800.0,10000.0,12800.0,18000.0,25000.0,18000.0,25000.0,USD,Sothebys,Pop Culture,N/A,Dancer in an Abstract Field: Fred Flying II,2026-07-14,https://www.sothebys.com/en/buy/auction/2026/contemporary-discoveries,False,1,115.0,115.0
https://www.sothebys.com/en/buy/auction/2026/contemporary-discoveries/double-portrait,48000.0,61440.0,48000.0,61440.0,20000.0,30000.0,20000.0,30000.0,USD,Sothebys,Pop Culture,N/A,Double Portrait,2026-07-14,https://www.sothebys.com/en/buy/auction/2026/contemporary-discoveries,False,1,47.916666666666664,-47.916666666666664
https://www.sothebys.com/en/buy/auction/2026/contemporary-discoveries/cat-on-a-hot-tin-roof,80000.0,102400.0,80000.0,102400.0,80000.0,120000.0,80000.0,120000.0,USD,Sothebys,Pop Culture,N/A,Cat on a Hot Tin Roof,2026-07-14,https://www.sothebys.com/en/buy/auction/2026/contemporary-discoveries,False,1,25.0,25.0
https://www.sothebys.com/en/buy/auction/2026/contemporary-discoveries/young-artist-using-his-wife-for-a-model,10000.0,12800.0,10000.0,12800.0,15000.0,20000.0,15000.0,20000.0,USD,Sothebys,Pop Culture,N/A,Young Artist Using His Wife for a Model,2026-07-14,https://www.sothebys.com/en/buy/auction/2026/contemporary-discoveries,False,1,75.0,75.0
https://www.sothebys.com/en/buy/auction/2026/contemporary-discoveries/dutch-masters-silver,20000.0,25600.0,20000.0,25600.0,20000.0,30000.0,20000.0,30000.0,USD,Sothebys,Pop Culture,N/A,Dutch Masters Silver,2026-07-14,https://www.sothebys.com/en/buy/auction/2026/contemporary-discoveries,False,1,25.0,25.0
https://www.sothebys.com/en/buy/auction/2026/contemporary-discoveries/drunk,22000.0,28160.0,22000.0,28160.0,20000.0,30000.0,20000.0,30000.0,USD,Sothebys,Pop Culture,N/A,Drunk,2026-07-14,https://www.sothebys.com/en/buy/auction/2026/contemporary-discoveries,False,1,13.636363636363637,13.636363636363637
https://www.sothebys.com/en/buy/auction/2026/contemporary-discoveries/1776,17000.0,21760.0,17000.0,21760.0,20000.0,30000.0,20000.0,30000.0,USD,Sothebys,Pop Culture,N/A,1776,2026-07-14,https://www.sothebys.com/en/buy/auction/2026/contemporary-discoveries,False,1,47.05882352941177,47.05882352941177
https://www.sothebys.com/en/buy/auction/2026/contemporary-discoveries/portrait-of-a-company-of-musicians-after-van,9500.0,12160.0,9500.0,12160.0,5000.0,7000.0,5000.0,7000.0,USD,Sothebys,Pop Culture,N/A,"Portrait of ""A Company of Musicians"" (After Van Honthorst)",2026-07-14,https://www.sothebys.com/en/buy/auction/2026/contemporary-discoveries,False,1,36.8421052631579,-36.8421052631579
https://www.sothebys.com/en/buy/auction/2026/contemporary-discoveries/misty-machine-nightmare,8000.0,10240.0,8000.0,10240.0,10000.0,15000.0,10000.0,15000.0,USD,Sothebys,Pop Culture,N/A,Misty Machine Nightmare,2026-07-14,https://www.sothebys.com/en/buy/auction/2026/contemporary-discoveries,False,1,56.25,56.25
https://www.sothebys.com/en/buy/auction/2026/contemporary-discoveries/killer,2200.0,2816.0,2200.0,2816.0,2000.0,3000.0,2000.0,3000.0,USD,Sothebys,Pop Culture,N/A,Killer,2026-07-14,https://www.sothebys.com/en/buy/auction/2026/contemporary-discoveries,False,1,13.636363636363637,13.636363636363637
https://www.sothebys.com/en/buy/auction/2026/contemporary-discoveries/reserva-purim,85000.0,108800.0,85000.0,108800.0,30000.0,50000.0,30000.0,50000.0,USD,Sothebys,Pop Culture,N/A,Reliquaire (Le Fête de Pourim),2026-07-14,https://www.sothebys.com/en/buy/auction/2026/contemporary-discoveries,False,1,52.94117647058823,-52.94117647058823
https://www.sothebys.com/en/buy/auction/2026/contemporary-discoveries/for-no-shadow-means-it-is-pitch-black,4000.0,5120.0,4000.0,5120.0,4000.0,6000.0,4000.0,6000.0,USD,Sothebys,Pop Culture,N/A,for no shadow means it is pitch black,2026-07-14,https://www.sothebys.com/en/buy/auction/2026/contemporary-discoveries,False,1,25.0,25.0
https://www.sothebys.com/en/buy/auction/2026/contemporary-discoveries/manteuffelstrasse-112-bedroom-radiator-right,12000.0,15360.0,12000.0,15360.0,15000.0,20000.0,15000.0,20000.0,USD,Sothebys,Automotive,N/A,"Manteuffelstrasse 112: Bedroom Radiator, right",2026-07-14,https://www.sothebys.com/en/buy/auction/2026/contemporary-discoveries,False,1,45.833333333333336,45.833333333333336
https://www.sothebys.com/en/buy/auction/2026/contemporary-discoveries/egoiste,5500.0,7040.0,5500.0,7040.0,8000.0,12000.0,8000.0,12000.0,USD,Sothebys,Pop Culture,N/A,Egoïste,2026-07-14,https://www.sothebys.com/en/buy/auction/2026/contemporary-discoveries,False,1,81.81818181818181,81.81818181818181
https://www.sothebys.com/en/buy/auction/2026/contemporary-discoveries/the-house-that-made-up-its-vision-as-it-walked,16000.0,20480.0,16000.0,20480.0,15000.0,20000.0,15000.0,20000.0,USD,Sothebys,Pop Culture,N/A,The house that made up its vision as it walked,2026-07-14,https://www.sothebys.com/en/buy/auction/2026/contemporary-discoveries,False,1,9.375,9.375
https://www.sothebys.com/en/buy/auction/2026/contemporary-discoveries/untitled-3,16000.0,20480.0,16000.0,20480.0,6000.0,8000.0,6000.0,8000.0,USD,Sothebys,Sports,N/A,Untitled,2026-07-14,https://www.sothebys.com/en/buy/auction/2026/contemporary-discoveries,False,1,56.25,-56.25
https://www.sothebys.com/en/buy/auction/2026/contemporary-discoveries/espejo-de-perfil-no-1,16000.0,20480.0,16000.0,20480.0,20000.0,30000.0,20000.0,30000.0,USD,Sothebys,Pop Culture,N/A,"Espejo De Perfil, No. 1",2026-07-14,https://www.sothebys.com/en/buy/auction/2026/contemporary-discoveries,False,1,56.25,56.25
https://www.sothebys.com/en/buy/auction/2026/contemporary-discoveries/untitled-black-fog,15000.0,19200.0,15000.0,19200.0,18000.0,22000.0,18000.0,22000.0,USD,Sothebys,Pop Culture,N/A,Untitled (Black Fog),2026-07-14,https://www.sothebys.com/en/buy/auction/2026/contemporary-discoveries,False,1,33.333333333333336,33.333333333333336
https://www.sothebys.com/en/buy/auction/2026/contemporary-discoveries/untitled-2,35000.0,44800.0,35000.0,44800.0,30000.0,50000.0,30000.0,50000.0,USD,Sothebys,Pop Culture,N/A,Untitled,2026-07-14,https://www.sothebys.com/en/buy/auction/2026/contemporary-discoveries,False,1,14.285714285714286,14.285714285714286
https://www.sothebys.com/en/buy/auction/2026/contemporary-discoveries/untitled-gold-mask,18000.0,23040.0,18000.0,23040.0,5000.0,7000.0,5000.0,7000.0,USD,Sothebys,Pop Culture,N/A,Untitled (Gold Mask),2026-07-14,https://www.sothebys.com/en/buy/auction/2026/contemporary-discoveries,False,1,66.66666666666667,-66.66666666666667
https://www.sothebys.com/en/buy/auction/2026/contemporary-discoveries/red-tree-roter-baum,4000.0,5120.0,4000.0,5120.0,4000.0,6000.0,4000.0,6000.0,USD,Sothebys,Pop Culture,N/A,Red Tree (Roter Baum),2026-07-14,https://www.sothebys.com/en/buy/auction/2026/contemporary-discoveries,False,1,25.0,25.0
https://www.sothebys.com/en/buy/auction/2026/contemporary-discoveries/thoughts-in-thirds,14000.0,17920.0,14000.0,17920.0,10000.0,15000.0,10000.0,15000.0,USD,Sothebys,Pop Culture,N/A,Thoughts in Thirds,2026-07-14,https://www.sothebys.com/en/buy/auction/2026/contemporary-discoveries,False,1,10.714285714285714,-10.714285714285714
https://www.sothebys.com/en/buy/auction/2026/contemporary-discoveries/belly-painting-mars-orange,4000.0,5120.0,4000.0,5120.0,2000.0,3000.0,2000.0,3000.0,USD,Sothebys,Pop Culture,N/A,Belly Painting (Mars Orange),2026-07-14,https://www.sothebys.com/en/buy/auction/2026/contemporary-discoveries,False,1,37.5,-37.5
https://www.sothebys.com/en/buy/auction/2026/contemporary-discoveries/puddle-painting-transparent-white,10000.0,12800.0,10000.0,12800.0,10000.0,15000.0,10000.0,15000.0,USD,Sothebys,Pop Culture,N/A,Puddle Painting: Transparent White,2026-07-14,https://www.sothebys.com/en/buy/auction/2026/contemporary-discoveries,False,1,25.0,25.0
https://www.sothebys.com/en/buy/auction/2026/contemporary-discoveries/resonance-vi,3200.0,4096.0,3200.0,4096.0,5000.0,7000.0,5000.0,7000.0,USD,Sothebys,Pop Culture,N/A,Resonance VI,2026-07-14,https://www.sothebys.com/en/buy/auction/2026/contemporary-discoveries,False,1,87.5,87.5
https://www.sothebys.com/en/buy/auction/2026/contemporary-discoveries/blue-violet-green-pink-yellow,220000.0,281600.0,220000.0,281600.0,180000.0,250000.0,180000.0,250000.0,USD,Sothebys,Pop Culture,N/A,blue violet green pink yellow,2026-07-14,https://www.sothebys.com/en/buy/auction/2026/contemporary-discoveries,False,1,2.272727272727273,-2.272727272727273
https://www.sothebys.com/en/buy/auction/2026/contemporary-discoveries/vierteraprilzweitausendundsechsundzwanzig,150000.0,192000.0,150000.0,192000.0,70000.0,100000.0,70000.0,100000.0,USD,Sothebys,Pop Culture,N/A,vierteraprilzweitausendundsechsundzwanzig,2026-07-14,https://www.sothebys.com/en/buy/auction/2026/contemporary-discoveries,False,1,43.333333333333336,-43.333333333333336
https://www.sothebys.com/en/buy/auction/2026/contemporary-discoveries/the-critic,9500.0,12160.0,9500.0,12160.0,10000.0,15000.0,10000.0,15000.0,USD,Sothebys,Pop Culture,N/A,The Critic,2026-07-14,https://www.sothebys.com/en/buy/auction/2026/contemporary-discoveries,False,1,31.57894736842105,31.57894736842105
https://www.sothebys.com/en/buy/auction/2026/contemporary-discoveries/point-for-point,3500.0,4480.0,3500.0,4480.0,5000.0,7000.0,5000.0,7000.0,USD,Sothebys,Pop Culture,N/A,Point for Point,2026-07-14,https://www.sothebys.com/en/buy/auction/2026/contemporary-discoveries,False,1,71.42857142857143,71.42857142857143
https://www.sothebys.com/en/buy/auction/2026/contemporary-discoveries/untitled-manson-rivera,55000.0,70400.0,55000.0,70400.0,30000.0,40000.0,30000.0,40000.0,USD,Sothebys,Pop Culture,N/A,Untitled (Manson/Rivera),2026-07-14,https://www.sothebys.com/en/buy/auction/2026/contemporary-discoveries,False,1,36.36363636363637,-36.36363636363637
https://www.sothebys.com/en/buy/auction/2026/contemporary-discoveries/untitled-38,9500.0,12160.0,9500.0,12160.0,15000.0,20000.0,15000.0,20000.0,USD,Sothebys,Sports,N/A,Untitled,2026-07-14,https://www.sothebys.com/en/buy/auction/2026/contemporary-discoveries,False,1,84.21052631578948,84.21052631578948
https://www.sothebys.com/en/buy/auction/2026/contemporary-discoveries/untitled-5-29-17,4800.0,6144.0,4800.0,6144.0,5000.0,7000.0,5000.0,7000.0,USD,Sothebys,Pop Culture,N/A,Untitled (5/29/17),2026-07-14,https://www.sothebys.com/en/buy/auction/2026/contemporary-discoveries,False,1,25.0,25.0
https://www.sothebys.com/en/buy/auction/2026/contemporary-discoveries/hello,6000.0,7680.0,6000.0,7680.0,7000.0,10000.0,7000.0,10000.0,USD,Sothebys,Pop Culture,N/A,Hello,2026-07-14,https://www.sothebys.com/en/buy/auction/2026/contemporary-discoveries,False,1,41.666666666666664,41.666666666666664
https://www.sothebys.com/en/buy/auction/2026/contemporary-discoveries/untitled-40,12000.0,15360.0,12000.0,15360.0,6000.0,8000.0,6000.0,8000.0,USD,Sothebys,Pop Culture,N/A,Untitled,2026-07-14,https://www.sothebys.com/en/buy/auction/2026/contemporary-discoveries,False,1,41.666666666666664,-41.666666666666664
https://www.sothebys.com/en/buy/auction/2026/contemporary-discoveries/big-breast-lady,6500.0,8320.0,6500.0,8320.0,6000.0,8000.0,6000.0,8000.0,USD,Sothebys,Pop Culture,N/A,Big Breast Lady,2026-07-14,https://www.sothebys.com/en/buy/auction/2026/contemporary-discoveries,False,1,7.6923076923076925,7.6923076923076925
https://www.sothebys.com/en/buy/auction/2026/contemporary-discoveries/untitled-41,3800.0,4864.0,3800.0,4864.0,3000.0,5000.0,3000.0,5000.0,USD,Sothebys,Sports,N/A,Untitled,2026-07-14,https://www.sothebys.com/en/buy/auction/2026/contemporary-discoveries,False,1,5.2631578947368425,5.2631578947368425
https://www.sothebys.com/en/buy/auction/2026/contemporary-discoveries/diana-im-unreadable,18000.0,23040.0,18000.0,23040.0,15000.0,20000.0,15000.0,20000.0,USD,Sothebys,Pop Culture,N/A,Diana im … (unreadable),2026-07-14,https://www.sothebys.com/en/buy/auction/2026/contemporary-discoveries,False,1,2.7777777777777777,-2.7777777777777777
https://www.sothebys.com/en/buy/auction/2026/contemporary-discoveries/not-yet-titled-for-parkett-46,8500.0,10880.0,8500.0,10880.0,12000.0,18000.0,12000.0,18000.0,USD,Sothebys,Pop Culture,N/A,Not Yet Titled (for Parkett 46),2026-07-14,https://www.sothebys.com/en/buy/auction/2026/contemporary-discoveries,False,1,76.47058823529412,76.47058823529412
https://www.sothebys.com/en/buy/auction/2026/contemporary-discoveries/untitled-37,18000.0,23040.0,18000.0,23040.0,6000.0,8000.0,6000.0,8000.0,USD,Sothebys,Sports,N/A,Untitled,2026-07-14,https://www.sothebys.com/en/buy/auction/2026/contemporary-discoveries,False,1,61.111111111111114,-61.111111111111114
https://www.sothebys.com/en/buy/auction/2026/contemporary-discoveries/homebodies-carpeted,5500.0,7040.0,5500.0,7040.0,8000.0,12000.0,8000.0,12000.0,USD,Sothebys,Pop Culture,N/A,Homebodies — Carpeted,2026-07-14,https://www.sothebys.com/en/buy/auction/2026/contemporary-discoveries,False,1,81.81818181818181,81.81818181818181
https://www.sothebys.com/en/buy/auction/2026/contemporary-discoveries/untitled-9-works,5500.0,7040.0,5500.0,7040.0,6000.0,8000.0,6000.0,8000.0,USD,Sothebys,Pop Culture,N/A,Untitled [9 Works],2026-07-14,https://www.sothebys.com/en/buy/auction/2026/contemporary-discoveries,False,1,27.272727272727273,27.272727272727273
https://www.sothebys.com/en/buy/auction/2026/contemporary-discoveries/young-buck,25000.0,32000.0,25000.0,32000.0,8000.0,12000.0,8000.0,12000.0,USD,Sothebys,Pop Culture,N/A,Young Buck,2026-07-14,https://www.sothebys.com/en/buy/auction/2026/contemporary-discoveries,False,1,60.0,-60.0
https://www.sothebys.com/en/buy/auction/2026/contemporary-discoveries/flowers-drawing-1,6500.0,8320.0,6500.0,8320.0,4000.0,6000.0,4000.0,6000.0,USD,Sothebys,Pop Culture,N/A,Flowers Drawing (1),2026-07-14,https://www.sothebys.com/en/buy/auction/2026/contemporary-discoveries,False,1,23.076923076923077,-23.076923076923077
https://www.sothebys.com/en/buy/auction/2026/contemporary-discoveries/keeping-things-in,7500.0,9600.0,7500.0,9600.0,8000.0,12000.0,8000.0,12000.0,USD,Sothebys,Pop Culture,N/A,Keeping Things In,2026-07-14,https://www.sothebys.com/en/buy/auction/2026/contemporary-discoveries,False,1,33.333333333333336,33.333333333333336
https://www.sothebys.com/en/buy/auction/2026/contemporary-discoveries/dancing-with-the-wind,7500.0,9600.0,7500.0,9600.0,8000.0,12000.0,8000.0,12000.0,USD,Sothebys,Pop Culture,N/A,Dancing With The Wind,2026-07-14,https://www.sothebys.com/en/buy/auction/2026/contemporary-discoveries,False,1,33.333333333333336,33.333333333333336
https://www.sothebys.com/en/buy/auction/2026/contemporary-discoveries/entrance-with-palms,12000.0,15360.0,12000.0,15360.0,20000.0,30000.0,20000.0,30000.0,USD,Sothebys,Pop Culture,N/A,Entrance with Palms,2026-07-14,https://www.sothebys.com/en/buy/auction/2026/contemporary-discoveries,False,1,108.33333333333333,108.33333333333333
https://www.sothebys.com/en/buy/auction/2026/contemporary-discoveries/foggy-shore,16000.0,20480.0,16000.0,20480.0,15000.0,25000.0,15000.0,25000.0,USD,Sothebys,Pop Culture,N/A,Foggy Shore,2026-07-14,https://www.sothebys.com/en/buy/auction/2026/contemporary-discoveries,False,1,25.0,25.0
https://www.sothebys.com/en/buy/auction/2026/contemporary-discoveries/sunset-crater,10000.0,12800.0,10000.0,12800.0,15000.0,20000.0,15000.0,20000.0,USD,Sothebys,Pop Culture,N/A,Sunset Crater,2026-07-14,https://www.sothebys.com/en/buy/auction/2026/contemporary-discoveries,False,1,75.0,75.0
https://www.sothebys.com/en/buy/auction/2026/contemporary-discoveries/sunset-in-kerala,20000.0,25600.0,20000.0,25600.0,20000.0,30000.0,20000.0,30000.0,USD,Sothebys,Pop Culture,N/A,Sunset in Kerala,2026-07-14,https://www.sothebys.com/en/buy/auction/2026/contemporary-discoveries,False,1,25.0,25.0
https://www.sothebys.com/en/buy/auction/2026/contemporary-discoveries/angkor-wat,15000.0,19200.0,15000.0,19200.0,20000.0,30000.0,20000.0,30000.0,USD,Sothebys,Pop Culture,N/A,Angkor Wat,2026-07-14,https://www.sothebys.com/en/buy/auction/2026/contemporary-discoveries,False,1,66.66666666666667,66.66666666666667
https://www.sothebys.com/en/buy/auction/2026/contemporary-discoveries/c-o,6000.0,7680.0,6000.0,7680.0,7000.0,10000.0,7000.0,10000.0,USD,Sothebys,Pop Culture,N/A,C + O,2026-07-14,https://www.sothebys.com/en/buy/auction/2026/contemporary-discoveries,False,1,41.666666666666664,41.666666666666664
https://www.sothebys.com/en/buy/auction/2026/contemporary-discoveries/back-office,8500.0,10880.0,8500.0,10880.0,6000.0,8000.0,6000.0,8000.0,USD,Sothebys,Pop Culture,N/A,Back Office,2026-07-14,https://www.sothebys.com/en/buy/auction/2026/contemporary-discoveries,False,1,17.647058823529413,-17.647058823529413
https://www.sothebys.com/en/buy/auction/2026/contemporary-discoveries/structure-with-colored-parts,2200.0,2816.0,2200.0,2816.0,2000.0,3000.0,2000.0,3000.0,USD,Sothebys,Pop Culture,N/A,Structure with Colored Parts,2026-07-14,https://www.sothebys.com/en/buy/auction/2026/contemporary-discoveries,False,1,13.636363636363637,13.636363636363637
https://www.sothebys.com/en/buy/auction/2026/contemporary-discoveries/floor-ii,20000.0,25600.0,20000.0,25600.0,5000.0,7000.0,5000.0,7000.0,USD,Sothebys,Pop Culture,N/A,Floor II,2026-07-14,https://www.sothebys.com/en/buy/auction/2026/contemporary-discoveries,False,1,70.0,-70.0
https://www.sothebys.com/en/buy/auction/2026/contemporary-discoveries/untitled-24,6500.0,8320.0,6500.0,8320.0,8000.0,12000.0,8000.0,12000.0,USD,Sothebys,Sports,N/A,Untitled,2026-07-14,https://www.sothebys.com/en/buy/auction/2026/contemporary-discoveries,False,1,53.84615384615385,53.84615384615385
https://www.sothebys.com/en/buy/auction/2026/contemporary-discoveries/that-was-not-here,4200.0,5376.0,4200.0,5376.0,3000.0,5000.0,3000.0,5000.0,USD,Sothebys,Pop Culture,N/A,That Was Not Here,2026-07-14,https://www.sothebys.com/en/buy/auction/2026/contemporary-discoveries,False,1,4.761904761904762,-4.761904761904762
https://www.sothebys.com/en/buy/auction/2026/contemporary-discoveries/vase-with-flowers,25000.0,32000.0,25000.0,32000.0,10000.0,15000.0,10000.0,15000.0,USD,Sothebys,Pop Culture,N/A,Vase with Flowers,2026-07-14,https://www.sothebys.com/en/buy/auction/2026/contemporary-discoveries,False,1,50.0,-50.0
https://www.sothebys.com/en/buy/auction/2026/contemporary-discoveries/untitled-20,8000.0,10240.0,8000.0,10240.0,8000.0,12000.0,8000.0,12000.0,USD,Sothebys,Sports,N/A,Untitled,2026-07-14,https://www.sothebys.com/en/buy/auction/2026/contemporary-discoveries,False,1,25.0,25.0
https://www.sothebys.com/en/buy/auction/2026/contemporary-discoveries/untitled-7-924-likes,8000.0,10240.0,8000.0,10240.0,3000.0,5000.0,3000.0,5000.0,USD,Sothebys,Pop Culture,N/A,Untitled,2026-07-14,https://www.sothebys.com/en/buy/auction/2026/contemporary-discoveries,False,1,50.0,-50.0
https://www.sothebys.com/en/buy/auction/2026/contemporary-discoveries/u-04,22000.0,28160.0,22000.0,28160.0,20000.0,30000.0,20000.0,30000.0,USD,Sothebys,Pop Culture,N/A,U-04,2026-07-14,https://www.sothebys.com/en/buy/auction/2026/contemporary-discoveries,False,1,13.636363636363637,13.636363636363637
https://www.sothebys.com/en/buy/auction/2026/contemporary-discoveries/woman-in-mirror,7000.0,8960.0,7000.0,8960.0,4000.0,6000.0,4000.0,6000.0,USD,Sothebys,Pop Culture,N/A,Woman in Mirror,2026-07-14,https://www.sothebys.com/en/buy/auction/2026/contemporary-discoveries,False,1,28.571428571428573,-28.571428571428573
https://www.sothebys.com/en/buy/auction/2026/contemporary-discoveries/bongo-nyah,20000.0,25600.0,20000.0,25600.0,40000.0,60000.0,40000.0,60000.0,USD,Sothebys,Pop Culture,N/A,Bongo Nyah,2026-07-14,https://www.sothebys.com/en/buy/auction/2026/contemporary-discoveries,False,1,150.0,150.0
https://www.sothebys.com/en/buy/auction/2026/contemporary-discoveries/untitled-two-works,17000.0,21760.0,17000.0,21760.0,15000.0,20000.0,15000.0,20000.0,USD,Sothebys,Pop Culture,N/A,Untitled [Two Works],2026-07-14,https://www.sothebys.com/en/buy/auction/2026/contemporary-discoveries,False,1,2.9411764705882355,2.9411764705882355
https://www.sothebys.com/en/buy/auction/2026/contemporary-discoveries/mama-kimbo,13000.0,16640.0,13000.0,16640.0,8000.0,12000.0,8000.0,12000.0,USD,Sothebys,Pop Culture,N/A,Mama Kimbo,2026-07-14,https://www.sothebys.com/en/buy/auction/2026/contemporary-discoveries,False,1,23.076923076923077,-23.076923076923077
https://www.sothebys.com/en/buy/auction/2026/contemporary-discoveries/untitled-10,19000.0,24320.0,19000.0,24320.0,20000.0,30000.0,20000.0,30000.0,USD,Sothebys,Sports,N/A,Untitled,2026-07-14,https://www.sothebys.com/en/buy/auction/2026/contemporary-discoveries,False,1,31.57894736842105,31.57894736842105
https://www.sothebys.com/en/buy/auction/2026/contemporary-discoveries/scott,8500.0,10880.0,8500.0,10880.0,8000.0,12000.0,8000.0,12000.0,USD,Sothebys,Pop Culture,N/A,Scott,2026-07-14,https://www.sothebys.com/en/buy/auction/2026/contemporary-discoveries,False,1,17.647058823529413,17.647058823529413
https://www.sothebys.com/en/buy/auction/2026/contemporary-discoveries/untitled-12,10000.0,12800.0,10000.0,12800.0,15000.0,20000.0,15000.0,20000.0,USD,Sothebys,Sports,N/A,Untitled,2026-07-14,https://www.sothebys.com/en/buy/auction/2026/contemporary-discoveries,False,1,75.0,75.0
https://www.sothebys.com/en/buy/auction/2026/contemporary-discoveries/island-drawing,20000.0,25600.0,20000.0,25600.0,10000.0,15000.0,10000.0,15000.0,USD,Sothebys,Pop Culture,N/A,Island Drawing,2026-07-14,https://www.sothebys.com/en/buy/auction/2026/contemporary-discoveries,False,1,37.5,-37.5
https://www.sothebys.com/en/buy/auction/2026/contemporary-discoveries/fournez,22000.0,28160.0,22000.0,28160.0,15000.0,20000.0,15000.0,20000.0,USD,Sothebys,Pop Culture,N/A,Fournez,2026-07-14,https://www.sothebys.com/en/buy/auction/2026/contemporary-discoveries,False,1,20.454545454545453,-20.454545454545453
https://www.sothebys.com/en/buy/auction/2026/contemporary-discoveries/untitled-39,19000.0,24320.0,19000.0,24320.0,10000.0,15000.0,10000.0,15000.0,USD,Sothebys,Pop Culture,N/A,Untitled,2026-07-14,https://www.sothebys.com/en/buy/auction/2026/contemporary-discoveries,False,1,34.21052631578947,-34.21052631578947
https://www.sothebys.com/en/buy/auction/2026/contemporary-discoveries/anna-1,5500.0,7040.0,5500.0,7040.0,8000.0,12000.0,8000.0,12000.0,USD,Sothebys,Pop Culture,N/A,Anna #1,2026-07-14,https://www.sothebys.com/en/buy/auction/2026/contemporary-discoveries,False,1,81.81818181818181,81.81818181818181
https://www.sothebys.com/en/buy/auction/2026/contemporary-discoveries/compression-may-1-2023,16000.0,20480.0,16000.0,20480.0,12000.0,18000.0,12000.0,18000.0,USD,Sothebys,Pop Culture,N/A,"COMPRESSION MAY 1, 2023",2026-07-14,https://www.sothebys.com/en/buy/auction/2026/contemporary-discoveries,False,1,6.25,-6.25
https://www.sothebys.com/en/buy/auction/2026/contemporary-discoveries/loose-diamond-arnolfini,25000.0,32000.0,25000.0,32000.0,30000.0,50000.0,30000.0,50000.0,USD,Sothebys,Pop Culture,N/A,Loose Diamond (Arnolfini),2026-07-14,https://www.sothebys.com/en/buy/auction/2026/contemporary-discoveries,False,1,60.0,60.0
https://www.sothebys.com/en/buy/auction/2026/contemporary-discoveries/troika,20000.0,25600.0,20000.0,25600.0,20000.0,30000.0,20000.0,30000.0,USD,Sothebys,Pop Culture,N/A,Troika,2026-07-14,https://www.sothebys.com/en/buy/auction/2026/contemporary-discoveries,False,1,25.0,25.0
https://www.sothebys.com/en/buy/auction/2026/contemporary-discoveries/black-hats-iv-schroeder-500,28000.0,35840.0,28000.0,35840.0,10000.0,15000.0,10000.0,15000.0,USD,Sothebys,Pop Culture,N/A,Black Hats IV (Schröder 500),2026-07-14,https://www.sothebys.com/en/buy/auction/2026/contemporary-discoveries,False,1,55.357142857142854,-55.357142857142854
https://www.sothebys.com/en/buy/auction/2026/contemporary-discoveries/head-of-a-woman-berdie,9500.0,12160.0,9500.0,12160.0,6000.0,8000.0,6000.0,8000.0,USD,Sothebys,Pop Culture,N/A,Head of a Woman (Berdie),2026-07-14,https://www.sothebys.com/en/buy/auction/2026/contemporary-discoveries,False,1,26.31578947368421,-26.31578947368421
https://www.sothebys.com/en/buy/auction/2026/contemporary-discoveries/self-portrait-feldman-schellmann-ii-16,16000.0,20480.0,16000.0,20480.0,10000.0,15000.0,10000.0,15000.0,USD,Sothebys,Pop Culture,N/A,Self-Portrait (Feldman & Schellmann II.16),2026-07-14,https://www.sothebys.com/en/buy/auction/2026/contemporary-discoveries,False,1,21.875,-21.875
https://www.sothebys.com/en/buy/auction/2026/contemporary-discoveries/electric-chair-feldman-schellmann-ii-75,17000.0,21760.0,17000.0,21760.0,10000.0,15000.0,10000.0,15000.0,USD,Sothebys,Pop Culture,N/A,Electric Chair (Feldman & Schellmann II.75),2026-07-14,https://www.sothebys.com/en/buy/auction/2026/contemporary-discoveries,False,1,26.470588235294116,-26.470588235294116
https://www.sothebys.com/en/buy/auction/2026/contemporary-discoveries/target-with-four-faces-ulae-203,32000.0,40960.0,32000.0,40960.0,20000.0,30000.0,20000.0,30000.0,USD,Sothebys,Pop Culture,N/A,Target with Four Faces (ULAE 203),2026-07-14,https://www.sothebys.com/en/buy/auction/2026/contemporary-discoveries,False,1,21.875,-21.875
https://www.sothebys.com/en/buy/auction/2026/contemporary-discoveries/0-9-ulae-156-165,25000.0,32000.0,25000.0,32000.0,20000.0,30000.0,20000.0,30000.0,USD,Sothebys,Pop Culture,N/A,0 - 9 (ULAE 156-165),2026-07-14,https://www.sothebys.com/en/buy/auction/2026/contemporary-discoveries,False,1,0.0,0.0
https://www.sothebys.com/en/buy/auction/2026/contemporary-discoveries/0-through-9-ulae-34,7000.0,8960.0,7000.0,8960.0,7000.0,10000.0,7000.0,10000.0,USD,Sothebys,Pop Culture,N/A,0 Through 9 (ULAE 34),2026-07-14,https://www.sothebys.com/en/buy/auction/2026/contemporary-discoveries,False,1,21.428571428571427,21.428571428571427
https://www.sothebys.com/en/buy/auction/2026/contemporary-discoveries/0-through-9-ulae-190,4000.0,5120.0,4000.0,5120.0,4000.0,6000.0,4000.0,6000.0,USD,Sothebys,Pop Culture,N/A,0 Through 9 (ULAE 190),2026-07-14,https://www.sothebys.com/en/buy/auction/2026/contemporary-discoveries,False,1,25.0,25.0
https://www.sothebys.com/en/buy/auction/2026/contemporary-discoveries/ventriloquist-ulae-233,7000.0,8960.0,7000.0,8960.0,6000.0,8000.0,6000.0,8000.0,USD,Sothebys,Pop Culture,N/A,Ventriloquist (ULAE 233),2026-07-14,https://www.sothebys.com/en/buy/auction/2026/contemporary-discoveries,False,1,0.0,0.0
https://www.sothebys.com/en/buy/auction/2026/contemporary-discoveries/modern-love-waltz,40000.0,51200.0,40000.0,51200.0,20000.0,30000.0,20000.0,30000.0,USD,Sothebys,Pop Culture,N/A,Modern Love Waltz,2026-07-14,https://www.sothebys.com/en/buy/auction/2026/contemporary-discoveries,False,1,37.5,-37.5
https://www.sothebys.com/en/buy/auction/2026/contemporary-discoveries/off-wisconsin,28000.0,35840.0,28000.0,35840.0,7000.0,10000.0,7000.0,10000.0,USD,Sothebys,Pop Culture,N/A,Off-Wisconsin,2026-07-14,https://www.sothebys.com/en/buy/auction/2026/contemporary-discoveries,False,1,69.64285714285714,-69.64285714285714
https://www.sothebys.com/en/buy/auction/2026/contemporary-discoveries/noticia-de-jornal-boteco-tabloid-story-bar,20000.0,25600.0,20000.0,25600.0,5000.0,7000.0,5000.0,7000.0,USD,Sothebys,Pop Culture,N/A,Noticia de jornal (boteco) / Tabloid Story (Bar),2026-07-14,https://www.sothebys.com/en/buy/auction/2026/contemporary-discoveries,False,1,70.0,-70.0
https://www.sothebys.com/en/buy/auction/2026/contemporary-discoveries/stack-6901-20,12000.0,15360.0,12000.0,15360.0,15000.0,20000.0,15000.0,20000.0,USD,Sothebys,Pop Culture,N/A,Stack 6901.20,2026-07-14,https://www.sothebys.com/en/buy/auction/2026/contemporary-discoveries,False,1,45.833333333333336,45.833333333333336
https://www.sothebys.com/en/buy/auction/2026/contemporary-discoveries/stress,14000.0,17920.0,14000.0,17920.0,8000.0,12000.0,8000.0,12000.0,USD,Sothebys,Pop Culture,N/A,Stress,2026-07-14,https://www.sothebys.com/en/buy/auction/2026/contemporary-discoveries,False,1,28.571428571428573,-28.571428571428573
https://www.sothebys.com/en/buy/auction/2026/contemporary-discoveries/testigos,22000.0,28160.0,22000.0,28160.0,12000.0,18000.0,12000.0,18000.0,USD,Sothebys,Pop Culture,N/A,Testigos,2026-07-14,https://www.sothebys.com/en/buy/auction/2026/contemporary-discoveries,False,1,31.818181818181817,-31.818181818181817
https://www.sothebys.com/en/buy/auction/2026/contemporary-discoveries/la-fila,12000.0,15360.0,12000.0,15360.0,15000.0,20000.0,15000.0,20000.0,USD,Sothebys,Pop Culture,N/A,La Fila,2026-07-14,https://www.sothebys.com/en/buy/auction/2026/contemporary-discoveries,False,1,45.833333333333336,45.833333333333336
https://www.sothebys.com/en/buy/auction/2026/contemporary-discoveries/identical-twins,17000.0,21760.0,17000.0,21760.0,10000.0,15000.0,10000.0,15000.0,USD,Sothebys,Pop Culture,N/A,Identical Twins,2026-07-14,https://www.sothebys.com/en/buy/auction/2026/contemporary-discoveries,False,1,26.470588235294116,-26.470588235294116
https://www.sothebys.com/en/buy/auction/2026/contemporary-discoveries/peckham-bollards-peg-snowman-penis-and-oval,35000.0,44800.0,35000.0,44800.0,40000.0,60000.0,40000.0,60000.0,USD,Sothebys,Pop Culture,N/A,"Peckham Bollards (Peg, Snowman, Penis and Oval)",2026-07-14,https://www.sothebys.com/en/buy/auction/2026/contemporary-discoveries,False,1,42.857142857142854,42.857142857142854
https://www.sothebys.com/en/buy/auction/2026/contemporary-discoveries/breathing,32000.0,40960.0,32000.0,40960.0,30000.0,50000.0,30000.0,50000.0,USD,Sothebys,Pop Culture,N/A,Breathing,2026-07-14,https://www.sothebys.com/en/buy/auction/2026/contemporary-discoveries,False,1,25.0,25.0
https://www.sothebys.com/en/buy/auction/2026/contemporary-discoveries/untitled-18,14000.0,17920.0,14000.0,17920.0,10000.0,15000.0,10000.0,15000.0,USD,Sothebys,Pop Culture,N/A,Expanding View II,2026-07-14,https://www.sothebys.com/en/buy/auction/2026/contemporary-discoveries,False,1,10.714285714285714,-10.714285714285714
https://www.sothebys.com/en/buy/auction/2026/contemporary-discoveries/charcoal-panel-012-position-1,12000.0,15360.0,12000.0,15360.0,15000.0,20000.0,15000.0,20000.0,USD,Sothebys,Pop Culture,N/A,Charcoal Panel 012 (Position 1),2026-07-14,https://www.sothebys.com/en/buy/auction/2026/contemporary-discoveries,False,1,45.833333333333336,45.833333333333336
https://www.sothebys.com/en/buy/auction/2026/contemporary-discoveries/black-and-white-bottles,8500.0,10880.0,8500.0,10880.0,15000.0,20000.0,15000.0,20000.0,USD,Sothebys,Pop Culture,N/A,Black and White Bottles,2026-07-14,https://www.sothebys.com/en/buy/auction/2026/contemporary-discoveries,False,1,105.88235294117646,105.88235294117646
https://www.sothebys.com/en/buy/auction/2026/contemporary-discoveries/four-in-one-sculpture,35000.0,44800.0,35000.0,44800.0,30000.0,50000.0,30000.0,50000.0,USD,Sothebys,Pop Culture,N/A,Four In One Sculpture,2026-07-14,https://www.sothebys.com/en/buy/auction/2026/contemporary-discoveries,False,1,14.285714285714286,14.285714285714286
https://www.sothebys.com/en/buy/auction/2026/contemporary-discoveries/leone-dei-mari-mediterranea,32000.0,40960.0,32000.0,40960.0,25000.0,35000.0,25000.0,35000.0,USD,Sothebys,Pop Culture,N/A,Leone Dei Mari Mediterranea,2026-07-14,https://www.sothebys.com/en/buy/auction/2026/contemporary-discoveries,False,1,6.25,-6.25
https://www.sothebys.com/en/buy/auction/2026/contemporary-discoveries/tantra,32000.0,40960.0,32000.0,40960.0,30000.0,50000.0,30000.0,50000.0,USD,Sothebys,Pop Culture,N/A,Tantra,2026-07-14,https://www.sothebys.com/en/buy/auction/2026/contemporary-discoveries,False,1,25.0,25.0
https://www.sothebys.com/en/buy/auction/2026/contemporary-discoveries/john-hayes,5500.0,7040.0,5500.0,7040.0,4000.0,6000.0,4000.0,6000.0,USD,Sothebys,Pop Culture,N/A,John Hayes,2026-07-14,https://www.sothebys.com/en/buy/auction/2026/contemporary-discoveries,False,1,9.090909090909092,-9.090909090909092
https://www.sothebys.com/en/buy/auction/2026/contemporary-discoveries/honey-we-are-wax,2800.0,3584.0,2800.0,3584.0,5000.0,7000.0,5000.0,7000.0,USD,Sothebys,Pop Culture,N/A,"Honey, We are Wax",2026-07-14,https://www.sothebys.com/en/buy/auction/2026/contemporary-discoveries,False,1,114.28571428571429,114.28571428571429
https://www.sothebys.com/en/buy/auction/2026/contemporary-discoveries/ribbon-candy-camilla,2500.0,3200.0,2500.0,3200.0,2000.0,3000.0,2000.0,3000.0,USD,Sothebys,Pop Culture,N/A,Ribbon Candy (Camilla),2026-07-14,https://www.sothebys.com/en/buy/auction/2026/contemporary-discoveries,False,1,0.0,0.0
https://www.sothebys.com/en/buy/auction/2026/contemporary-discoveries/white-ribbon,6500.0,8320.0,6500.0,8320.0,4000.0,6000.0,4000.0,6000.0,USD,Sothebys,Pop Culture,N/A,White Ribbon,2026-07-14,https://www.sothebys.com/en/buy/auction/2026/contemporary-discoveries,False,1,23.076923076923077,-23.076923076923077
https://www.sothebys.com/en/buy/auction/2026/contemporary-discoveries/hair-4,6500.0,8320.0,6500.0,8320.0,6000.0,8000.0,6000.0,8000.0,USD,Sothebys,Pop Culture,N/A,Hair 4,2026-07-14,https://www.sothebys.com/en/buy/auction/2026/contemporary-discoveries,False,1,7.6923076923076925,7.6923076923076925
https://www.sothebys.com/en/buy/auction/2026/contemporary-discoveries/back-of-richard-variation-2,3500.0,4480.0,3500.0,4480.0,4000.0,6000.0,4000.0,6000.0,USD,Sothebys,Pop Culture,N/A,Back of Richard (Variation #2),2026-07-14,https://www.sothebys.com/en/buy/auction/2026/contemporary-discoveries,False,1,42.857142857142854,42.857142857142854
https://www.sothebys.com/en/buy/auction/2026/contemporary-discoveries/yankee-stadium,5000.0,6400.0,5000.0,6400.0,5000.0,7000.0,5000.0,7000.0,USD,Sothebys,Pop Culture,N/A,Yankee Stadium,2026-07-14,https://www.sothebys.com/en/buy/auction/2026/contemporary-discoveries,False,1,20.0,20.0
https://www.sothebys.com/en/buy/auction/2026/contemporary-discoveries/red-house,3200.0,4096.0,3200.0,4096.0,5000.0,7000.0,5000.0,7000.0,USD,Sothebys,Pop Culture,N/A,Red House,2026-07-14,https://www.sothebys.com/en/buy/auction/2026/contemporary-discoveries,False,1,87.5,87.5
https://www.sothebys.com/en/buy/auction/2026/contemporary-discoveries/frutas,2800.0,3584.0,2800.0,3584.0,4000.0,6000.0,4000.0,6000.0,USD,Sothebys,Pop Culture,N/A,Frutas,2026-07-14,https://www.sothebys.com/en/buy/auction/2026/contemporary-discoveries,False,1,78.57142857142857,78.57142857142857
https://www.sothebys.com/en/buy/auction/2026/contemporary-discoveries/untitled-6,6500.0,8320.0,6500.0,8320.0,8000.0,12000.0,8000.0,12000.0,USD,Sothebys,Sports,N/A,Untitled,2026-07-14,https://www.sothebys.com/en/buy/auction/2026/contemporary-discoveries,False,1,53.84615384615385,53.84615384615385
https://www.sothebys.com/en/buy/auction/2026/contemporary-discoveries/pretty-mushroom,12000.0,15360.0,12000.0,15360.0,10000.0,15000.0,10000.0,15000.0,USD,Sothebys,Pop Culture,N/A,Pretty Mushroom,2026-07-14,https://www.sothebys.com/en/buy/auction/2026/contemporary-discoveries,False,1,4.166666666666667,4.166666666666667
https://www.sothebys.com/en/buy/auction/2026/contemporary-discoveries/larrea-tridentata,5500.0,7040.0,5500.0,7040.0,6000.0,8000.0,6000.0,8000.0,USD,Sothebys,Pop Culture,N/A,Larrea Tridentata,2026-07-14,https://www.sothebys.com/en/buy/auction/2026/contemporary-discoveries,False,1,27.272727272727273,27.272727272727273
https://www.sothebys.com/en/buy/auction/2026/contemporary-discoveries/give-up-your-world-come-an-be-with-me-im-your-kind,4200.0,5376.0,4200.0,5376.0,3000.0,5000.0,3000.0,5000.0,USD,Sothebys,Pop Culture,N/A,"Give up your world, come an' be with me (I'm your kind, I'm your kind)",2026-07-14,https://www.sothebys.com/en/buy/auction/2026/contemporary-discoveries,False,1,4.761904761904762,-4.761904761904762
https://www.sothebys.com/en/buy/auction/2026/contemporary-discoveries/the-way-to-heaven-ii,2500.0,3200.0,2500.0,3200.0,2000.0,3000.0,2000.0,3000.0,USD,Sothebys,Pop Culture,N/A,The Way to Heaven II,2026-07-14,https://www.sothebys.com/en/buy/auction/2026/contemporary-discoveries,False,1,0.0,0.0
https://www.sothebys.com/en/buy/auction/2026/contemporary-discoveries/untitled-brancusi,5000.0,6400.0,5000.0,6400.0,8000.0,12000.0,8000.0,12000.0,USD,Sothebys,Pop Culture,N/A,Untitled (Brancusi),2026-07-14,https://www.sothebys.com/en/buy/auction/2026/contemporary-discoveries,False,1,100.0,100.0
https://www.sothebys.com/en/buy/auction/2026/contemporary-discoveries/phenakistoscope-krut-p-89,3500.0,4480.0,3500.0,4480.0,5000.0,7000.0,5000.0,7000.0,USD,Sothebys,Pop Culture,N/A,Phenakistoscope (Krut p.89),2026-07-14,https://www.sothebys.com/en/buy/auction/2026/contemporary-discoveries,False,1,71.42857142857143,71.42857142857143
https://www.sothebys.com/en/buy/auction/2026/contemporary-discoveries/untitled-4,5500.0,7040.0,5500.0,7040.0,4000.0,6000.0,4000.0,6000.0,USD,Sothebys,Sports,N/A,Untitled,2026-07-14,https://www.sothebys.com/en/buy/auction/2026/contemporary-discoveries,False,1,9.090909090909092,-9.090909090909092
https://www.sothebys.com/en/buy/auction/2026/contemporary-discoveries/the-pugs,3500.0,4480.0,3500.0,4480.0,3000.0,5000.0,3000.0,5000.0,USD,Sothebys,Pop Culture,N/A,The Pugs,2026-07-14,https://www.sothebys.com/en/buy/auction/2026/contemporary-discoveries,False,1,14.285714285714286,14.285714285714286
https://www.sothebys.com/en/buy/auction/2026/contemporary-discoveries/untitled-29,5000.0,6400.0,5000.0,6400.0,2000.0,3000.0,2000.0,3000.0,USD,Sothebys,Pop Culture,N/A,Untitled,2026-07-14,https://www.sothebys.com/en/buy/auction/2026/contemporary-discoveries,False,1,50.0,-50.0
https://www.sothebys.com/en/buy/auction/2026/contemporary-discoveries/ghosts-on-the-happy-trail,15000.0,19200.0,15000.0,19200.0,20000.0,30000.0,20000.0,30000.0,USD,Sothebys,Pop Culture,N/A,Ghosts on the Happy Trail,2026-07-14,https://www.sothebys.com/en/buy/auction/2026/contemporary-discoveries,False,1,66.66666666666667,66.66666666666667
https://www.sothebys.com/en/buy/auction/2026/contemporary-discoveries/sage,1600.0,2048.0,1600.0,2048.0,4000.0,6000.0,4000.0,6000.0,USD,Sothebys,Pop Culture,N/A,Sage,2026-07-14,https://www.sothebys.com/en/buy/auction/2026/contemporary-discoveries,False,1,212.5,212.5
https://www.sothebys.com/en/buy/auction/2026/contemporary-discoveries/untitled,25000.0,32000.0,25000.0,32000.0,6000.0,8000.0,6000.0,8000.0,USD,Sothebys,Sports,N/A,Untitled,2026-07-14,https://www.sothebys.com/en/buy/auction/2026/contemporary-discoveries,False,1,72.0,-72.0
https://www.sothebys.com/en/buy/auction/2026/contemporary-discoveries/untitled-27,4000.0,5120.0,4000.0,5120.0,5000.0,7000.0,5000.0,7000.0,USD,Sothebys,Pop Culture,N/A,Untitled,2026-07-14,https://www.sothebys.com/en/buy/auction/2026/contemporary-discoveries,False,1,50.0,50.0
https://www.sothebys.com/en/buy/auction/2026/contemporary-discoveries/stain-delicate-green-pink-vsf-402,38000.0,48640.0,38000.0,48640.0,30000.0,40000.0,30000.0,40000.0,USD,Sothebys,Pop Culture,N/A,Stain Delicate Green Pink (VSF 402),2026-07-14,https://www.sothebys.com/en/buy/auction/2026/contemporary-discoveries,False,1,7.894736842105263,-7.894736842105263
https://www.sothebys.com/en/buy/auction/2026/contemporary-discoveries/map-ii,9000.0,11520.0,9000.0,11520.0,15000.0,20000.0,15000.0,20000.0,USD,Sothebys,Pop Culture,N/A,Map II,2026-07-14,https://www.sothebys.com/en/buy/auction/2026/contemporary-discoveries,False,1,94.44444444444444,94.44444444444444
https://www.sothebys.com/en/buy/auction/2026/contemporary-discoveries/sappho,25000.0,32000.0,25000.0,32000.0,10000.0,15000.0,10000.0,15000.0,USD,Sothebys,Pop Culture,N/A,Sappho,2026-07-14,https://www.sothebys.com/en/buy/auction/2026/contemporary-discoveries,False,1,50.0,-50.0
https://www.sothebys.com/en/buy/auction/2026/contemporary-discoveries/untitled-19,10000.0,12800.0,10000.0,12800.0,10000.0,15000.0,10000.0,15000.0,USD,Sothebys,Pop Culture,N/A,Untitled,2026-07-14,https://www.sothebys.com/en/buy/auction/2026/contemporary-discoveries,False,1,25.0,25.0
https://www.sothebys.com/en/buy/auction/2026/contemporary-discoveries/untitled-21,3500.0,4480.0,3500.0,4480.0,2000.0,3000.0,2000.0,3000.0,USD,Sothebys,Pop Culture,N/A,Untitled,2026-07-14,https://www.sothebys.com/en/buy/auction/2026/contemporary-discoveries,False,1,28.571428571428573,-28.571428571428573
https://www.sothebys.com/en/buy/auction/2026/contemporary-discoveries/teasedroarswhere,6000.0,7680.0,6000.0,7680.0,6000.0,8000.0,6000.0,8000.0,USD,Sothebys,Pop Culture,N/A,Teasedroarswhere,2026-07-14,https://www.sothebys.com/en/buy/auction/2026/contemporary-discoveries,False,1,16.666666666666668,16.666666666666668
https://www.sothebys.com/en/buy/auction/2026/contemporary-discoveries/untitled-36,7000.0,8960.0,7000.0,8960.0,7000.0,9000.0,7000.0,9000.0,USD,Sothebys,Sports,N/A,Untitled,2026-07-14,https://www.sothebys.com/en/buy/auction/2026/contemporary-discoveries,False,1,14.285714285714286,14.285714285714286
https://www.sothebys.com/en/buy/auction/2026/contemporary-discoveries/bermuda-triangle,18000.0,23040.0,18000.0,23040.0,20000.0,30000.0,20000.0,30000.0,USD,Sothebys,Pop Culture,N/A,Bermuda Triangle,2026-07-14,https://www.sothebys.com/en/buy/auction/2026/contemporary-discoveries,False,1,38.888888888888886,38.888888888888886
https://www.sothebys.com/en/buy/auction/2026/contemporary-discoveries/odd-couple,12000.0,15360.0,12000.0,15360.0,15000.0,20000.0,15000.0,20000.0,USD,Sothebys,Pop Culture,N/A,Odd Couple,2026-07-14,https://www.sothebys.com/en/buy/auction/2026/contemporary-discoveries,False,1,45.833333333333336,45.833333333333336
https://www.sothebys.com/en/buy/auction/2026/contemporary-discoveries/front-street-form-2,2200.0,2816.0,2200.0,2816.0,4000.0,6000.0,4000.0,6000.0,USD,Sothebys,Pop Culture,N/A,Front Street Form #2,2026-07-14,https://www.sothebys.com/en/buy/auction/2026/contemporary-discoveries,False,1,127.27272727272727,127.27272727272727
https://www.sothebys.com/en/buy/auction/2026/contemporary-discoveries/untitled-14,9500.0,12160.0,9500.0,12160.0,5000.0,7000.0,5000.0,7000.0,USD,Sothebys,Sports,N/A,Untitled,2026-07-14,https://www.sothebys.com/en/buy/auction/2026/contemporary-discoveries,False,1,36.8421052631579,-36.8421052631579
https://www.sothebys.com/en/buy/auction/2026/contemporary-discoveries/hudson-ii,2000.0,2560.0,2000.0,2560.0,4000.0,6000.0,4000.0,6000.0,USD,Sothebys,Automotive,N/A,Hudson II,2026-07-14,https://www.sothebys.com/en/buy/auction/2026/contemporary-discoveries,False,1,150.0,150.0
https://www.sothebys.com/en/buy/auction/2026/contemporary-discoveries/fifth-street-painting-c03-3,15000.0,19200.0,15000.0,19200.0,18000.0,25000.0,18000.0,25000.0,USD,Sothebys,Pop Culture,N/A,Fifth Street Painting C03.3,2026-07-14,https://www.sothebys.com/en/buy/auction/2026/contemporary-discoveries,False,1,43.333333333333336,43.333333333333336
https://www.sothebys.com/en/buy/auction/2026/contemporary-discoveries/desert,11000.0,14080.0,11000.0,14080.0,10000.0,15000.0,10000.0,15000.0,USD,Sothebys,Pop Culture,N/A,Desert,2026-07-14,https://www.sothebys.com/en/buy/auction/2026/contemporary-discoveries,False,1,13.636363636363637,13.636363636363637
https://www.sothebys.com/en/buy/auction/2026/contemporary-discoveries/refused-at-revue,10000.0,12800.0,10000.0,12800.0,10000.0,15000.0,10000.0,15000.0,USD,Sothebys,Pop Culture,N/A,Refused at Revue,2026-07-14,https://www.sothebys.com/en/buy/auction/2026/contemporary-discoveries,False,1,25.0,25.0
https://www.sothebys.com/en/buy/auction/2026/contemporary-discoveries/untitled-28,3200.0,4096.0,3200.0,4096.0,4000.0,6000.0,4000.0,6000.0,USD,Sothebys,Pop Culture,N/A,Untitled,2026-07-14,https://www.sothebys.com/en/buy/auction/2026/contemporary-discoveries,False,1,56.25,56.25
https://www.sothebys.com/en/buy/auction/2026/contemporary-discoveries/nontshontshi-6,14000.0,17920.0,14000.0,17920.0,20000.0,30000.0,20000.0,30000.0,USD,Sothebys,Pop Culture,N/A,Nontshontshi 6,2026-07-14,https://www.sothebys.com/en/buy/auction/2026/contemporary-discoveries,False,1,78.57142857142857,78.57142857142857
https://www.sothebys.com/en/buy/auction/2026/contemporary-discoveries/the-dangers-of-a-single-story,12000.0,15360.0,12000.0,15360.0,15000.0,20000.0,15000.0,20000.0,USD,Sothebys,Pop Culture,N/A,The dangers of a single story,2026-07-14,https://www.sothebys.com/en/buy/auction/2026/contemporary-discoveries,False,1,45.833333333333336,45.833333333333336
https://www.sothebys.com/en/buy/auction/2026/contemporary-discoveries/the-leaders,6500.0,8320.0,6500.0,8320.0,6000.0,8000.0,6000.0,8000.0,USD,Sothebys,Pop Culture,N/A,The Leaders,2026-07-14,https://www.sothebys.com/en/buy/auction/2026/contemporary-discoveries,False,1,7.6923076923076925,7.6923076923076925
https://www.sothebys.com/en/buy/auction/2026/contemporary-discoveries/gold-pastures,28000.0,35840.0,28000.0,35840.0,6000.0,8000.0,6000.0,8000.0,USD,Sothebys,Pop Culture,N/A,Gold Pastures,2026-07-14,https://www.sothebys.com/en/buy/auction/2026/contemporary-discoveries,False,1,75.0,-75.0
https://www.sothebys.com/en/buy/auction/2026/contemporary-discoveries/gigampfi,13000.0,16640.0,13000.0,16640.0,20000.0,30000.0,20000.0,30000.0,USD,Sothebys,Pop Culture,N/A,Gigampfi,2026-07-14,https://www.sothebys.com/en/buy/auction/2026/contemporary-discoveries,False,1,92.3076923076923,92.3076923076923
https://www.sothebys.com/en/buy/auction/2026/contemporary-discoveries/miss-spring,4000.0,5120.0,4000.0,5120.0,4000.0,6000.0,4000.0,6000.0,USD,Sothebys,Pop Culture,N/A,Miss Spring,2026-07-14,https://www.sothebys.com/en/buy/auction/2026/contemporary-discoveries,False,1,25.0,25.0
https://www.sothebys.com/en/buy/auction/2026/contemporary-discoveries/a-lady-and-a-shovel,10000.0,12800.0,10000.0,12800.0,10000.0,15000.0,10000.0,15000.0,USD,Sothebys,Pop Culture,N/A,A Lady and a Shovel,2026-07-14,https://www.sothebys.com/en/buy/auction/2026/contemporary-discoveries,False,1,25.0,25.0
https://www.sothebys.com/en/buy/auction/2026/contemporary-discoveries/the-fate-of-man,22000.0,28160.0,22000.0,28160.0,20000.0,30000.0,20000.0,30000.0,USD,Sothebys,Pop Culture,N/A,The Fate of Man,2026-07-14,https://www.sothebys.com/en/buy/auction/2026/contemporary-discoveries,False,1,13.636363636363637,13.636363636363637
https://www.sothebys.com/en/buy/auction/2026/contemporary-discoveries/self-portrait,16000.0,20480.0,16000.0,20480.0,20000.0,30000.0,20000.0,30000.0,USD,Sothebys,Pop Culture,N/A,Self-Portrait,2026-07-14,https://www.sothebys.com/en/buy/auction/2026/contemporary-discoveries,False,1,56.25,56.25
https://www.sothebys.com/en/buy/auction/2026/contemporary-discoveries/bearded-turk,900.0,1152.0,900.0,1152.0,1500.0,2000.0,1500.0,2000.0,USD,Sothebys,Pop Culture,N/A,Untitled (Bearded Turk),2026-07-14,https://www.sothebys.com/en/buy/auction/2026/contemporary-discoveries,False,1,94.44444444444444,94.44444444444444
https://www.sothebys.com/en/buy/auction/2026/contemporary-discoveries/man-with-roots,25000.0,32000.0,25000.0,32000.0,15000.0,25000.0,15000.0,25000.0,USD,Sothebys,Pop Culture,N/A,Man with Roots,2026-07-14,https://www.sothebys.com/en/buy/auction/2026/contemporary-discoveries,False,1,20.0,-20.0
https://www.sothebys.com/en/buy/auction/2026/contemporary-discoveries/untitled-foot-study,30000.0,38400.0,30000.0,38400.0,25000.0,30000.0,25000.0,30000.0,USD,Sothebys,Pop Culture,N/A,Untitled (Foot Study),2026-07-14,https://www.sothebys.com/en/buy/auction/2026/contemporary-discoveries,False,1,8.333333333333334,-8.333333333333334
https://www.sothebys.com/en/buy/auction/2026/contemporary-discoveries/parcours-webel-1266,2000.0,2560.0,2000.0,2560.0,3000.0,5000.0,3000.0,5000.0,USD,Sothebys,Pop Culture,N/A,Parcours (Webel 1266),2026-07-14,https://www.sothebys.com/en/buy/auction/2026/contemporary-discoveries,False,1,100.0,100.0
https://www.sothebys.com/en/buy/auction/2026/contemporary-discoveries/vuelvame-a-querer,45000.0,57600.0,45000.0,57600.0,20000.0,30000.0,20000.0,30000.0,USD,Sothebys,Pop Culture,N/A,Vuelvame a Querer,2026-07-14,https://www.sothebys.com/en/buy/auction/2026/contemporary-discoveries,False,1,44.44444444444444,-44.44444444444444
https://www.sothebys.com/en/buy/auction/2026/contemporary-discoveries/e-rigby,2500.0,3200.0,2500.0,3200.0,2000.0,3000.0,2000.0,3000.0,USD,Sothebys,Pop Culture,N/A,E.Rigby,2026-07-14,https://www.sothebys.com/en/buy/auction/2026/contemporary-discoveries,False,1,0.0,0.0
https://www.sothebys.com/en/buy/auction/2026/contemporary-discoveries/dende-san-arco,16000.0,20480.0,16000.0,20480.0,20000.0,30000.0,20000.0,30000.0,USD,Sothebys,Pop Culture,N/A,"Dende, San Arco",2026-07-14,https://www.sothebys.com/en/buy/auction/2026/contemporary-discoveries,False,1,56.25,56.25
https://www.sothebys.com/en/buy/auction/2026/contemporary-discoveries/the-butterfly-flower-3,140000.0,179200.0,140000.0,179200.0,15000.0,20000.0,15000.0,20000.0,USD,Sothebys,Pop Culture,N/A,The Butterfly Flower #3,2026-07-14,https://www.sothebys.com/en/buy/auction/2026/contemporary-discoveries,False,1,87.5,-87.5
https://www.sothebys.com/en/buy/auction/2026/contemporary-discoveries/untitled-44,2800.0,3584.0,2800.0,3584.0,3000.0,5000.0,3000.0,5000.0,USD,Sothebys,Sports,N/A,Untitled,2026-07-14,https://www.sothebys.com/en/buy/auction/2026/contemporary-discoveries,False,1,42.857142857142854,42.857142857142854
https://www.sothebys.com/en/buy/auction/2026/contemporary-discoveries/untitled-yugen,5000.0,6400.0,5000.0,6400.0,1000.0,2000.0,1000.0,2000.0,USD,Sothebys,Pop Culture,N/A,Untitled (Yugen),2026-07-14,https://www.sothebys.com/en/buy/auction/2026/contemporary-discoveries,False,1,70.0,-70.0
https://www.sothebys.com/en/buy/auction/2026/contemporary-discoveries/tom-jones,1700.0,2176.0,1700.0,2176.0,600.0,800.0,600.0,800.0,USD,Sothebys,Pop Culture,N/A,Tom Jones,2026-07-14,https://www.sothebys.com/en/buy/auction/2026/contemporary-discoveries,False,1,58.8235294117647,-58.8235294117647
https://www.sothebys.com/en/buy/auction/2026/contemporary-discoveries/untitled-1-8-03,1500.0,1920.0,1500.0,1920.0,3000.0,5000.0,3000.0,5000.0,USD,Sothebys,Pop Culture,N/A,Untitled (1/8/03),2026-07-14,https://www.sothebys.com/en/buy/auction/2026/contemporary-discoveries,False,1,166.66666666666666,166.66666666666666
https://www.sothebys.com/en/buy/auction/2026/contemporary-discoveries/in-the-garden,19000.0,24320.0,19000.0,24320.0,2000.0,5000.0,2000.0,5000.0,USD,Sothebys,Pop Culture,N/A,In the Garden,2026-07-14,https://www.sothebys.com/en/buy/auction/2026/contemporary-discoveries,False,1,81.57894736842105,-81.57894736842105
https://www.sothebys.com/en/buy/auction/2026/contemporary-discoveries/score,25000.0,32000.0,25000.0,32000.0,1000.0,2000.0,1000.0,2000.0,USD,Sothebys,Pop Culture,N/A,Score,2026-07-14,https://www.sothebys.com/en/buy/auction/2026/contemporary-discoveries,False,1,94.0,-94.0
https://www.sothebys.com/en/buy/auction/2026/contemporary-discoveries/4,30000.0,38400.0,30000.0,38400.0,30000.0,50000.0,30000.0,50000.0,USD,Sothebys,Sports,N/A,#4,2026-07-14,https://www.sothebys.com/en/buy/auction/2026/contemporary-discoveries,False,1,33.333333333333336,33.333333333333336
https://www.sothebys.com/en/buy/auction/2026/contemporary-discoveries/sidi-ifni-three-prints-see-axsom-91a,5000.0,6400.0,5000.0,6400.0,4000.0,6000.0,4000.0,6000.0,USD,Sothebys,Pop Culture,N/A,Sidi Ifni: Three Prints (see Axsom 91a),2026-07-14,https://www.sothebys.com/en/buy/auction/2026/contemporary-discoveries,False,1,0.0,0.0
https://www.sothebys.com/en/buy/auction/2026/contemporary-discoveries/sinjerli-variation-ia-and-sinjerli-variation-iii,9000.0,11520.0,9000.0,11520.0,6000.0,8000.0,6000.0,8000.0,USD,Sothebys,Pop Culture,N/A,Sinjerli Variation Ia; and Sinjerli Variation III (Axsom 114 and 117),2026-07-14,https://www.sothebys.com/en/buy/auction/2026/contemporary-discoveries,False,1,22.22222222222222,-22.22222222222222
https://www.sothebys.com/en/buy/auction/2026/contemporary-discoveries/blue-yellow-red-from-series-of-ten-lithographs,7000.0,8960.0,7000.0,8960.0,5000.0,7000.0,5000.0,7000.0,USD,Sothebys,Pop Culture,N/A,"Blue Yellow Red, from Series of Ten Lithographs (Axsom 61)",2026-07-14,https://www.sothebys.com/en/buy/auction/2026/contemporary-discoveries,False,1,14.285714285714286,-14.285714285714286
https://www.sothebys.com/en/buy/auction/2026/contemporary-discoveries/memories,6000.0,7680.0,6000.0,7680.0,5000.0,7000.0,5000.0,7000.0,USD,Sothebys,Pop Culture,N/A,Memories,2026-07-14,https://www.sothebys.com/en/buy/auction/2026/contemporary-discoveries,False,1,0.0,0.0
https://www.sothebys.com/en/buy/auction/2026/contemporary-discoveries/nine-mile-falls,8000.0,10240.0,8000.0,10240.0,4000.0,6000.0,4000.0,6000.0,USD,Sothebys,Pop Culture,N/A,Nine-Mile Falls,2026-07-14,https://www.sothebys.com/en/buy/auction/2026/contemporary-discoveries,False,1,37.5,-37.5
https://www.sothebys.com/en/buy/auction/2026/contemporary-discoveries/untitled-25,5000.0,6400.0,5000.0,6400.0,8000.0,12000.0,8000.0,12000.0,USD,Sothebys,Sports,N/A,Untitled,2026-07-14,https://www.sothebys.com/en/buy/auction/2026/contemporary-discoveries,False,1,100.0,100.0
https://www.sothebys.com/en/buy/auction/2026/contemporary-discoveries/dawn-on-the-channel,16000.0,20480.0,16000.0,20480.0,5000.0,7000.0,5000.0,7000.0,USD,Sothebys,Pop Culture,N/A,Dawn on the Channel,2026-07-14,https://www.sothebys.com/en/buy/auction/2026/contemporary-discoveries,False,1,62.5,-62.5
https://www.sothebys.com/en/buy/auction/2026/contemporary-discoveries/mirror-25,8000.0,10240.0,8000.0,10240.0,2000.0,3000.0,2000.0,3000.0,USD,Sothebys,Pop Culture,N/A,Mirror 25,2026-07-14,https://www.sothebys.com/en/buy/auction/2026/contemporary-discoveries,False,1,68.75,-68.75
https://www.sothebys.com/en/buy/auction/2026/contemporary-discoveries/time-exposed,19000.0,24320.0,19000.0,24320.0,12000.0,18000.0,12000.0,18000.0,USD,Sothebys,Pop Culture,N/A,Time Exposed,2026-07-14,https://www.sothebys.com/en/buy/auction/2026/contemporary-discoveries,False,1,21.05263157894737,-21.05263157894737
https://www.sothebys.com/en/buy/auction/2026/contemporary-discoveries/stonebreaker-for-gravel-gunzburg-germany,8500.0,10880.0,8500.0,10880.0,8000.0,12000.0,8000.0,12000.0,USD,Sothebys,Automotive,N/A,Stonebreaker (For Gravel),2026-07-14,https://www.sothebys.com/en/buy/auction/2026/contemporary-discoveries,False,1,17.647058823529413,17.647058823529413
https://www.sothebys.com/en/buy/auction/2026/contemporary-discoveries/shipbreaking-1-chittagong-bangladesh,10000.0,12800.0,10000.0,12800.0,10000.0,15000.0,10000.0,15000.0,USD,Sothebys,Pop Culture,N/A,"Shipbreaking #1, Chittagong, Bangladesh",2026-07-14,https://www.sothebys.com/en/buy/auction/2026/contemporary-discoveries,False,1,25.0,25.0
https://www.sothebys.com/en/buy/auction/2026/contemporary-discoveries/untitled-airport,9500.0,12160.0,9500.0,12160.0,5000.0,7000.0,5000.0,7000.0,USD,Sothebys,Pop Culture,N/A,Untitled (Airport),2026-07-14,https://www.sothebys.com/en/buy/auction/2026/contemporary-discoveries,False,1,36.8421052631579,-36.8421052631579
https://www.sothebys.com/en/buy/auction/2026/contemporary-discoveries/presidency,2800.0,3584.0,2800.0,3584.0,5000.0,7000.0,5000.0,7000.0,USD,Sothebys,Pop Culture,N/A,Presidency,2026-07-14,https://www.sothebys.com/en/buy/auction/2026/contemporary-discoveries,False,1,114.28571428571429,114.28571428571429
https://www.sothebys.com/en/buy/auction/2026/contemporary-discoveries/rouen-cathedral-gray-day-after-claude-monet-from,8000.0,10240.0,8000.0,10240.0,10000.0,15000.0,10000.0,15000.0,USD,Sothebys,Pop Culture,N/A,"Rouen Cathedral, Gray Day, after Claude Monet (from Pictures of Pigment)",2026-07-14,https://www.sothebys.com/en/buy/auction/2026/contemporary-discoveries,False,1,56.25,56.25
https://www.sothebys.com/en/buy/auction/2026/contemporary-discoveries/a-husband-and-wife-in-the-woods-at-a-nudist-camp-n,3800.0,4864.0,3800.0,4864.0,5000.0,7000.0,5000.0,7000.0,USD,Sothebys,Pop Culture,N/A,"A husband and wife in the woods at a nudist camp, N. J.",2026-07-14,https://www.sothebys.com/en/buy/auction/2026/contemporary-discoveries,False,1,57.89473684210526,57.89473684210526
https://www.sothebys.com/en/buy/auction/2026/contemporary-discoveries/the-blind-10,25000.0,32000.0,25000.0,32000.0,10000.0,15000.0,10000.0,15000.0,USD,Sothebys,Pop Culture,N/A,The Blind #10,2026-07-14,https://www.sothebys.com/en/buy/auction/2026/contemporary-discoveries,False,1,50.0,-50.0
https://www.sothebys.com/en/buy/auction/2026/contemporary-discoveries/reverse-rembrandt-detail,3200.0,4096.0,3200.0,4096.0,4000.0,6000.0,4000.0,6000.0,USD,Sothebys,Pop Culture,N/A,Reverse Rembrandt Detail,2026-07-14,https://www.sothebys.com/en/buy/auction/2026/contemporary-discoveries,False,1,56.25,56.25
https://www.sothebys.com/en/buy/auction/2026/contemporary-discoveries/charbonnier-paris,8000.0,10240.0,8000.0,10240.0,10000.0,15000.0,10000.0,15000.0,USD,Sothebys,Pop Culture,N/A,"Charbonnier, Paris",2026-07-14,https://www.sothebys.com/en/buy/auction/2026/contemporary-discoveries,False,1,56.25,56.25
https://www.sothebys.com/en/buy/auction/2026/contemporary-discoveries/buster-keaton-from-pictures-of-ink,6500.0,8320.0,6500.0,8320.0,8000.0,12000.0,8000.0,12000.0,USD,Sothebys,Pop Culture,N/A,Buster Keaton (from Pictures of Ink),2026-07-14,https://www.sothebys.com/en/buy/auction/2026/contemporary-discoveries,False,1,53.84615384615385,53.84615384615385
https://www.sothebys.com/en/buy/auction/2026/contemporary-discoveries/untitled-lucille-ball,13000.0,16640.0,13000.0,16640.0,7000.0,9000.0,7000.0,9000.0,USD,Sothebys,Pop Culture,N/A,Untitled (Lucille Ball),2026-07-14,https://www.sothebys.com/en/buy/auction/2026/contemporary-discoveries,False,1,38.46153846153846,-38.46153846153846
https://www.sothebys.com/en/buy/auction/2026/contemporary-discoveries/the-girl-next-door,5500.0,7040.0,5500.0,7040.0,5000.0,7000.0,5000.0,7000.0,USD,Sothebys,Pop Culture,N/A,The Girl Next Door,2026-07-14,https://www.sothebys.com/en/buy/auction/2026/contemporary-discoveries,False,1,9.090909090909092,9.090909090909092
https://www.sothebys.com/en/buy/auction/2026/contemporary-discoveries/international-herald-tribune-from-objets-de-greve,700.0,896.0,700.0,896.0,5000.0,7000.0,5000.0,7000.0,USD,Sothebys,Pop Culture,N/A,International Herald Tribune (from Objets de grève),2026-07-14,https://www.sothebys.com/en/buy/auction/2026/contemporary-discoveries,False,1,757.1428571428571,757.1428571428571
https://www.sothebys.com/en/buy/auction/2026/contemporary-discoveries/la-pantinoise-from-objets-de-greve,1000.0,1280.0,1000.0,1280.0,5000.0,7000.0,5000.0,7000.0,USD,Sothebys,Pop Culture,N/A,La Pantinoise (from Objets de grève),2026-07-14,https://www.sothebys.com/en/buy/auction/2026/contemporary-discoveries,False,1,500.0,500.0
https://www.sothebys.com/en/buy/auction/2026/contemporary-discoveries/betta-splendens-new-york-city-no-03048,1100.0,1408.0,1100.0,1408.0,4000.0,6000.0,4000.0,6000.0,USD,Sothebys,Pop Culture,N/A,"Betta Splendens, New York City (No. 03048)",2026-07-14,https://www.sothebys.com/en/buy/auction/2026/contemporary-discoveries,False,1,354.54545454545456,354.54545454545456
https://www.sothebys.com/en/buy/auction/2026/contemporary-discoveries/betta-splendens-new-york-city-no-no-05018,1100.0,1408.0,1100.0,1408.0,4000.0,6000.0,4000.0,6000.0,USD,Sothebys,Pop Culture,N/A,"Betta Splendens, New York City (No. No. 05018)",2026-07-14,https://www.sothebys.com/en/buy/auction/2026/contemporary-discoveries,False,1,354.54545454545456,354.54545454545456
https://www.sothebys.com/en/buy/auction/2026/contemporary-discoveries/phenomena-eagles-nest,4800.0,6144.0,4800.0,6144.0,6000.0,8000.0,6000.0,8000.0,USD,Sothebys,Pop Culture,N/A,Phenomena Eagle’s Nest,2026-07-14,https://www.sothebys.com/en/buy/auction/2026/contemporary-discoveries,False,1,45.833333333333336,45.833333333333336
https://www.sothebys.com/en/buy/auction/2026/contemporary-discoveries/bagdad-p10,5500.0,7040.0,5500.0,7040.0,6000.0,9000.0,6000.0,9000.0,USD,Sothebys,Pop Culture,N/A,Bagdad — P10,2026-07-14,https://www.sothebys.com/en/buy/auction/2026/contemporary-discoveries,False,1,36.36363636363637,36.36363636363637
https://www.sothebys.com/en/buy/auction/2026/contemporary-discoveries/garden-2,4200.0,5376.0,4200.0,5376.0,6000.0,8000.0,6000.0,8000.0,USD,Sothebys,Pop Culture,N/A,Garden 2,2026-07-14,https://www.sothebys.com/en/buy/auction/2026/contemporary-discoveries,False,1,66.66666666666667,66.66666666666667
https://www.sothebys.com/en/buy/auction/2026/contemporary-discoveries/philodendron-frost,15000.0,19200.0,15000.0,19200.0,15000.0,20000.0,15000.0,20000.0,USD,Sothebys,Pop Culture,N/A,Philodendron (Frost),2026-07-14,https://www.sothebys.com/en/buy/auction/2026/contemporary-discoveries,False,1,16.666666666666668,16.666666666666668
https://www.sothebys.com/en/buy/auction/2026/contemporary-discoveries/crommelynck-gate-the-black-dust,17000.0,21760.0,17000.0,21760.0,20000.0,30000.0,20000.0,30000.0,USD,Sothebys,Pop Culture,N/A,Crommelynck Gate (The Black Dust),2026-07-14,https://www.sothebys.com/en/buy/auction/2026/contemporary-discoveries,False,1,47.05882352941177,47.05882352941177
https://www.sothebys.com/en/buy/auction/2026/contemporary-discoveries/untitled-heavenly-bath,12000.0,15360.0,12000.0,15360.0,7000.0,10000.0,7000.0,10000.0,USD,Sothebys,Pop Culture,N/A,Untitled (Heavenly Bath),2026-07-14,https://www.sothebys.com/en/buy/auction/2026/contemporary-discoveries,False,1,29.166666666666668,-29.166666666666668
https://www.sothebys.com/en/buy/auction/2026/contemporary-discoveries/hearts,3000.0,3840.0,3000.0,3840.0,5000.0,7000.0,5000.0,7000.0,USD,Sothebys,Pop Culture,N/A,Hearts,2026-07-14,https://www.sothebys.com/en/buy/auction/2026/contemporary-discoveries,False,1,100.0,100.0
https://www.sothebys.com/en/buy/auction/2026/contemporary-discoveries/hearts-2,4800.0,6144.0,4800.0,6144.0,5000.0,7000.0,5000.0,7000.0,USD,Sothebys,Pop Culture,N/A,Hearts,2026-07-14,https://www.sothebys.com/en/buy/auction/2026/contemporary-discoveries,False,1,25.0,25.0
https://www.sothebys.com/en/buy/auction/2026/contemporary-discoveries/the-american-dream-no-2-sheehan-125,6000.0,7680.0,6000.0,7680.0,5000.0,7000.0,5000.0,7000.0,USD,Sothebys,Pop Culture,N/A,The American Dream No. 2 (Sheehan 125),2026-07-14,https://www.sothebys.com/en/buy/auction/2026/contemporary-discoveries,False,1,0.0,0.0
https://www.sothebys.com/en/buy/auction/2026/contemporary-discoveries/segovia-si,12000.0,15360.0,12000.0,15360.0,8000.0,12000.0,8000.0,12000.0,USD,Sothebys,Pop Culture,N/A,Segovia Si!,2026-07-14,https://www.sothebys.com/en/buy/auction/2026/contemporary-discoveries,False,1,16.666666666666668,-16.666666666666668
https://www.sothebys.com/en/buy/auction/2026/contemporary-discoveries/munich-1919,700.0,896.0,700.0,896.0,800.0,1200.0,800.0,1200.0,USD,Sothebys,Pop Culture,N/A,Munich 1919,2026-07-14,https://www.sothebys.com/en/buy/auction/2026/contemporary-discoveries,False,1,42.857142857142854,42.857142857142854
https://www.sothebys.com/en/buy/auction/2026/contemporary-discoveries/nude-model-with-banner-and-fish-weathervane,300.0,384.0,300.0,384.0,700.0,1000.0,700.0,1000.0,USD,Sothebys,Pop Culture,N/A,Nude Model with Banner and Fish Weathervane,2026-07-14,https://www.sothebys.com/en/buy/auction/2026/contemporary-discoveries,False,1,183.33333333333334,183.33333333333334
https://www.sothebys.com/en/buy/auction/2026/contemporary-discoveries/fish-from-fruits-and-flowers,700.0,896.0,700.0,896.0,800.0,1200.0,800.0,1200.0,USD,Sothebys,Pop Culture,N/A,"Fish, from Fruits and Flowers",2026-07-14,https://www.sothebys.com/en/buy/auction/2026/contemporary-discoveries,False,1,42.857142857142854,42.857142857142854
https://www.sothebys.com/en/buy/auction/2026/contemporary-discoveries/coloring-book-35,10000.0,12800.0,10000.0,12800.0,15000.0,20000.0,15000.0,20000.0,USD,Sothebys,Pop Culture,N/A,Coloring Book 35,2026-07-14,https://www.sothebys.com/en/buy/auction/2026/contemporary-discoveries,False,1,75.0,75.0
https://www.sothebys.com/en/buy/auction/2026/contemporary-discoveries/paloma-picasso-from-hommage-a-picasso-feldman,13000.0,16640.0,13000.0,16640.0,8000.0,12000.0,8000.0,12000.0,USD,Sothebys,Pop Culture,N/A,"Paloma Picasso, from Hommage à Picasso (Feldman & Schellmann II.121)",2026-07-14,https://www.sothebys.com/en/buy/auction/2026/contemporary-discoveries,False,1,23.076923076923077,-23.076923076923077
https://www.sothebys.com/en/buy/auction/2026/contemporary-discoveries/mirror-2-corlett-107-rlcr-2033,13000.0,16640.0,13000.0,16640.0,8000.0,12000.0,8000.0,12000.0,USD,Sothebys,Pop Culture,N/A,Mirror #2 (Corlett 107; RLCR 2033),2026-07-14,https://www.sothebys.com/en/buy/auction/2026/contemporary-discoveries,False,1,23.076923076923077,-23.076923076923077
https://www.sothebys.com/en/buy/auction/2026/contemporary-discoveries/narcisse-martin-8,800.0,1024.0,800.0,1024.0,1000.0,1500.0,1000.0,1500.0,USD,Sothebys,Pop Culture,N/A,Narcisse (Martin 8),2026-07-14,https://www.sothebys.com/en/buy/auction/2026/contemporary-discoveries,False,1,56.25,56.25
https://www.sothebys.com/en/buy/auction/2026/contemporary-discoveries/dreamer,2500.0,3200.0,2500.0,3200.0,4000.0,6000.0,4000.0,6000.0,USD,Sothebys,Pop Culture,N/A,Dreamer,2026-07-14,https://www.sothebys.com/en/buy/auction/2026/contemporary-discoveries,False,1,100.0,100.0
https://www.sothebys.com/en/buy/auction/2026/contemporary-discoveries/st-martin-obeah-sorcier-de-st-martin-manmbo-st,7500.0,9600.0,7500.0,9600.0,10000.0,15000.0,10000.0,15000.0,USD,Sothebys,Pop Culture,N/A,"St. Martin Obeah (Sorcier de St. Martin, Manmbo St. Martin Yan)",2026-07-14,https://www.sothebys.com/en/buy/auction/2026/contemporary-discoveries,False,1,66.66666666666667,66.66666666666667
https://www.sothebys.com/en/buy/auction/2026/contemporary-discoveries/untitled-32,14000.0,17920.0,14000.0,17920.0,15000.0,20000.0,15000.0,20000.0,USD,Sothebys,Pop Culture,N/A,Head,2026-07-14,https://www.sothebys.com/en/buy/auction/2026/contemporary-discoveries,False,1,25.0,25.0
https://www.sothebys.com/en/buy/auction/2026/contemporary-discoveries/portrait-of-david-burlick,9000.0,11520.0,9000.0,11520.0,8000.0,12000.0,8000.0,12000.0,USD,Sothebys,Pop Culture,N/A,Untitled (Portrait of David Burliuk),2026-07-14,https://www.sothebys.com/en/buy/auction/2026/contemporary-discoveries,False,1,11.11111111111111,11.11111111111111
https://www.sothebys.com/en/buy/auction/2026/contemporary-discoveries/untitled-35,8000.0,10240.0,8000.0,10240.0,10000.0,15000.0,10000.0,15000.0,USD,Sothebys,Sports,N/A,Untitled,2026-07-14,https://www.sothebys.com/en/buy/auction/2026/contemporary-discoveries,False,1,56.25,56.25
https://www.sothebys.com/en/buy/auction/2026/contemporary-discoveries/untitled-ecorche-studies,9500.0,12160.0,9500.0,12160.0,6000.0,8000.0,6000.0,8000.0,USD,Sothebys,Pop Culture,N/A,Untitled (Écorché Studies),2026-07-14,https://www.sothebys.com/en/buy/auction/2026/contemporary-discoveries,False,1,26.31578947368421,-26.31578947368421
https://www.sothebys.com/en/buy/auction/2026/contemporary-discoveries/untitled-two-works-2,7000.0,8960.0,7000.0,8960.0,8000.0,12000.0,8000.0,12000.0,USD,Sothebys,Pop Culture,N/A,Untitled [Two Works],2026-07-14,https://www.sothebys.com/en/buy/auction/2026/contemporary-discoveries,False,1,42.857142857142854,42.857142857142854
https://www.sothebys.com/en/buy/auction/2026/contemporary-discoveries/brothers-grimm-studies,6000.0,7680.0,6000.0,7680.0,5000.0,7000.0,5000.0,7000.0,USD,Sothebys,Pop Culture,N/A,Brothers Grimm Studies,2026-07-14,https://www.sothebys.com/en/buy/auction/2026/contemporary-discoveries,False,1,0.0,0.0
https://www.sothebys.com/en/buy/auction/2026/contemporary-discoveries/my-mother-at-the-age-of-twenty-from-a-photograph,3200.0,4096.0,3200.0,4096.0,5000.0,7000.0,5000.0,7000.0,USD,Sothebys,Pop Culture,N/A,My Mother at the Age of Twenty (from a Photograph); and Untitled (Woman Hoeing): Two Studies for Felicte in “A Simple Heart” of Gustave Flaubert,2026-07-14,https://www.sothebys.com/en/buy/auction/2026/contemporary-discoveries,False,1,87.5,87.5
https://www.sothebys.com/en/buy/auction/2026/contemporary-discoveries/three-prints-scottish-arts-council-66-124-125,3500.0,4480.0,3500.0,4480.0,5000.0,7000.0,5000.0,7000.0,USD,Sothebys,Pop Culture,N/A,Three Prints,2026-07-14,https://www.sothebys.com/en/buy/auction/2026/contemporary-discoveries,False,1,71.42857142857143,71.42857142857143
https://www.sothebys.com/en/buy/auction/2026/contemporary-discoveries/celia-elegant-museum-of-contemporary-art-tokyo-224,7000.0,8960.0,7000.0,8960.0,5000.0,7000.0,5000.0,7000.0,USD,Sothebys,Pop Culture,N/A,"Celia Elegant (Museum of Contemporary Art, Tokyo 224)",2026-07-14,https://www.sothebys.com/en/buy/auction/2026/contemporary-discoveries,False,1,14.285714285714286,-14.285714285714286
https://www.sothebys.com/en/buy/auction/2026/contemporary-discoveries/accumulated-vision-length-ratios-in-perspective-no,2800.0,3584.0,2800.0,3584.0,5000.0,7000.0,5000.0,7000.0,USD,Sothebys,Pop Culture,N/A,Accumulated Vision: Length Ratios (in Perspective) No. 7,2026-07-14,https://www.sothebys.com/en/buy/auction/2026/contemporary-discoveries,False,1,114.28571428571429,114.28571428571429
https://www.sothebys.com/en/buy/auction/2026/contemporary-discoveries/diagrammatic-silhouettes-sculptured-activities,6000.0,7680.0,6000.0,7680.0,18000.0,25000.0,18000.0,25000.0,USD,Sothebys,Pop Culture,N/A,Diagrammatic Silhouettes: Sculptured Activities,2026-07-14,https://www.sothebys.com/en/buy/auction/2026/contemporary-discoveries,False,1,258.3333333333333,258.3333333333333
https://www.sothebys.com/en/buy/auction/2026/contemporary-discoveries/imola-three-ii-state-i-from-circuits-axsom-142-1a,16000.0,20480.0,16000.0,20480.0,15000.0,25000.0,15000.0,25000.0,USD,Sothebys,Pop Culture,N/A,"Imola Three II, State I, from Circuits (Axsom 142.1a)",2026-07-14,https://www.sothebys.com/en/buy/auction/2026/contemporary-discoveries,False,1,25.0,25.0
https://www.sothebys.com/en/buy/auction/2026/contemporary-discoveries/black-with-no-way-out-walker-art-center-313,17000.0,21760.0,17000.0,21760.0,10000.0,15000.0,10000.0,15000.0,USD,Sothebys,Pop Culture,N/A,Black with No Way Out (Walker Art Center 313),2026-07-14,https://www.sothebys.com/en/buy/auction/2026/contemporary-discoveries,False,1,26.470588235294116,-26.470588235294116
https://www.sothebys.com/en/buy/auction/2026/contemporary-discoveries/elegy-study-walker-art-center-240,4200.0,5376.0,4200.0,5376.0,3000.0,5000.0,3000.0,5000.0,USD,Sothebys,Pop Culture,N/A,Elegy Study (Walker Art Center 240),2026-07-14,https://www.sothebys.com/en/buy/auction/2026/contemporary-discoveries,False,1,4.761904761904762,-4.761904761904762
https://www.sothebys.com/en/buy/auction/2026/contemporary-discoveries/untitled-30,4200.0,5376.0,4200.0,5376.0,5000.0,7000.0,5000.0,7000.0,USD,Sothebys,Sports,N/A,Untitled,2026-07-14,https://www.sothebys.com/en/buy/auction/2026/contemporary-discoveries,False,1,42.857142857142854,42.857142857142854
https://www.sothebys.com/en/buy/auction/2026/contemporary-discoveries/untitled-48,4500.0,5760.0,4500.0,5760.0,5000.0,7000.0,5000.0,7000.0,USD,Sothebys,Sports,N/A,Untitled,2026-07-14,https://www.sothebys.com/en/buy/auction/2026/contemporary-discoveries,False,1,33.333333333333336,33.333333333333336
https://www.sothebys.com/en/buy/auction/2026/contemporary-discoveries/draussen-vorbeigehen,4200.0,5376.0,4200.0,5376.0,4000.0,6000.0,4000.0,6000.0,USD,Sothebys,Pop Culture,N/A,Draußen Vorbeigehen,2026-07-14,https://www.sothebys.com/en/buy/auction/2026/contemporary-discoveries,False,1,19.047619047619047,19.047619047619047
https://www.sothebys.com/en/buy/auction/2026/contemporary-discoveries/in-darkness-let-me-swell,4200.0,5376.0,4200.0,5376.0,5000.0,7000.0,5000.0,7000.0,USD,Sothebys,Pop Culture,N/A,In darkness let me swell,2026-07-14,https://www.sothebys.com/en/buy/auction/2026/contemporary-discoveries,False,1,42.857142857142854,42.857142857142854
https://www.sothebys.com/en/buy/auction/2026/contemporary-discoveries/the-oceanic-feeling,3000.0,3840.0,3000.0,3840.0,3000.0,5000.0,3000.0,5000.0,USD,Sothebys,Pop Culture,N/A,the oceanic feeling,2026-07-14,https://www.sothebys.com/en/buy/auction/2026/contemporary-discoveries,False,1,33.333333333333336,33.333333333333336
https://www.sothebys.com/en/buy/auction/2026/contemporary-discoveries/toolpaths-for-bellona-page-119,3200.0,4096.0,3200.0,4096.0,4000.0,6000.0,4000.0,6000.0,USD,Sothebys,Pop Culture,N/A,Toolpaths for Bellona [page 119],2026-07-14,https://www.sothebys.com/en/buy/auction/2026/contemporary-discoveries,False,1,56.25,56.25
https://www.sothebys.com/en/buy/auction/2026/contemporary-discoveries/general-delivery,2800.0,3584.0,2800.0,3584.0,800.0,1200.0,800.0,1200.0,USD,Sothebys,Pop Culture,N/A,General Delivery,2026-07-14,https://www.sothebys.com/en/buy/auction/2026/contemporary-discoveries,False,1,64.28571428571429,-64.28571428571429
https://www.sothebys.com/en/buy/auction/2026/contemporary-discoveries/wil-cal,19000.0,24320.0,19000.0,24320.0,5000.0,7000.0,5000.0,7000.0,USD,Sothebys,Pop Culture,N/A,Wil Cal,2026-07-14,https://www.sothebys.com/en/buy/auction/2026/contemporary-discoveries,False,1,68.42105263157895,-68.42105263157895
https://www.sothebys.com/en/buy/auction/2026/contemporary-discoveries/displacement-32028-1-12,17000.0,21760.0,17000.0,21760.0,8000.0,12000.0,8000.0,12000.0,USD,Sothebys,Pop Culture,N/A,"Displacement [32028, 1, 12]​",2026-07-14,https://www.sothebys.com/en/buy/auction/2026/contemporary-discoveries,False,1,41.1764705882353,-41.1764705882353
https://www.sothebys.com/en/buy/auction/2026/contemporary-discoveries/suicide-painting-xxviii,17000.0,21760.0,17000.0,21760.0,15000.0,20000.0,15000.0,20000.0,USD,Sothebys,Pop Culture,N/A,Suicide Painting XXVIII,2026-07-14,https://www.sothebys.com/en/buy/auction/2026/contemporary-discoveries,False,1,2.9411764705882355,2.9411764705882355
https://www.sothebys.com/en/buy/auction/2026/contemporary-discoveries/green-ratio-plus-red-angle,10000.0,12800.0,10000.0,12800.0,20000.0,30000.0,20000.0,30000.0,USD,Sothebys,Pop Culture,N/A,Green Ratio Plus Red Angle,2026-07-14,https://www.sothebys.com/en/buy/auction/2026/contemporary-discoveries,False,1,150.0,150.0
https://www.sothebys.com/en/buy/auction/2026/contemporary-discoveries/whiteness-3,7500.0,9600.0,7500.0,9600.0,15000.0,20000.0,15000.0,20000.0,USD,Sothebys,Pop Culture,N/A,Whiteness 3,2026-07-14,https://www.sothebys.com/en/buy/auction/2026/contemporary-discoveries,False,1,133.33333333333334,133.33333333333334
https://www.sothebys.com/en/buy/auction/2026/contemporary-discoveries/untitled-22,5500.0,7040.0,5500.0,7040.0,5000.0,7000.0,5000.0,7000.0,USD,Sothebys,Sports,N/A,Untitled,2026-07-14,https://www.sothebys.com/en/buy/auction/2026/contemporary-discoveries,False,1,9.090909090909092,9.090909090909092
https://www.sothebys.com/en/buy/auction/2026/contemporary-discoveries/uprooted-orchid,7000.0,8960.0,7000.0,8960.0,10000.0,15000.0,10000.0,15000.0,USD,Sothebys,Pop Culture,N/A,Uprooted Orchid,2026-07-14,https://www.sothebys.com/en/buy/auction/2026/contemporary-discoveries,False,1,78.57142857142857,78.57142857142857
https://www.sothebys.com/en/buy/auction/2026/contemporary-discoveries/project-for-a-monument,6000.0,7680.0,6000.0,7680.0,3000.0,4000.0,3000.0,4000.0,USD,Sothebys,Pop Culture,N/A,Project for a Monument,2026-07-14,https://www.sothebys.com/en/buy/auction/2026/contemporary-discoveries,False,1,41.666666666666664,-41.666666666666664
https://www.sothebys.com/en/buy/auction/2026/contemporary-discoveries/jericho,300.0,384.0,300.0,384.0,500.0,700.0,500.0,700.0,USD,Sothebys,Pop Culture,N/A,Jericho,2026-07-14,https://www.sothebys.com/en/buy/auction/2026/contemporary-discoveries,False,1,100.0,100.0
https://www.sothebys.com/en/buy/auction/2026/contemporary-discoveries/torah,700.0,896.0,700.0,896.0,500.0,700.0,500.0,700.0,USD,Sothebys,Pop Culture,N/A,Torah,2026-07-14,https://www.sothebys.com/en/buy/auction/2026/contemporary-discoveries,False,1,14.285714285714286,-14.285714285714286
https://www.sothebys.com/en/buy/auction/2026/contemporary-discoveries/narratives,9000.0,11520.0,9000.0,11520.0,12000.0,18000.0,12000.0,18000.0,USD,Sothebys,Sports,N/A,N/A,2026-07-14,https://www.sothebys.com/en/buy/auction/2026/contemporary-discoveries,False,1,66.66666666666667,66.66666666666667
https://www.sothebys.com/en/buy/auction/2026/contemporary-discoveries/paris-review,4000.0,5120.0,4000.0,5120.0,3000.0,5000.0,3000.0,5000.0,USD,Sothebys,Pop Culture,N/A,Paris Review,2026-07-14,https://www.sothebys.com/en/buy/auction/2026/contemporary-discoveries,False,1,0.0,0.0
https://www.sothebys.com/en/buy/auction/2026/contemporary-discoveries/new-media,900.0,1152.0,900.0,1152.0,800.0,1200.0,800.0,1200.0,USD,Sothebys,Pop Culture,N/A,New Media,2026-07-14,https://www.sothebys.com/en/buy/auction/2026/contemporary-discoveries,False,1,11.11111111111111,11.11111111111111
https://www.sothebys.com/en/buy/auction/2026/contemporary-discoveries/negroes-to-be-sold,2500.0,3200.0,2500.0,3200.0,5000.0,7000.0,5000.0,7000.0,USD,Sothebys,Pop Culture,N/A,Negroes to be Sold,2026-07-14,https://www.sothebys.com/en/buy/auction/2026/contemporary-discoveries,False,1,140.0,140.0
https://www.sothebys.com/en/buy/auction/2026/contemporary-discoveries/hell-its-only-forever-1,3800.0,4864.0,3800.0,4864.0,5000.0,7000.0,5000.0,7000.0,USD,Sothebys,Pop Culture,N/A,Hell... It's Only Forever 1,2026-07-14,https://www.sothebys.com/en/buy/auction/2026/contemporary-discoveries,False,1,57.89473684210526,57.89473684210526
https://www.sothebys.com/en/buy/auction/2026/contemporary-discoveries/cult-of-death,3000.0,3840.0,3000.0,3840.0,8000.0,12000.0,8000.0,12000.0,USD,Sothebys,Pop Culture,N/A,Cult of Death,2026-07-14,https://www.sothebys.com/en/buy/auction/2026/contemporary-discoveries,False,1,233.33333333333334,233.33333333333334
https://www.sothebys.com/en/buy/auction/2026/contemporary-discoveries/hands-hands-hands-hands-hands-hands-2-hoodies,7000.0,8960.0,7000.0,8960.0,10000.0,15000.0,10000.0,15000.0,USD,Sothebys,Pop Culture,N/A,Hands hands hands hands hands hands 2 hoodies,2026-07-14,https://www.sothebys.com/en/buy/auction/2026/contemporary-discoveries,False,1,78.57142857142857,78.57142857142857
https://www.sothebys.com/en/buy/auction/2026/contemporary-discoveries/winter-embrace,6500.0,8320.0,6500.0,8320.0,5000.0,7000.0,5000.0,7000.0,USD,Sothebys,Pop Culture,N/A,Winter Embrace,2026-07-14,https://www.sothebys.com/en/buy/auction/2026/contemporary-discoveries,False,1,7.6923076923076925,-7.6923076923076925
https://www.sothebys.com/en/buy/auction/2026/contemporary-discoveries/the-land-of-cockaigne,4200.0,5376.0,4200.0,5376.0,5000.0,7000.0,5000.0,7000.0,USD,Sothebys,Pop Culture,N/A,The Land of Cockaigne,2026-07-14,https://www.sothebys.com/en/buy/auction/2026/contemporary-discoveries,False,1,42.857142857142854,42.857142857142854
https://www.sothebys.com/en/buy/auction/2026/contemporary-discoveries/six-birch-spoons,10000.0,12800.0,10000.0,12800.0,12000.0,18000.0,12000.0,18000.0,USD,Sothebys,Pop Culture,N/A,Six Birch Spoons,2026-07-14,https://www.sothebys.com/en/buy/auction/2026/contemporary-discoveries,False,1,50.0,50.0
https://www.sothebys.com/en/buy/auction/2026/contemporary-discoveries/the-nose,3500.0,4480.0,3500.0,4480.0,2000.0,3000.0,2000.0,3000.0,USD,Sothebys,Pop Culture,N/A,The Nose,2026-07-14,https://www.sothebys.com/en/buy/auction/2026/contemporary-discoveries,False,1,28.571428571428573,-28.571428571428573
https://www.sothebys.com/en/buy/auction/2026/contemporary-discoveries/untitled-when-bodies-turn-to-stone-they-contain-me,800.0,1024.0,800.0,1024.0,600.0,800.0,600.0,800.0,USD,Sothebys,Pop Culture,N/A,"Untitled (When Bodies Turn to Stone, they Contain me and the Sky Contained Our Garden)",2026-07-14,https://www.sothebys.com/en/buy/auction/2026/contemporary-discoveries,False,1,12.5,-12.5
https://www.sothebys.com/en/buy/auction/2026/contemporary-discoveries/romeo-e-giulietta,1500.0,1920.0,1500.0,1920.0,1500.0,2500.0,1500.0,2500.0,USD,Sothebys,Pop Culture,N/A,Romeo e Giulietta,2026-07-14,https://www.sothebys.com/en/buy/auction/2026/contemporary-discoveries,False,1,33.333333333333336,33.333333333333336
https://www.sothebys.com/en/buy/auction/2026/contemporary-discoveries/agents-two-works,400.0,512.0,400.0,512.0,2000.0,3000.0,2000.0,3000.0,USD,Sothebys,Pop Culture,N/A,Agents [Two Works],2026-07-14,https://www.sothebys.com/en/buy/auction/2026/contemporary-discoveries,False,1,525.0,525.0
https://www.sothebys.com/en/buy/auction/2026/contemporary-discoveries/galeb,5000.0,6400.0,5000.0,6400.0,6000.0,8000.0,6000.0,8000.0,USD,Sothebys,Pop Culture,N/A,Galeb,2026-07-14,https://www.sothebys.com/en/buy/auction/2026/contemporary-discoveries,False,1,40.0,40.0
https://www.sothebys.com/en/buy/auction/2026/contemporary-discoveries/eve,1000.0,1280.0,1000.0,1280.0,1200.0,1800.0,1200.0,1800.0,USD,Sothebys,Pop Culture,N/A,Eve,2026-07-14,https://www.sothebys.com/en/buy/auction/2026/contemporary-discoveries,False,1,50.0,50.0
https://www.sothebys.com/en/buy/auction/2026/contemporary-discoveries/letang-riviere-230-237,7000.0,8960.0,7000.0,8960.0,10000.0,15000.0,10000.0,15000.0,USD,Sothebys,Pop Culture,N/A,L'Étang (Rivière 230-237),2026-07-14,https://www.sothebys.com/en/buy/auction/2026/contemporary-discoveries,False,1,78.57142857142857,78.57142857142857
https://www.sothebys.com/en/buy/auction/2026/contemporary-discoveries/untitled-three-works,9000.0,11520.0,9000.0,11520.0,8000.0,12000.0,8000.0,12000.0,USD,Sothebys,Pop Culture,N/A,Untitled [Three Works],2026-07-14,https://www.sothebys.com/en/buy/auction/2026/contemporary-discoveries,False,1,11.11111111111111,11.11111111111111
https://www.sothebys.com/en/buy/auction/2026/contemporary-discoveries/the-picture-of-dorian-gray-edition-a-mikro-47,2000.0,2560.0,2000.0,2560.0,3000.0,5000.0,3000.0,5000.0,USD,Sothebys,Pop Culture,N/A,The Picture of Dorian Gray (Edition A) (Mikro 47),2026-07-14,https://www.sothebys.com/en/buy/auction/2026/contemporary-discoveries,False,1,100.0,100.0
https://www.sothebys.com/en/buy/auction/2026/contemporary-discoveries/sphere-black,8500.0,10880.0,8500.0,10880.0,5000.0,7000.0,5000.0,7000.0,USD,Sothebys,Pop Culture,N/A,Sphere (Black),2026-07-14,https://www.sothebys.com/en/buy/auction/2026/contemporary-discoveries,False,1,29.41176470588235,-29.41176470588235
https://www.sothebys.com/en/buy/auction/2026/contemporary-discoveries/superflat-monogram-panda-his-friends,10000.0,12800.0,10000.0,12800.0,5000.0,7000.0,5000.0,7000.0,USD,Sothebys,Pop Culture,N/A,SUPERFLAT Monogram: Panda & His Friends,2026-07-14,https://www.sothebys.com/en/buy/auction/2026/contemporary-discoveries,False,1,40.0,-40.0
https://www.sothebys.com/en/buy/auction/2026/contemporary-discoveries/stacked,1400.0,1792.0,1400.0,1792.0,1000.0,1500.0,1000.0,1500.0,USD,Sothebys,Pop Culture,N/A,Stacked,2026-07-14,https://www.sothebys.com/en/buy/auction/2026/contemporary-discoveries,False,1,10.714285714285714,-10.714285714285714
https://www.sothebys.com/en/buy/auction/2026/contemporary-discoveries/samarkand-stitches-iv,6500.0,8320.0,6500.0,8320.0,4000.0,6000.0,4000.0,6000.0,USD,Sothebys,Pop Culture,N/A,Samarkand Stitches #IV,2026-07-14,https://www.sothebys.com/en/buy/auction/2026/contemporary-discoveries,False,1,23.076923076923077,-23.076923076923077
https://www.sothebys.com/en/buy/auction/2026/space-exploration-2/pioneer-0-able-1,12000.0,15360.0,12000.0,15360.0,3000.0,5000.0,,,USD,Sothebys,Pop Culture,N/A,Pioneer 0/Able 1,,https://www.sothebys.com/en/buy/auction/2026/space-exploration-2,False,1,66.66666666666667,-66.66666666666667
https://www.sothebys.com/en/buy/auction/2026/space-exploration-2/x-15,5500.0,7040.0,5500.0,7040.0,8000.0,12000.0,,,USD,Sothebys,Automotive,N/A,[X-15],,https://www.sothebys.com/en/buy/auction/2026/space-exploration-2,False,1,81.81818181818181,81.81818181818181
https://www.sothebys.com/en/buy/auction/2026/space-exploration-2/north-american-x-15,9000.0,11520.0,9000.0,11520.0,5000.0,8000.0,,,USD,Sothebys,Automotive,N/A,North American X-15,,https://www.sothebys.com/en/buy/auction/2026/space-exploration-2,False,1,27.77777777777778,-27.77777777777778
https://www.sothebys.com/en/buy/auction/2026/space-exploration-2/voskhod-2,4500.0,5760.0,4500.0,5760.0,2000.0,3000.0,,,USD,Sothebys,Pop Culture,N/A,Voskhod-2,,https://www.sothebys.com/en/buy/auction/2026/space-exploration-2,False,1,44.44444444444444,-44.44444444444444
https://www.sothebys.com/en/buy/auction/2026/space-exploration-2/project-gemini-2,7000.0,8960.0,7000.0,8960.0,6000.0,9000.0,,,USD,Sothebys,Pop Culture,N/A,Project Gemini,,https://www.sothebys.com/en/buy/auction/2026/space-exploration-2,False,1,7.142857142857143,7.142857142857143
https://www.sothebys.com/en/buy/auction/2026/space-exploration-2/gemini-iv,28000.0,35840.0,28000.0,35840.0,3000.0,5000.0,,,USD,Sothebys,Pop Culture,N/A,Gemini IV,,https://www.sothebys.com/en/buy/auction/2026/space-exploration-2,False,1,85.71428571428571,-85.71428571428571
https://www.sothebys.com/en/buy/auction/2026/space-exploration-2/gemini-iv-2,2500.0,3200.0,2500.0,3200.0,2000.0,3000.0,,,USD,Sothebys,Pop Culture,N/A,Gemini IV,,https://www.sothebys.com/en/buy/auction/2026/space-exploration-2,False,1,0.0,0.0
https://www.sothebys.com/en/buy/auction/2026/space-exploration-2/project-gemini-3,6000.0,7680.0,6000.0,7680.0,5000.0,8000.0,,,USD,Sothebys,Pop Culture,N/A,Project Gemini,,https://www.sothebys.com/en/buy/auction/2026/space-exploration-2,False,1,8.333333333333334,8.333333333333334
https://www.sothebys.com/en/buy/auction/2026/space-exploration-2/gemini-v,800.0,1024.0,800.0,1024.0,2000.0,3000.0,,,USD,Sothebys,Pop Culture,N/A,Gemini V,,https://www.sothebys.com/en/buy/auction/2026/space-exploration-2,False,1,212.5,212.5
https://www.sothebys.com/en/buy/auction/2026/space-exploration-2/gemini-viii-ix-a-rendezvous,2800.0,3584.0,2800.0,3584.0,5000.0,8000.0,,,USD,Sothebys,Pop Culture,N/A,Gemini VIII & IX-A Rendezvous,,https://www.sothebys.com/en/buy/auction/2026/space-exploration-2,False,1,132.14285714285714,132.14285714285714
https://www.sothebys.com/en/buy/auction/2026/space-exploration-2/project-gemini,3000.0,3840.0,3000.0,3840.0,2000.0,3000.0,,,USD,Sothebys,Pop Culture,N/A,Project Gemini,,https://www.sothebys.com/en/buy/auction/2026/space-exploration-2,False,1,16.666666666666668,-16.666666666666668
https://www.sothebys.com/en/buy/auction/2026/space-exploration-2/gemini-xii-2,4000.0,5120.0,4000.0,5120.0,5000.0,8000.0,,,USD,Sothebys,Pop Culture,N/A,Gemini XII,,https://www.sothebys.com/en/buy/auction/2026/space-exploration-2,False,1,62.5,62.5
https://www.sothebys.com/en/buy/auction/2026/space-exploration-2/gemini-xii,4800.0,6144.0,4800.0,6144.0,2000.0,3000.0,,,USD,Sothebys,Pop Culture,N/A,GEMINI XII,,https://www.sothebys.com/en/buy/auction/2026/space-exploration-2,False,1,47.916666666666664,-47.916666666666664
https://www.sothebys.com/en/buy/auction/2026/space-exploration-2/lunar-surveyor,18000.0,23040.0,18000.0,23040.0,8000.0,12000.0,,,USD,Sothebys,Pop Culture,N/A,Lunar Surveyor,,https://www.sothebys.com/en/buy/auction/2026/space-exploration-2,False,1,44.44444444444444,-44.44444444444444
https://www.sothebys.com/en/buy/auction/2026/space-exploration-2/a7-l-glove,17000.0,21760.0,17000.0,21760.0,10000.0,20000.0,,,USD,Sothebys,Automotive,N/A,A7-L Glove,,https://www.sothebys.com/en/buy/auction/2026/space-exploration-2,False,1,11.764705882352942,-11.764705882352942
https://www.sothebys.com/en/buy/auction/2026/space-exploration-2/apollo-7,12000.0,15360.0,12000.0,15360.0,3000.0,5000.0,,,USD,Sothebys,Pop Culture,N/A,Apollo 7,,https://www.sothebys.com/en/buy/auction/2026/space-exploration-2,False,1,66.66666666666667,-66.66666666666667
https://www.sothebys.com/en/buy/auction/2026/space-exploration-2/apollo-7-2,6000.0,7680.0,6000.0,7680.0,2000.0,3000.0,,,USD,Sothebys,Pop Culture,N/A,Apollo 7,,https://www.sothebys.com/en/buy/auction/2026/space-exploration-2,False,1,58.333333333333336,-58.333333333333336
https://www.sothebys.com/en/buy/auction/2026/space-exploration-2/apollo-8,7000.0,8960.0,7000.0,8960.0,5000.0,8000.0,,,USD,Sothebys,Pop Culture,N/A,Apollo 8,,https://www.sothebys.com/en/buy/auction/2026/space-exploration-2,False,1,7.142857142857143,-7.142857142857143
https://www.sothebys.com/en/buy/auction/2026/space-exploration-2/apollo-8-2,14000.0,17920.0,14000.0,17920.0,5000.0,8000.0,,,USD,Sothebys,Pop Culture,N/A,Apollo 8,,https://www.sothebys.com/en/buy/auction/2026/space-exploration-2,False,1,53.57142857142857,-53.57142857142857
https://www.sothebys.com/en/buy/auction/2026/space-exploration-2/apollo-8-4,9500.0,12160.0,9500.0,12160.0,5000.0,8000.0,,,USD,Sothebys,Pop Culture,N/A,Apollo 8,,https://www.sothebys.com/en/buy/auction/2026/space-exploration-2,False,1,31.57894736842105,-31.57894736842105
https://www.sothebys.com/en/buy/auction/2026/space-exploration-2/apollo-8-3,11000.0,14080.0,11000.0,14080.0,3000.0,5000.0,,,USD,Sothebys,Pop Culture,N/A,Apollo 8,,https://www.sothebys.com/en/buy/auction/2026/space-exploration-2,False,1,63.63636363636363,-63.63636363636363
https://www.sothebys.com/en/buy/auction/2026/space-exploration-2/apollo-8-5,3500.0,4480.0,3500.0,4480.0,3000.0,5000.0,,,USD,Sothebys,Pop Culture,N/A,Apollo 8,,https://www.sothebys.com/en/buy/auction/2026/space-exploration-2,False,1,14.285714285714286,14.285714285714286
https://www.sothebys.com/en/buy/auction/2026/space-exploration-2/apollo-8-6,7000.0,8960.0,7000.0,8960.0,3000.0,5000.0,,,USD,Sothebys,Pop Culture,N/A,Apollo 8,,https://www.sothebys.com/en/buy/auction/2026/space-exploration-2,False,1,42.857142857142854,-42.857142857142854
https://www.sothebys.com/en/buy/auction/2026/space-exploration-2/apollo-9,3800.0,4864.0,3800.0,4864.0,1500.0,2500.0,,,USD,Sothebys,Pop Culture,N/A,Apollo 9,,https://www.sothebys.com/en/buy/auction/2026/space-exploration-2,False,1,47.36842105263158,-47.36842105263158
https://www.sothebys.com/en/buy/auction/2026/space-exploration-2/apollo-10,6500.0,8320.0,6500.0,8320.0,2000.0,3000.0,,,USD,Sothebys,Pop Culture,N/A,Apollo 10,,https://www.sothebys.com/en/buy/auction/2026/space-exploration-2,False,1,61.53846153846154,-61.53846153846154
https://www.sothebys.com/en/buy/auction/2026/space-exploration-2/lunar-globe,5500.0,7040.0,5500.0,7040.0,2000.0,3000.0,,,USD,Sothebys,Pop Culture,N/A,Lunar Globe,,https://www.sothebys.com/en/buy/auction/2026/space-exploration-2,False,1,54.54545454545455,-54.54545454545455
https://www.sothebys.com/en/buy/auction/2026/space-exploration-2/apollo-11-16,670000.0,857600.0,670000.0,857600.0,800000.0,1200000.0,,,USD,Sothebys,Pop Culture,N/A,Apollo 11,,https://www.sothebys.com/en/buy/auction/2026/space-exploration-2,False,1,49.25373134328358,49.25373134328358
https://www.sothebys.com/en/buy/auction/2026/space-exploration-2/speedmaster-3861-moonshine-gold-a-limited-edition,55000.0,70400.0,55000.0,70400.0,40000.0,60000.0,,,USD,Sothebys,Automotive,N/A,Speedmaster 3861 | Moonshine gold,,https://www.sothebys.com/en/buy/auction/2026/space-exploration-2,False,1,9.090909090909092,-9.090909090909092
https://www.sothebys.com/en/buy/auction/2026/space-exploration-2/apollo-11-17,16000.0,20480.0,16000.0,20480.0,20000.0,30000.0,,,USD,Sothebys,Pop Culture,N/A,Apollo 11,,https://www.sothebys.com/en/buy/auction/2026/space-exploration-2,False,1,56.25,56.25
https://www.sothebys.com/en/buy/auction/2026/space-exploration-2/buzz-aldrins-apollo-11-style-jacket,16000.0,20480.0,16000.0,20480.0,20000.0,30000.0,,,USD,Sothebys,Pop Culture,N/A,Buzz Aldrin's Apollo 11 Style Jacket,,https://www.sothebys.com/en/buy/auction/2026/space-exploration-2,False,1,56.25,56.25
https://www.sothebys.com/en/buy/auction/2026/space-exploration-2/apollo-11-11,20000.0,25600.0,20000.0,25600.0,15000.0,20000.0,,,USD,Sothebys,Pop Culture,N/A,Apollo 11,,https://www.sothebys.com/en/buy/auction/2026/space-exploration-2,False,1,12.5,-12.5
https://www.sothebys.com/en/buy/auction/2026/space-exploration-2/apollo-11-18,20000.0,25600.0,20000.0,25600.0,10000.0,15000.0,,,USD,Sothebys,Pop Culture,N/A,Apollo 11,,https://www.sothebys.com/en/buy/auction/2026/space-exploration-2,False,1,37.5,-37.5
https://www.sothebys.com/en/buy/auction/2026/space-exploration-2/apollo-11-19,6000.0,7680.0,6000.0,7680.0,8000.0,12000.0,,,USD,Sothebys,Pop Culture,N/A,Apollo 11,,https://www.sothebys.com/en/buy/auction/2026/space-exploration-2,False,1,66.66666666666667,66.66666666666667
https://www.sothebys.com/en/buy/auction/2026/space-exploration-2/apollo-11-20,32000.0,40960.0,32000.0,40960.0,7000.0,10000.0,,,USD,Sothebys,Pop Culture,N/A,Apollo 11,,https://www.sothebys.com/en/buy/auction/2026/space-exploration-2,False,1,73.4375,-73.4375
https://www.sothebys.com/en/buy/auction/2026/space-exploration-2/le-coultre-shark-deep-sea-a-steel-chronograph,25000.0,32000.0,25000.0,32000.0,10000.0,20000.0,,,USD,Sothebys,Automotive,N/A,"Le Coultre 'Shark Deep Sea' | A steel chronograph black dial wristwatch, Circa 1970 | Ref. 2643",,https://www.sothebys.com/en/buy/auction/2026/space-exploration-2,False,1,40.0,-40.0
https://www.sothebys.com/en/buy/auction/2026/space-exploration-2/omega-speedmaster-professional-a-stainless-steel,35000.0,44800.0,35000.0,44800.0,8000.0,12000.0,,,USD,Sothebys,Automotive,N/A,Omega Speedmaster Professional,,https://www.sothebys.com/en/buy/auction/2026/space-exploration-2,False,1,71.42857142857143,-71.42857142857143
https://www.sothebys.com/en/buy/auction/2026/space-exploration-2/de-ville-co-axial-a-rose-gold-automatic,10000.0,12800.0,10000.0,12800.0,6000.0,9000.0,,,USD,Sothebys,Automotive,N/A,De Ville Co-Axial,,https://www.sothebys.com/en/buy/auction/2026/space-exploration-2,False,1,25.0,-25.0
https://www.sothebys.com/en/buy/auction/2026/space-exploration-2/speedmaster-hb-sia-solar-impulse-a-titanium,14000.0,17920.0,14000.0,17920.0,6000.0,9000.0,,,USD,Sothebys,Automotive,N/A,Speedmaster HB-SIA 'Solar Impulse',,https://www.sothebys.com/en/buy/auction/2026/space-exploration-2,False,1,46.42857142857143,-46.42857142857143
https://www.sothebys.com/en/buy/auction/2026/space-exploration-2/seamaster-professional-gmt-a-stainless-steel,11000.0,14080.0,11000.0,14080.0,5000.0,8000.0,,,USD,Sothebys,Automotive,N/A,Seamaster Professional 'GMT',,https://www.sothebys.com/en/buy/auction/2026/space-exploration-2,False,1,40.90909090909091,-40.90909090909091
https://www.sothebys.com/en/buy/auction/2026/space-exploration-2/de-ville-hour-vision-a-pink-gold-automatic,8500.0,10880.0,8500.0,10880.0,5000.0,8000.0,,,USD,Sothebys,Automotive,N/A,De Ville Hour Vision,,https://www.sothebys.com/en/buy/auction/2026/space-exploration-2,False,1,23.529411764705884,-23.529411764705884
https://www.sothebys.com/en/buy/auction/2026/space-exploration-2/constellation-day-date-owl-a-steel-and-gold-quartz,5000.0,6400.0,5000.0,6400.0,5000.0,8000.0,,,USD,Sothebys,Automotive,N/A,Constellation Day Date 'Owl',,https://www.sothebys.com/en/buy/auction/2026/space-exploration-2,False,1,30.0,30.0
https://www.sothebys.com/en/buy/auction/2026/space-exploration-2/speedmaster-x-33-nasa-gen-two-a-titanium-quartz,35000.0,44800.0,35000.0,44800.0,4000.0,6000.0,,,USD,Sothebys,Automotive,N/A,"Speedmaster X-33 ""NASA"", Gen Two",,https://www.sothebys.com/en/buy/auction/2026/space-exploration-2,False,1,85.71428571428571,-85.71428571428571
https://www.sothebys.com/en/buy/auction/2026/space-exploration-2/apollo-11-21,80000.0,102400.0,80000.0,102400.0,7000.0,10000.0,,,USD,Sothebys,Pop Culture,N/A,Apollo 11,,https://www.sothebys.com/en/buy/auction/2026/space-exploration-2,False,1,89.375,-89.375
https://www.sothebys.com/en/buy/auction/2026/space-exploration-2/buzz-aldrin-3,13000.0,16640.0,13000.0,16640.0,6000.0,9000.0,,,USD,Sothebys,Pop Culture,N/A,Buzz Aldrin,,https://www.sothebys.com/en/buy/auction/2026/space-exploration-2,False,1,42.30769230769231,-42.30769230769231
https://www.sothebys.com/en/buy/auction/2026/space-exploration-2/buzz-aldrin,9500.0,12160.0,9500.0,12160.0,10000.0,20000.0,,,USD,Sothebys,Pop Culture,N/A,Buzz Aldrin,,https://www.sothebys.com/en/buy/auction/2026/space-exploration-2,False,1,57.89473684210526,57.89473684210526
https://www.sothebys.com/en/buy/auction/2026/space-exploration-2/buzz-aldrin-5,3500.0,4480.0,3500.0,4480.0,4000.0,6000.0,,,USD,Sothebys,Pop Culture,N/A,Buzz Aldrin,,https://www.sothebys.com/en/buy/auction/2026/space-exploration-2,False,1,42.857142857142854,42.857142857142854
https://www.sothebys.com/en/buy/auction/2026/space-exploration-2/apollo-11-27,22000.0,28160.0,22000.0,28160.0,12000.0,18000.0,,,USD,Sothebys,Pop Culture,N/A,Apollo 11,,https://www.sothebys.com/en/buy/auction/2026/space-exploration-2,False,1,31.818181818181817,-31.818181818181817
https://www.sothebys.com/en/buy/auction/2026/space-exploration-2/apollo-11-23,7000.0,8960.0,7000.0,8960.0,8000.0,12000.0,,,USD,Sothebys,Pop Culture,N/A,Apollo 11,,https://www.sothebys.com/en/buy/auction/2026/space-exploration-2,False,1,42.857142857142854,42.857142857142854
https://www.sothebys.com/en/buy/auction/2026/space-exploration-2/apollo-11-24,40000.0,51200.0,40000.0,51200.0,5000.0,8000.0,,,USD,Sothebys,Pop Culture,N/A,Apollo 11,,https://www.sothebys.com/en/buy/auction/2026/space-exploration-2,False,1,83.75,-83.75
https://www.sothebys.com/en/buy/auction/2026/space-exploration-2/apollo-11-25,15000.0,19200.0,15000.0,19200.0,4000.0,6000.0,,,USD,Sothebys,Pop Culture,N/A,Apollo 11,,https://www.sothebys.com/en/buy/auction/2026/space-exploration-2,False,1,66.66666666666667,-66.66666666666667
https://www.sothebys.com/en/buy/auction/2026/space-exploration-2/apollo-11-26,22000.0,28160.0,22000.0,28160.0,4000.0,6000.0,,,USD,Sothebys,Pop Culture,N/A,Apollo 11,,https://www.sothebys.com/en/buy/auction/2026/space-exploration-2,False,1,77.27272727272727,-77.27272727272727
https://www.sothebys.com/en/buy/auction/2026/space-exploration-2/bulova-accutron-eagle-pilot-automatic-watch-2,3200.0,4096.0,3200.0,4096.0,2000.0,3000.0,,,USD,Sothebys,Automotive,N/A,Bulova Accutron Eagle Pilot Automatic Watch,,https://www.sothebys.com/en/buy/auction/2026/space-exploration-2,False,1,21.875,-21.875
https://www.sothebys.com/en/buy/auction/2026/space-exploration-2/citizen-promaster-hyper-aqualand-watch,1600.0,2048.0,1600.0,2048.0,2000.0,3000.0,,,USD,Sothebys,Automotive,N/A,Citizen Promaster Hyper Aqualand Watch,,https://www.sothebys.com/en/buy/auction/2026/space-exploration-2,False,1,56.25,56.25
https://www.sothebys.com/en/buy/auction/2026/space-exploration-2/bulova-accutron-eagle-pilot-automatic-watch,4000.0,5120.0,4000.0,5120.0,2000.0,3000.0,,,USD,Sothebys,Automotive,N/A,Bulova Accutron Eagle Pilot Automatic Watch,,https://www.sothebys.com/en/buy/auction/2026/space-exploration-2,False,1,37.5,-37.5
https://www.sothebys.com/en/buy/auction/2026/space-exploration-2/metal-ch-chronograph,2800.0,3584.0,2800.0,3584.0,2000.0,3000.0,,,USD,Sothebys,Automotive,N/A,Metal.CH Chronograph,,https://www.sothebys.com/en/buy/auction/2026/space-exploration-2,False,1,10.714285714285714,-10.714285714285714
https://www.sothebys.com/en/buy/auction/2026/space-exploration-2/peruzzi-chronographe,2000.0,2560.0,2000.0,2560.0,2000.0,3000.0,,,USD,Sothebys,Automotive,N/A,Peruzzi Chronographe,,https://www.sothebys.com/en/buy/auction/2026/space-exploration-2,False,1,25.0,25.0
https://www.sothebys.com/en/buy/auction/2026/space-exploration-2/bulova-accutron-eagle-pilot-chronograph,3800.0,4864.0,3800.0,4864.0,2000.0,3000.0,,,USD,Sothebys,Automotive,N/A,Bulova Accutron Eagle Pilot Chronograph,,https://www.sothebys.com/en/buy/auction/2026/space-exploration-2,False,1,34.21052631578947,-34.21052631578947
https://www.sothebys.com/en/buy/auction/2026/space-exploration-2/apollo-11-29,5500.0,7040.0,5500.0,7040.0,6000.0,9000.0,,,USD,Sothebys,Pop Culture,N/A,Apollo 11,,https://www.sothebys.com/en/buy/auction/2026/space-exploration-2,False,1,36.36363636363637,36.36363636363637
https://www.sothebys.com/en/buy/auction/2026/space-exploration-2/buzz-aldrin-2,1600.0,2048.0,1600.0,2048.0,2000.0,3000.0,,,USD,Sothebys,Pop Culture,N/A,Buzz Aldrin,,https://www.sothebys.com/en/buy/auction/2026/space-exploration-2,False,1,56.25,56.25
https://www.sothebys.com/en/buy/auction/2026/space-exploration-2/buzz-aldrin-6,4200.0,5376.0,4200.0,5376.0,3000.0,5000.0,,,USD,Sothebys,Pop Culture,N/A,Buzz Aldrin,,https://www.sothebys.com/en/buy/auction/2026/space-exploration-2,False,1,4.761904761904762,-4.761904761904762
https://www.sothebys.com/en/buy/auction/2026/space-exploration-2/apollo-11-buzz-aldrins-signed-beta-cloth-name-tag,1600.0,2048.0,1600.0,2048.0,1000.0,1500.0,,,USD,Sothebys,Pop Culture,N/A,BUZZ ALDRIN'S SIGNED BETA CLOTH NAME TAG,,https://www.sothebys.com/en/buy/auction/2026/space-exploration-2,False,1,21.875,-21.875
https://www.sothebys.com/en/buy/auction/2026/space-exploration-2/buzz-aldrins-mars-exploration-crew-jacket,16000.0,20480.0,16000.0,20480.0,10000.0,20000.0,,,USD,Sothebys,Pop Culture,N/A,"Buzz Aldrin's ""Mars Exploration Crew"" Jacket",,https://www.sothebys.com/en/buy/auction/2026/space-exploration-2,False,1,6.25,-6.25
https://www.sothebys.com/en/buy/auction/2026/space-exploration-2/apollo-11-4,17000.0,21760.0,17000.0,21760.0,6000.0,9000.0,,,USD,Sothebys,Pop Culture,N/A,Apollo 11,,https://www.sothebys.com/en/buy/auction/2026/space-exploration-2,False,1,55.88235294117647,-55.88235294117647
https://www.sothebys.com/en/buy/auction/2026/space-exploration-2/apollo-11,12000.0,15360.0,12000.0,15360.0,8000.0,12000.0,,,USD,Sothebys,Pop Culture,N/A,Apollo 11,,https://www.sothebys.com/en/buy/auction/2026/space-exploration-2,False,1,16.666666666666668,-16.666666666666668
https://www.sothebys.com/en/buy/auction/2026/space-exploration-2/apollo-11-9,35000.0,44800.0,35000.0,44800.0,10000.0,15000.0,,,USD,Sothebys,Pop Culture,N/A,Apollo 11,,https://www.sothebys.com/en/buy/auction/2026/space-exploration-2,False,1,64.28571428571429,-64.28571428571429
https://www.sothebys.com/en/buy/auction/2026/space-exploration-2/apollo-11-2,6000.0,7680.0,6000.0,7680.0,8000.0,12000.0,,,USD,Sothebys,Pop Culture,N/A,Apollo 11,,https://www.sothebys.com/en/buy/auction/2026/space-exploration-2,False,1,66.66666666666667,66.66666666666667
https://www.sothebys.com/en/buy/auction/2026/space-exploration-2/apollo-11-15,8000.0,10240.0,8000.0,10240.0,10000.0,15000.0,,,USD,Sothebys,Pop Culture,N/A,Apollo 11,,https://www.sothebys.com/en/buy/auction/2026/space-exploration-2,False,1,56.25,56.25
https://www.sothebys.com/en/buy/auction/2026/space-exploration-2/apollo-11-14,18000.0,23040.0,18000.0,23040.0,5000.0,8000.0,,,USD,Sothebys,Pop Culture,N/A,Apollo 11,,https://www.sothebys.com/en/buy/auction/2026/space-exploration-2,False,1,63.888888888888886,-63.888888888888886
https://www.sothebys.com/en/buy/auction/2026/space-exploration-2/apollo-11-8,28000.0,35840.0,28000.0,35840.0,8000.0,12000.0,,,USD,Sothebys,Pop Culture,N/A,Apollo 11,,https://www.sothebys.com/en/buy/auction/2026/space-exploration-2,False,1,64.28571428571429,-64.28571428571429
https://www.sothebys.com/en/buy/auction/2026/space-exploration-2/apollo-11-5,48000.0,61440.0,48000.0,61440.0,5000.0,8000.0,,,USD,Sothebys,Pop Culture,N/A,Apollo 11,,https://www.sothebys.com/en/buy/auction/2026/space-exploration-2,False,1,86.45833333333333,-86.45833333333333
https://www.sothebys.com/en/buy/auction/2026/space-exploration-2/apollo-11-6,12000.0,15360.0,12000.0,15360.0,2500.0,3500.0,,,USD,Sothebys,Pop Culture,N/A,Apollo 11,,https://www.sothebys.com/en/buy/auction/2026/space-exploration-2,False,1,75.0,-75.0
https://www.sothebys.com/en/buy/auction/2026/space-exploration-2/apollo-11-13,50000.0,64000.0,50000.0,64000.0,4000.0,6000.0,,,USD,Sothebys,Pop Culture,N/A,Apollo 11,,https://www.sothebys.com/en/buy/auction/2026/space-exploration-2,False,1,90.0,-90.0
https://www.sothebys.com/en/buy/auction/2026/space-exploration-2/apollo-11-3,22000.0,28160.0,22000.0,28160.0,3000.0,5000.0,,,USD,Sothebys,Pop Culture,N/A,Apollo 11,,https://www.sothebys.com/en/buy/auction/2026/space-exploration-2,False,1,81.81818181818181,-81.81818181818181
https://www.sothebys.com/en/buy/auction/2026/space-exploration-2/apollo-11-10,15000.0,19200.0,15000.0,19200.0,4000.0,6000.0,,,USD,Sothebys,Pop Culture,N/A,Apollo 11,,https://www.sothebys.com/en/buy/auction/2026/space-exploration-2,False,1,66.66666666666667,-66.66666666666667
https://www.sothebys.com/en/buy/auction/2026/space-exploration-2/apollo-11-12,4000.0,5120.0,4000.0,5120.0,3000.0,5000.0,,,USD,Sothebys,Pop Culture,N/A,Apollo 11,,https://www.sothebys.com/en/buy/auction/2026/space-exploration-2,False,1,0.0,0.0
https://www.sothebys.com/en/buy/auction/2026/space-exploration-2/apollo,7500.0,9600.0,7500.0,9600.0,3000.0,5000.0,,,USD,Sothebys,Pop Culture,N/A,Apollo,,https://www.sothebys.com/en/buy/auction/2026/space-exploration-2,False,1,46.666666666666664,-46.666666666666664
https://www.sothebys.com/en/buy/auction/2026/space-exploration-2/apollo-12-2,14000.0,17920.0,14000.0,17920.0,5000.0,8000.0,,,USD,Sothebys,Pop Culture,N/A,Apollo 12,,https://www.sothebys.com/en/buy/auction/2026/space-exploration-2,False,1,53.57142857142857,-53.57142857142857
https://www.sothebys.com/en/buy/auction/2026/space-exploration-2/apollo-12,6500.0,8320.0,6500.0,8320.0,2000.0,3000.0,,,USD,Sothebys,Pop Culture,N/A,Apollo 12,,https://www.sothebys.com/en/buy/auction/2026/space-exploration-2,False,1,61.53846153846154,-61.53846153846154
https://www.sothebys.com/en/buy/auction/2026/space-exploration-2/moonwalkers,11000.0,14080.0,11000.0,14080.0,8000.0,12000.0,,,USD,Sothebys,Pop Culture,N/A,Moonwalkers,,https://www.sothebys.com/en/buy/auction/2026/space-exploration-2,False,1,9.090909090909092,-9.090909090909092
https://www.sothebys.com/en/buy/auction/2026/space-exploration-2/apollo-program,14000.0,17920.0,14000.0,17920.0,8000.0,12000.0,,,USD,Sothebys,Pop Culture,N/A,Apollo Program,,https://www.sothebys.com/en/buy/auction/2026/space-exploration-2,False,1,28.571428571428573,-28.571428571428573
https://www.sothebys.com/en/buy/auction/2026/space-exploration-2/nasa-contractor-models,4800.0,6144.0,4800.0,6144.0,6000.0,9000.0,,,USD,Sothebys,Pop Culture,N/A,NASA Contractor Models,,https://www.sothebys.com/en/buy/auction/2026/space-exploration-2,False,1,56.25,56.25
https://www.sothebys.com/en/buy/auction/2026/space-exploration-2/nasa-2,3200.0,4096.0,3200.0,4096.0,5000.0,8000.0,,,USD,Sothebys,Pop Culture,N/A,NASA,,https://www.sothebys.com/en/buy/auction/2026/space-exploration-2,False,1,103.125,103.125
https://www.sothebys.com/en/buy/auction/2026/space-exploration-2/nasa-general-electric-personalized-nasa-hard-hat,2800.0,3584.0,2800.0,3584.0,4000.0,6000.0,,,USD,Sothebys,Pop Culture,N/A,Personalized NASA Hard Hat and Aerospace Hard Hat Presented to Dr. George Mueller,,https://www.sothebys.com/en/buy/auction/2026/space-exploration-2,False,1,78.57142857142857,78.57142857142857
https://www.sothebys.com/en/buy/auction/2026/space-exploration-2/nasa-apollo-program,2000.0,2560.0,2000.0,2560.0,4000.0,6000.0,,,USD,Sothebys,Pop Culture,N/A,NASA Apollo Program,,https://www.sothebys.com/en/buy/auction/2026/space-exploration-2,False,1,150.0,150.0
https://www.sothebys.com/en/buy/auction/2026/space-exploration-2/nasa,3200.0,4096.0,3200.0,4096.0,3000.0,5000.0,,,USD,Sothebys,Pop Culture,N/A,[NASA],,https://www.sothebys.com/en/buy/auction/2026/space-exploration-2,False,1,25.0,25.0
https://www.sothebys.com/en/buy/auction/2026/space-exploration-2/apollo-13-4,13000.0,16640.0,13000.0,16640.0,6000.0,9000.0,,,USD,Sothebys,Pop Culture,N/A,Apollo 13,,https://www.sothebys.com/en/buy/auction/2026/space-exploration-2,False,1,42.30769230769231,-42.30769230769231
https://www.sothebys.com/en/buy/auction/2026/space-exploration-2/apollo-13-8,7000.0,8960.0,7000.0,8960.0,8000.0,12000.0,,,USD,Sothebys,Pop Culture,N/A,Apollo 13,,https://www.sothebys.com/en/buy/auction/2026/space-exploration-2,False,1,42.857142857142854,42.857142857142854
https://www.sothebys.com/en/buy/auction/2026/space-exploration-2/apollo-13-7,8500.0,10880.0,8500.0,10880.0,8000.0,12000.0,,,USD,Sothebys,Pop Culture,N/A,Apollo 13,,https://www.sothebys.com/en/buy/auction/2026/space-exploration-2,False,1,17.647058823529413,17.647058823529413
https://www.sothebys.com/en/buy/auction/2026/space-exploration-2/apollo-13-3,8500.0,10880.0,8500.0,10880.0,5000.0,8000.0,,,USD,Sothebys,Pop Culture,N/A,Apollo 13,,https://www.sothebys.com/en/buy/auction/2026/space-exploration-2,False,1,23.529411764705884,-23.529411764705884
https://www.sothebys.com/en/buy/auction/2026/space-exploration-2/apollo-13-2,9500.0,12160.0,9500.0,12160.0,4000.0,6000.0,,,USD,Sothebys,Pop Culture,N/A,Apollo 13,,https://www.sothebys.com/en/buy/auction/2026/space-exploration-2,False,1,47.36842105263158,-47.36842105263158
https://www.sothebys.com/en/buy/auction/2026/space-exploration-2/apollo-13,3000.0,3840.0,3000.0,3840.0,5000.0,8000.0,,,USD,Sothebys,Pop Culture,N/A,Apollo 13,,https://www.sothebys.com/en/buy/auction/2026/space-exploration-2,False,1,116.66666666666667,116.66666666666667
https://www.sothebys.com/en/buy/auction/2026/space-exploration-2/apollo-13-5,3500.0,4480.0,3500.0,4480.0,3000.0,5000.0,,,USD,Sothebys,Pop Culture,N/A,Apollo 13,,https://www.sothebys.com/en/buy/auction/2026/space-exploration-2,False,1,14.285714285714286,14.285714285714286
https://www.sothebys.com/en/buy/auction/2026/space-exploration-2/apollo-9-2,3500.0,4480.0,3500.0,4480.0,5000.0,8000.0,,,USD,Sothebys,Pop Culture,N/A,Apollo 9,,https://www.sothebys.com/en/buy/auction/2026/space-exploration-2,False,1,85.71428571428571,85.71428571428571
https://www.sothebys.com/en/buy/auction/2026/space-exploration-2/apollo-11-7,17000.0,21760.0,17000.0,21760.0,8000.0,12000.0,,,USD,Sothebys,Pop Culture,N/A,Apollo 11,,https://www.sothebys.com/en/buy/auction/2026/space-exploration-2,False,1,41.1764705882353,-41.1764705882353
https://www.sothebys.com/en/buy/auction/2026/space-exploration-2/apollo-14-3,2500.0,3200.0,2500.0,3200.0,3000.0,5000.0,,,USD,Sothebys,Pop Culture,N/A,Apollo 14,,https://www.sothebys.com/en/buy/auction/2026/space-exploration-2,False,1,60.0,60.0
https://www.sothebys.com/en/buy/auction/2026/space-exploration-2/apollo-14-2,2500.0,3200.0,2500.0,3200.0,3000.0,5000.0,,,USD,Sothebys,Pop Culture,N/A,Apollo 14,,https://www.sothebys.com/en/buy/auction/2026/space-exploration-2,False,1,60.0,60.0
https://www.sothebys.com/en/buy/auction/2026/space-exploration-2/apollo-14-6,1400.0,1792.0,1400.0,1792.0,2000.0,3000.0,,,USD,Sothebys,Pop Culture,N/A,Apollo 14,,https://www.sothebys.com/en/buy/auction/2026/space-exploration-2,False,1,78.57142857142857,78.57142857142857
https://www.sothebys.com/en/buy/auction/2026/space-exploration-2/apollo-14-8,5000.0,6400.0,5000.0,6400.0,5000.0,8000.0,,,USD,Sothebys,Pop Culture,N/A,Apollo 14,,https://www.sothebys.com/en/buy/auction/2026/space-exploration-2,False,1,30.0,30.0
https://www.sothebys.com/en/buy/auction/2026/space-exploration-2/apollo-14-5,8500.0,10880.0,8500.0,10880.0,6000.0,9000.0,,,USD,Sothebys,Pop Culture,N/A,Apollo 14,,https://www.sothebys.com/en/buy/auction/2026/space-exploration-2,False,1,11.764705882352942,-11.764705882352942
https://www.sothebys.com/en/buy/auction/2026/space-exploration-2/apollo-14-4,2800.0,3584.0,2800.0,3584.0,1500.0,2500.0,,,USD,Sothebys,Pop Culture,N/A,Apollo 14,,https://www.sothebys.com/en/buy/auction/2026/space-exploration-2,False,1,28.571428571428573,-28.571428571428573
https://www.sothebys.com/en/buy/auction/2026/space-exploration-2/apollo-15-2,3800.0,4864.0,3800.0,4864.0,2000.0,3000.0,,,USD,Sothebys,Pop Culture,N/A,Apollo 15,,https://www.sothebys.com/en/buy/auction/2026/space-exploration-2,False,1,34.21052631578947,-34.21052631578947
https://www.sothebys.com/en/buy/auction/2026/space-exploration-2/apollo-16,4000.0,5120.0,4000.0,5120.0,2000.0,3000.0,,,USD,Sothebys,Pop Culture,N/A,Apollo 16,,https://www.sothebys.com/en/buy/auction/2026/space-exploration-2,False,1,37.5,-37.5
https://www.sothebys.com/en/buy/auction/2026/space-exploration-2/apollo-16-2,3200.0,4096.0,3200.0,4096.0,2000.0,3000.0,,,USD,Sothebys,Pop Culture,N/A,Apollo 16,,https://www.sothebys.com/en/buy/auction/2026/space-exploration-2,False,1,21.875,-21.875
https://www.sothebys.com/en/buy/auction/2026/space-exploration-2/apollo-17-3,14000.0,17920.0,14000.0,17920.0,6000.0,9000.0,,,USD,Sothebys,Pop Culture,N/A,Apollo 17,,https://www.sothebys.com/en/buy/auction/2026/space-exploration-2,False,1,46.42857142857143,-46.42857142857143
https://www.sothebys.com/en/buy/auction/2026/space-exploration-2/apollo-17-2,6000.0,7680.0,6000.0,7680.0,3000.0,5000.0,,,USD,Sothebys,Pop Culture,N/A,Apollo 17,,https://www.sothebys.com/en/buy/auction/2026/space-exploration-2,False,1,33.333333333333336,-33.333333333333336
https://www.sothebys.com/en/buy/auction/2026/space-exploration-2/apollo-17-4,2800.0,3584.0,2800.0,3584.0,2000.0,3000.0,,,USD,Sothebys,Pop Culture,N/A,Apollo 17,,https://www.sothebys.com/en/buy/auction/2026/space-exploration-2,False,1,10.714285714285714,-10.714285714285714
https://www.sothebys.com/en/buy/auction/2026/space-exploration-2/apollo-17,5500.0,7040.0,5500.0,7040.0,2000.0,3000.0,,,USD,Sothebys,Pop Culture,N/A,Apollo 17,,https://www.sothebys.com/en/buy/auction/2026/space-exploration-2,False,1,54.54545454545455,-54.54545454545455
https://www.sothebys.com/en/buy/auction/2026/space-exploration-2/apollo-skylab,8000.0,10240.0,8000.0,10240.0,5000.0,8000.0,,,USD,Sothebys,Pop Culture,N/A,"Apollo, Skylab",,https://www.sothebys.com/en/buy/auction/2026/space-exploration-2,False,1,18.75,-18.75
https://www.sothebys.com/en/buy/auction/2026/space-exploration-2/apollo-program-3,48000.0,61440.0,48000.0,61440.0,15000.0,25000.0,,,USD,Sothebys,Pop Culture,N/A,Apollo Program,,https://www.sothebys.com/en/buy/auction/2026/space-exploration-2,False,1,58.333333333333336,-58.333333333333336
https://www.sothebys.com/en/buy/auction/2026/space-exploration-2/apollo-program-2,4500.0,5760.0,4500.0,5760.0,5000.0,8000.0,,,USD,Sothebys,Pop Culture,N/A,Apollo Program,,https://www.sothebys.com/en/buy/auction/2026/space-exploration-2,False,1,44.44444444444444,44.44444444444444
https://www.sothebys.com/en/buy/auction/2026/space-exploration-2/apollo-program-4,3800.0,4864.0,3800.0,4864.0,5000.0,8000.0,,,USD,Sothebys,Pop Culture,N/A,Apollo Program,,https://www.sothebys.com/en/buy/auction/2026/space-exploration-2,False,1,71.05263157894737,71.05263157894737
https://www.sothebys.com/en/buy/auction/2026/space-exploration-2/jules-verne-from-the-earth-to-the-moon,10000.0,12800.0,10000.0,12800.0,4000.0,6000.0,,,USD,Sothebys,Pop Culture,N/A,From The Earth to the Moon,,https://www.sothebys.com/en/buy/auction/2026/space-exploration-2,False,1,50.0,-50.0
https://www.sothebys.com/en/buy/auction/2026/space-exploration-2/moonwalkers-2,22000.0,28160.0,22000.0,28160.0,7000.0,10000.0,,,USD,Sothebys,Pop Culture,N/A,Moonwalkers,,https://www.sothebys.com/en/buy/auction/2026/space-exploration-2,False,1,61.36363636363637,-61.36363636363637
https://www.sothebys.com/en/buy/auction/2026/space-exploration-2/skylab-3,150000.0,192000.0,150000.0,192000.0,150000.0,250000.0,,,USD,Sothebys,Pop Culture,N/A,Skylab 3,,https://www.sothebys.com/en/buy/auction/2026/space-exploration-2,False,1,33.333333333333336,33.333333333333336
https://www.sothebys.com/en/buy/auction/2026/space-exploration-2/skylab-2,5000.0,6400.0,5000.0,6400.0,3000.0,5000.0,,,USD,Sothebys,Pop Culture,N/A,Skylab,,https://www.sothebys.com/en/buy/auction/2026/space-exploration-2,False,1,20.0,-20.0
https://www.sothebys.com/en/buy/auction/2026/space-exploration-2/skylab,4200.0,5376.0,4200.0,5376.0,6000.0,9000.0,,,USD,Sothebys,Pop Culture,N/A,Skylab,,https://www.sothebys.com/en/buy/auction/2026/space-exploration-2,False,1,78.57142857142857,78.57142857142857
https://www.sothebys.com/en/buy/auction/2026/space-exploration-2/apollo-skylab-2,17000.0,21760.0,17000.0,21760.0,5000.0,8000.0,,,USD,Sothebys,Pop Culture,N/A,"Apollo, Skylab",,https://www.sothebys.com/en/buy/auction/2026/space-exploration-2,False,1,61.76470588235294,-61.76470588235294
https://www.sothebys.com/en/buy/auction/2026/space-exploration-2/mars-globe,3200.0,4096.0,3200.0,4096.0,4000.0,6000.0,,,USD,Sothebys,Pop Culture,N/A,Mars Globe,,https://www.sothebys.com/en/buy/auction/2026/space-exploration-2,False,1,56.25,56.25
https://www.sothebys.com/en/buy/auction/2026/space-exploration-2/viking-lander,7000.0,8960.0,7000.0,8960.0,10000.0,15000.0,,,USD,Sothebys,Pop Culture,N/A,Viking Lander,,https://www.sothebys.com/en/buy/auction/2026/space-exploration-2,False,1,78.57142857142857,78.57142857142857
https://www.sothebys.com/en/buy/auction/2026/space-exploration-2/sts-41b,10000.0,12800.0,10000.0,12800.0,3000.0,5000.0,,,USD,Sothebys,Pop Culture,N/A,STS-41B,,https://www.sothebys.com/en/buy/auction/2026/space-exploration-2,False,1,60.0,-60.0
https://www.sothebys.com/en/buy/auction/2026/space-exploration-2/t-38,7500.0,9600.0,7500.0,9600.0,5000.0,8000.0,,,USD,Sothebys,Pop Culture,N/A,T-38,,https://www.sothebys.com/en/buy/auction/2026/space-exploration-2,False,1,13.333333333333334,-13.333333333333334
https://www.sothebys.com/en/buy/auction/2026/space-exploration-2/richard-p-feynman-space-shuttle-challenger,9000.0,11520.0,9000.0,11520.0,4000.0,6000.0,,,USD,Sothebys,Pop Culture,N/A,Richard P. Feynman; Space Shuttle Challenger Commission,,https://www.sothebys.com/en/buy/auction/2026/space-exploration-2,False,1,44.44444444444444,-44.44444444444444
https://www.sothebys.com/en/buy/auction/2026/nba-auctions-weekly-nba-cup/paolo-banchero-orlando-magic-2025-2026-game-worn,5080.0,6096.0,5080.0,6096.0,5000.0,7000.0,5000.0,7000.0,USD,Sothebys,Sports,Basketball,Paolo Banchero Orlando Magic 2025-2026 Game Worn Association Edition Jersey | Double-Double,2026-01-19,https://www.sothebys.com/en/buy/auction/2026/nba-auctions-weekly-nba-cup?lotFilter=AllLots,False,1,18.11023622047244,18.11023622047244
https://www.sothebys.com/en/buy/auction/2026/nba-auctions-weekly-a-2026-nba-all-star/keyonte-george-utah-jazz-2025-2026-nba-tip-off,1173.33,1408.0,1173.33,1408.0,1000.0,2000.0,1000.0,2000.0,USD,Sothebys,Sports,Basketball,Keyonte George Utah Jazz 2025-2026 NBA Tip-Off Game Worn Association Edition Jersey,2026-03-02,https://www.sothebys.com/en/buy/auction/2026/nba-auctions-weekly-a-2026-nba-all-star?lotFilter=AllLots,False,1,27.8412722763417,27.8412722763417
