ID,asset_type,auction_house,sale_id,sale_date,location,auction_title,auction_url,lot_number,currency,ah_low_estimate,ah_high_estimate,ah_bp_price,ah_price,ah_low_estimate_usd,ah_high_estimate_usd,ah_bp_price_usd,ah_price_usd,artist_name,artist_birth,artist_death,artwork_title,medium,material,length,width,height,unit,signed,dated,titled,year_of_creation,provenance,subject_matter,artwork_count,edition,description_block,image_url,lot_url,item_count,creation_year_start,creation_year_end,authorship,lot_status,including_premium
d0adef15-81cf-481a-afbe-bde9a3f9076d,Artwork,Freemans,6507,2026-06-07,Off Premises,American Art and Pennsylvania Impressionists,https://freemansauction.com/auctions/6507-american-art-and-pennsylvania-impressionism,Lot 1,USD,3000.0,5000.0,10240.0,8000.0,3000.0,5000.0,10240.0,8000.0,James Hope,1818,1892.0,Watkins Glen,painting,oil on canvas,,10.125,13.125,in,yes,yes,yes,,"Kennedy Galleries, New York, New York. Questroyal Fine Art, New York, New York.","waterfall, gorge, trees, light, rocks, stream, landscape, nature, vegetation, canyon",,,"James Hope
(American, 1818-1892)
Watkins Glen
oil on canvas 
signed J. Hope (lower left)

13 1/8 x 10 1/8 in. 

Property of an Important Private Collector, New EnglandProvenance:Kennedy Galleries, New York, New York.Questroyal Fine Art, New York, New York.",https://assets.basta.app/accounts/4832eb18-f9a7-4c12-8295-871abe232696/images/49b3a6ad-f650-4fe0-863d-708462a2e084,https://freemansauction.com/auction/6507-american-art-and-pennsylvania-impressionism/lot/1,1.0,1801.0,1900.0,original,,
6bccb773-68d8-4029-8405-49b8fda9eed3,Artwork,Freemans,6507,2026-06-07,Off Premises,American Art and Pennsylvania Impressionists,https://freemansauction.com/auctions/6507-american-art-and-pennsylvania-impressionism,Lot 2,USD,4000.0,6000.0,7040.0,5500.0,4000.0,6000.0,7040.0,5500.0,Edward Lamson Henry,1841,1919.0,The Mountain Stage,painting,oil on board mounted on board,,13.0,17.0,in,yes,yes,yes,,"Marine Arts Galleries, Salem, Massachusetts. Acquired directly from the above.","stagecoach, horses, mountainous landscape, road, trees, figures, sky, clouds, bridge, flowers",,,"Edward Lamson Henry
(American, 1841-1919)
The Mountain Stage, 1881
oil on board mounted on board
signed E L Henry and dated (lower left)

17 x 13 in.

Property of an Important Private Collector, New EnglandProvenance:Marine Arts Galleries, Salem, Massachusetts.Acquired directly from the above.",https://assets.basta.app/accounts/4832eb18-f9a7-4c12-8295-871abe232696/images/972c444a-ad30-4e3b-a44c-99e151e37362,https://freemansauction.com/auction/6507-american-art-and-pennsylvania-impressionism/lot/2,1.0,1881.0,1881.0,original,,
85db438c-c709-4b31-9509-767304b6f605,Artwork,Freemans,6507,2026-06-07,Off Premises,American Art and Pennsylvania Impressionists,https://freemansauction.com/auctions/6507-american-art-and-pennsylvania-impressionism,Lot 3,USD,5000.0,8000.0,35200.0,27500.0,5000.0,8000.0,35200.0,27500.0,Levi Prentice,1851,1935.0,Blue Mountain Lake,painting,oil on canvas,,20.0,12.0,in,yes,yes,yes,,"The Jordan-Volpe Gallery, New York, New York.","lake, mountains, trees, autumn colors, reflections, sky, rocks, islands, water, foliage",,,"Levi Prentice
(American, 1851-1935)
Blue Mountain Lake
oil on canvas 
signed L. W. Prentice (lower left)

12 x 20 in. 

Property of an Important Private Collector, New EnglandProvenance:The Jordan-Volpe Gallery, New York, New York.",https://assets.basta.app/accounts/4832eb18-f9a7-4c12-8295-871abe232696/images/67460e2b-27e1-4ad2-9d96-0328e7e68c76,https://freemansauction.com/auction/6507-american-art-and-pennsylvania-impressionism/lot/3,1.0,1901.0,2000.0,original,,
7bc836de-8754-4681-8876-fbe40cc8a4e1,Artwork,Freemans,6507,2026-06-07,Off Premises,American Art and Pennsylvania Impressionists,https://freemansauction.com/auctions/6507-american-art-and-pennsylvania-impressionism,Lot 4,USD,3000.0,5000.0,3200.0,2500.0,3000.0,5000.0,3200.0,2500.0,Henry Pember Smith,1854,1907.0,A New England Home,painting,oil on canvas,,50.0,40.0,in,yes,yes,yes,,"Coe Kerr Gallery, New York, New York (per label affixed to stretcher).","trees, river, sky, house, person, path, clouds, landscape, water, ducks",,,"Henry Pember Smith
(American, 1854-1907)
A New England Home
oil on canvas
signed HENRY P. SMITH (lower left)

40 x 50 in.

Property from the Estate of Richard and Annette Bloch, Kansas City, MissouriProvenance:Coe Kerr Gallery, New York, New York (per label affixed to stretcher).",https://assets.basta.app/accounts/4832eb18-f9a7-4c12-8295-871abe232696/images/4f04c607-cd84-45c6-9a86-da6f32153142,https://freemansauction.com/auction/6507-american-art-and-pennsylvania-impressionism/lot/4,1.0,1801.0,1900.0,original,,
e5b38ec5-8718-4eb0-8f4c-1f1ad8a66db0,Artwork,Freemans,6507,2026-06-07,Off Premises,American Art and Pennsylvania Impressionists,https://freemansauction.com/auctions/6507-american-art-and-pennsylvania-impressionism,Lot 5,USD,20000.0,30000.0,32000.0,25000.0,20000.0,30000.0,32000.0,25000.0,Asher Brown Durand,1796,1886.0,"View of the Dover Plains, New York",painting,oil on canvas,,16.25,11.0,in,yes,yes,yes,,"Private Collection, Florida. Altman/Burke Fine Art, New York, New York, c. 1989. Private Collection, Concord, New Hampshire, November 1990-2013. Spanierman Gallery, New York, New York. Acquired directly from the above, 2013. Private Collection, Massachusetts.","oak tree,cows,pasture,river,horizon,landscape,mountains,sky,clouds,sunset",,,"Asher Brown Durand
(American, 1796-1886)
View of the Dover Plains, New York, c. 1860s
oil on canvas
signed AB Durand and dated indistinctly (lower center)

11 x 16 1/4 in.
Provenance:Private Collection, Florida.Altman/Burke Fine Art, New York, New York, c. 1989.Private Collection, Concord, New Hampshire, November 1990-2013.Spanierman Gallery, New York, New York.Acquired directly from the above, 2013.Private Collection, Massachusetts.Exhibited:New York, Altman/Burke Fine Art, ""The American Landscape: Paintings of the Hudson River School and Related Works,"" November 30, 1989 – January 16, 1990, p. 15, illustrated.Boston, Vose Galleries, ""Forging a National Identity: 19th Century American Paintings, Featuring the Collection of Matthew S. and Helen M. Mickiewicz,"" May 19 – June 30, 2012, pp. 2; 9, illustrated.Lot Note:Asher Brown Durand’s View of Dover Plains encapsulates the Arcadian qualities of American landscape painting at the dawn of the Civil War, an effort to bolster the nation’s conception of itself as a virgin land full promise. Durand, arguably the father figure of the Hudson River School, used images of boundless wilderness and rustic scenery as the pristine backdrop against which to draw the national narrative in pictorial terms, emphasizing the grandeur, both geographical and spiritual, of the New World. The Dover Plains were a recurring subject for Durand, their sweeping vistas an endless source of inspiration. He rendered the land’s topographic features in intricate detail, according to his deeply held belief that a landscape should be drawn directly from nature with realism and accuracy. Here, Durand fashioned the scene around a lofty off-centered oak towering over a pasture with grazing cows. From the tree, the eye wanders down the sloped pasture to the river flowing towards the layered horizon, the valley and mountains stretching in the distance beneath a sliver of the golden sunset and an airy sea of clouds above.",https://assets.basta.app/accounts/4832eb18-f9a7-4c12-8295-871abe232696/images/a859f752-9652-4f8b-a604-e42d6d7d59bf,https://freemansauction.com/auction/6507-american-art-and-pennsylvania-impressionism/lot/5,1.0,1860.0,1869.0,original,,
b22065b3-8b3f-4491-811e-b59d4a28d31b,Artwork,Freemans,6507,2026-06-07,Off Premises,American Art and Pennsylvania Impressionists,https://freemansauction.com/auctions/6507-american-art-and-pennsylvania-impressionism,Lot 6,USD,4000.0,6000.0,14080.0,11000.0,4000.0,6000.0,14080.0,11000.0,David Johnson,1827,1908.0,Boats on the Hudson River,painting,oil on canvas,,23.25,13.25,in,yes,yes,yes,,"Clars Auction Gallery, Oakland, California. Acquired directly from the above sale. Private Collection, Pennsylvania.","boats, Hudson River, mountains, water, sky, trees, flowers, beach, landscape, nature",,,"David Johnson
(American, 1827-1908)
Boats on the Hudson River, 1869
oil on canvas
signed with monogram DJ and dated (lower left)

13 1/4 x 23 1/4 in.
Provenance:Clars Auction Gallery, Oakland, California.Acquired directly from the above sale.Private Collection, Pennsylvania.",https://assets.basta.app/accounts/4832eb18-f9a7-4c12-8295-871abe232696/images/72712e74-45c2-4774-bbc2-75e54b7f90fa,https://freemansauction.com/auction/6507-american-art-and-pennsylvania-impressionism/lot/6,1.0,1869.0,1869.0,original,,
ee517fea-2a21-4b90-bb8b-3178a53b045d,Artwork,Freemans,6507,2026-06-07,Off Premises,American Art and Pennsylvania Impressionists,https://freemansauction.com/auctions/6507-american-art-and-pennsylvania-impressionism,Lot 7,USD,2000.0,3000.0,25600.0,20000.0,2000.0,3000.0,25600.0,20000.0,Lockwood de Forest,1850,1932.0,Adirondacks,painting,oil on paper,,14.0,9.625,in,yes,yes,yes,,"Debra Force Fine Art, New York, New York. Acquired directly from the above. Private Collection, Wisconsin.","mountains, clouds, trees, water, landscape, foliage, logs, reflection",,,"Lockwood de Forest
(American 1850-1932)
Adirondacks, 1874
oil on paper
signed L de F, titled, and dated (lower right); also titled and dated (verso)

9 5/8 x 14 in.
Provenance:Debra Force Fine Art, New York, New York.Acquired directly from the above.Private Collection, Wisconsin.",https://assets.basta.app/accounts/4832eb18-f9a7-4c12-8295-871abe232696/images/4277d85d-4a47-41c8-ab09-cbe80df539e1,https://freemansauction.com/auction/6507-american-art-and-pennsylvania-impressionism/lot/7,1.0,1874.0,1874.0,original,,
b89089c3-5256-4ddf-a24b-a7eca8fdd9c3,Artwork,Freemans,6507,2026-06-07,Off Premises,American Art and Pennsylvania Impressionists,https://freemansauction.com/auctions/6507-american-art-and-pennsylvania-impressionism,Lot 8,USD,2000.0,3000.0,2560.0,2000.0,2000.0,3000.0,2560.0,2000.0,Andrew Melrose,1836,1901.0,"A Picnic on Passumpsic River, Vermont",painting,oil on canvas,,42.5,24.25,in,yes,yes,yes,,"Vose Galleries, Boston, Massachusetts.","picnic, river, trees, boat, people, landscape, water, sky, rocks, foliage",,,"Andrew Melrose
(American, 1836-1901)
A Picnic on Passumpsic River, Vermont
oil on canvas
signed A Melrose (lower left)

24 1/4 x 42 1/2 in.

Sold to benefit the United Way of Southwestern Pennsylvania 100th Anniversary CampaignProvenance:Vose Galleries, Boston, Massachusetts.",https://assets.basta.app/accounts/4832eb18-f9a7-4c12-8295-871abe232696/images/3162ddac-5ae1-45f3-bcd5-fdf7f8fb2944,https://freemansauction.com/auction/6507-american-art-and-pennsylvania-impressionism/lot/8,1.0,1801.0,1900.0,original,,
6fbf5a27-b1a9-4ccf-bc40-d98d41f9a1f9,Artwork,Freemans,6507,2026-06-07,Off Premises,American Art and Pennsylvania Impressionists,https://freemansauction.com/auctions/6507-american-art-and-pennsylvania-impressionism,Lot 9,USD,2000.0,3000.0,4160.0,3250.0,2000.0,3000.0,4160.0,3250.0,Frank Henry Shapleigh,1842,1906.0,"The Bridge at Jackson, New Hampshire",painting,oil on board,,8.0,12.0,in,yes,yes,yes,,"Property from a Private Estate, Palm Beach Gardens, Florida","bridge, river, figures, mountains, trees, rocks, water, sky, clouds, landscape",,,"Frank Henry Shapleigh 
(American, 1842-1906)
The Bridge at Jackson, New Hampshire, 1878
oil on board
signed F. H. Shapleigh and dated (lower left); also signed F. H. Shapleigh, titled, and dated (on the reverse)

12 x 8 in.

Property from a Private Estate, Palm Beach Gardens, Florida",https://assets.basta.app/accounts/4832eb18-f9a7-4c12-8295-871abe232696/images/d0671555-b699-4cdb-b9bf-0f371743346c,https://freemansauction.com/auction/6507-american-art-and-pennsylvania-impressionism/lot/9,1.0,1878.0,1878.0,original,,
60033526-e3a8-46a3-a9e5-f49fd57a842a,Artwork,Freemans,6507,2026-06-07,Off Premises,American Art and Pennsylvania Impressionists,https://freemansauction.com/auctions/6507-american-art-and-pennsylvania-impressionism,Lot 10,USD,3000.0,5000.0,5120.0,4000.0,3000.0,5000.0,5120.0,4000.0,Hermann Herzog,1832,1932.0,"Pastoral Landscape, Cows by Water's Edge",painting,oil on canvas,,25.125,19.125,in,yes,yes,yes,,"Christie’s, New York, Sale of June 24-25, 1980, Lot 299. Acquired directly from the above. Brandywine Museum of Art, Chadds Ford, Pennsylvania.","cows, water, landscape, trees, grass, sunlight, reflection, pastoral scene, animals, nature",,,"Hermann Herzog
(American/German, 1832-1932)
Pastoral Landscape, Cows by Water's Edge, c. 1880
oil on canvas
signed H. Herzog (lower right)

19 1/8 × 25 1/8 in.
The present lot is being sold to benefit the acquisitions fund of the Brandywine Museum of Art, Chadds Ford, Pennsylvania.Provenance: Christie’s, New York, Sale of June 24-25, 1980, Lot 299.Acquired directly from the above.Brandywine Museum of Art, Chadds Ford, Pennsylvania.Exhibited:Chadds Ford, Brandywine Museum of Art, ""American Paintings of Hermann Herzog,"" September 11 – November 22 1992.",https://assets.basta.app/accounts/4832eb18-f9a7-4c12-8295-871abe232696/images/422f602e-644c-4088-bb9c-545f2c119557,https://freemansauction.com/auction/6507-american-art-and-pennsylvania-impressionism/lot/10,1.0,1880.0,1880.0,original,,
ab9c326a-187d-4403-a6e5-78d1523268ab,Artwork,Freemans,6507,2026-06-07,Off Premises,American Art and Pennsylvania Impressionists,https://freemansauction.com/auctions/6507-american-art-and-pennsylvania-impressionism,Lot 11,USD,3000.0,5000.0,2560.0,2000.0,3000.0,5000.0,2560.0,2000.0,Hermann Herzog,1832,1932.0,By Old Mill Stream,painting,oil on canvas,,22.0,28.0,in,yes,yes,yes,,"The Artist. Acquired directly from the above. Private Collection. Private Collection, by descent. Gifted to the Brandywine Museum of Art, Chadds Ford, Pennsylvania, 2005.","mill, stream, trees, house, waterwheel, path, horse, man, foliage, sky",,,"Hermann Herzog
(American/German, 1832-1932)
By Old Mill Stream
oil on canvas
signed H. Herzog (lower left)

28 x 22 in.
The present lot is being sold to benefit the acquisitions fund of the Brandywine Museum of Art, Chadds Ford, Pennsylvania.Provenance:The Artist.Acquired directly from the above.Private Collection.Private Collection, by descent.Gifted to the Brandywine Museum of Art, Chadds Ford, Pennsylvania, 2005.",https://assets.basta.app/accounts/4832eb18-f9a7-4c12-8295-871abe232696/images/25ade804-ca84-446b-904b-e681afe3f299,https://freemansauction.com/auction/6507-american-art-and-pennsylvania-impressionism/lot/11,1.0,1901.0,2000.0,original,,
afb92387-4e31-4bd8-8073-697fa6fefbae,Artwork,Freemans,6507,2026-06-07,Off Premises,American Art and Pennsylvania Impressionists,https://freemansauction.com/auctions/6507-american-art-and-pennsylvania-impressionism,Lot 12,USD,25000.0,40000.0,17920.0,14000.0,25000.0,40000.0,17920.0,14000.0,William Trost Richards,1833,1905.0,Sea at Cornwall,painting,oil on canvas,,38.0,25.25,in,yes,yes,yes,,"Jensen Fine Arts, Brookline, Massachusetts.","sea, cliffs, waves, rocks, clouds, landscape, coast, water, sky, vegetation",,,"William Trost Richards
(American, 1833-1905)
Sea at Cornwall
oil on canvas 
signed Wm. T. Richards (lower left)

25 1/4 x 38 in. 

Property of an Important Private Collector, New EnglandProvenance: Jensen Fine Arts, Brookline, Massachusetts.",https://assets.basta.app/accounts/4832eb18-f9a7-4c12-8295-871abe232696/images/4cb35922-97f9-4aa5-9b7c-d15689f5b57b,https://freemansauction.com/auction/6507-american-art-and-pennsylvania-impressionism/lot/12,1.0,1801.0,1900.0,original,,
5e49998d-addb-482b-848a-42038231c2dc,Artwork,Freemans,6507,2026-06-07,Off Premises,American Art and Pennsylvania Impressionists,https://freemansauction.com/auctions/6507-american-art-and-pennsylvania-impressionism,Lot 13,USD,3000.0,5000.0,11520.0,9000.0,3000.0,5000.0,11520.0,9000.0,Lockwood de Forest,1850,1932.0,"Coastal Hues, California",painting,oil on board mounted on board,,14.125,9.75,in,yes,yes,yes,,"The Artist. Private Collection, Australia. By descent in the family. Richard York Gallery, New York, New York. Debra Force Fine Art, New York, New York. Acquired directly from the above. Private Collection, Wisconsin.","beach, ocean, landscape, waves, sand, shoreline, hills, sky, sunset, trees",,,"Lockwood de Forest
(American, 1850-1932)
Coastal Hues, California, 1909
oil on board mounted on board
signed L de F and dated (lower left); also inscribed Beach, Santa Barbara and dated (on the reverse)

9 3/4 x 14 1/8 in.
Provenance:The Artist.Private Collection, Australia.By descent in the family.Richard York Gallery, New York, New York.Debra Force Fine Art, New York, New York.Acquired directly from the above.Private Collection, Wisconsin.",https://assets.basta.app/accounts/4832eb18-f9a7-4c12-8295-871abe232696/images/64691f3f-9782-413c-9dcc-657c00862b45,https://freemansauction.com/auction/6507-american-art-and-pennsylvania-impressionism/lot/13,1.0,1909.0,1909.0,original,,
4c576136-1c01-472d-a9bf-1eeb3532dbc7,Artwork,Freemans,6507,2026-06-07,Off Premises,American Art and Pennsylvania Impressionists,https://freemansauction.com/auctions/6507-american-art-and-pennsylvania-impressionism,Lot 14,USD,3000.0,5000.0,8320.0,6500.0,3000.0,5000.0,8320.0,6500.0,Leon Dabo,1864,1960.0,Green Seashore,painting,oil on board,,20.0,15.875,in,yes,yes,yes,,"Private Collection, Florida.","seashore, water, sky, figures, landscape",,,"Leon Dabo
(American, 1864-1960)
Green Seashore, 1917
oil on board
signed Leon Dabo and dated, with artist's cipher (lower left)

15 7/8 x 20 in.
Provenance:Private Collection, Florida.",https://assets.basta.app/accounts/4832eb18-f9a7-4c12-8295-871abe232696/images/340851b5-ccef-467d-b96c-d2eb96fbe765,https://freemansauction.com/auction/6507-american-art-and-pennsylvania-impressionism/lot/14,1.0,1917.0,1917.0,original,,
cf1ec07a-6b7a-4253-98d0-53a1fa3d970f,Artwork,Freemans,6507,2026-06-07,Off Premises,American Art and Pennsylvania Impressionists,https://freemansauction.com/auctions/6507-american-art-and-pennsylvania-impressionism,Lot 15,USD,3000.0,5000.0,9600.0,7500.0,3000.0,5000.0,9600.0,7500.0,Leon Dabo,1864,1960.0,Blue Seashore,painting,oil on board,,20.0,15.875,in,yes,yes,yes,,"Private Collection, Florida.","seashore, ocean, water, figures, blue, sky, waves, reflections, horizon, beach",,,"Leon Dabo
(American, 1864-1960)
Blue Seashore
oil on board
signed Leon Dabo, with artist's cipher (lower center)

15 7/8 x 20 in.
Provenance:Private Collection, Florida.",https://assets.basta.app/accounts/4832eb18-f9a7-4c12-8295-871abe232696/images/01591476-4f26-4ea3-a6b1-17a904f56f9d,https://freemansauction.com/auction/6507-american-art-and-pennsylvania-impressionism/lot/15,1.0,1901.0,2000.0,original,,
3b5223f7-8098-444d-bd01-7f04ff38ff5c,Artwork,Freemans,6507,2026-06-07,Philadelphia Warehouse,American Art and Pennsylvania Impressionists,https://freemansauction.com/auctions/6507-american-art-and-pennsylvania-impressionism,Lot 16,USD,3000.0,5000.0,2176.0,1700.0,3000.0,5000.0,2176.0,1700.0,John Whorf,1903,1959.0,Rocky Coast,painting,oil on canvas,,29.0,23.0,in,yes,yes,yes,,"Private Collection, Arizona.","rocks, ocean, waves, coastline, water, sky, foam, seascape, boulders, geology",,,"John Whorf
(American, 1903-1959)
Rocky Coast
oil on canvas
signed John Whorf (lower left), with Dayton Art Institute stamp (stretcher)

23 x 29 in.
Provenance:Private Collection, Arizona.",https://assets.basta.app/accounts/4832eb18-f9a7-4c12-8295-871abe232696/images/8292e810-45ee-439e-a567-5b88783dd6c6,https://freemansauction.com/auction/6507-american-art-and-pennsylvania-impressionism/lot/16,1.0,1901.0,2000.0,original,,
60848c2c-3b24-44d0-b3d0-56b39a1e5a92,Artwork,Freemans,6507,2026-06-07,Off Premises,American Art and Pennsylvania Impressionists,https://freemansauction.com/auctions/6507-american-art-and-pennsylvania-impressionism,Lot 17,USD,4000.0,6000.0,9600.0,7500.0,4000.0,6000.0,9600.0,7500.0,Frederick Judd Waugh,1861,1940.0,"Waning Day, Coast of Maine",painting,oil on board,,30.0,24.0,in,yes,yes,yes,,"Private Collection, Arizona.","rocks, ocean, waves, sky, clouds, coastline, water, seascape, light, shore",,,"Frederick Judd Waugh
(American, 1861-1940)
Waning Day, Coast of Maine
oil on board
signed Waugh (lower right)

24 x 30 in.
Provenance:Private Collection, Arizona.",https://assets.basta.app/accounts/4832eb18-f9a7-4c12-8295-871abe232696/images/83913717-732b-4723-b114-87cfc7aa80f4,https://freemansauction.com/auction/6507-american-art-and-pennsylvania-impressionism/lot/17,1.0,1901.0,2000.0,original,,
766f48f3-f3b4-491f-9742-c4f75d1ee8b5,Artwork,Freemans,6507,2026-06-07,Off Premises,American Art and Pennsylvania Impressionists,https://freemansauction.com/auctions/6507-american-art-and-pennsylvania-impressionism,Lot 18,USD,4000.0,6000.0,10240.0,8000.0,4000.0,6000.0,10240.0,8000.0,Frederick Judd Waugh,1861,1940.0,Sea and Rocks,painting,oil on Masonite,,30.0,25.0,in,yes,yes,yes,,"Private Collection, Arizona.","sea, rocks, waves, coastline, ocean, cliffs, shoreline, foam, horizon, sky",,,"Frederick Judd Waugh
(American, 1861-1940)
Sea and Rocks
oil on Masonite
signed Waugh (lower right); also inscribed with artist's name and title (on frame) and titled (on the reverse)

25 x 30 in.
Provenance:Private Collection, Arizona.",https://assets.basta.app/accounts/4832eb18-f9a7-4c12-8295-871abe232696/images/c720d01a-9d5a-475e-a163-f127ed9ac45a,https://freemansauction.com/auction/6507-american-art-and-pennsylvania-impressionism/lot/18,1.0,1901.0,2000.0,original,,
48bb9ecb-ea1b-40b3-aa11-73c3a8bfcce4,Artwork,Freemans,6507,2026-06-07,Off Premises,American Art and Pennsylvania Impressionists,https://freemansauction.com/auctions/6507-american-art-and-pennsylvania-impressionism,Lot 19,USD,6000.0,10000.0,7680.0,6000.0,6000.0,10000.0,7680.0,6000.0,Edward Troye,1808,1874.0,Dead Sea,painting,oil on canvas,,122.25,66.0,in,no,yes,yes,,"Alexander Campbell, founder of Bethany College, and Alexander Keene Richards. A gift from the above.","sea, landscape, mountains, water, sky, shore, horizon, sunlight, reflection, earth",,,"Edward Troye
(American, 1808-1874)
Dead Sea, 1856
oil on canvas

66 x 122 1/4 in.

Property from Bethany College, West VirginiaProvenance:Alexander Campbell, founder of Bethany College, and Alexander Keene Richards.A gift from the above.",https://assets.basta.app/accounts/4832eb18-f9a7-4c12-8295-871abe232696/images/59fb245e-2156-474e-a419-56e84601f0ad,https://freemansauction.com/auction/6507-american-art-and-pennsylvania-impressionism/lot/19,1.0,1856.0,1856.0,original,,
f0e4e88a-e8fe-4c84-ab13-b3e368b5f60a,Artwork,Freemans,6507,2026-06-07,Off Premises,American Art and Pennsylvania Impressionists,https://freemansauction.com/auctions/6507-american-art-and-pennsylvania-impressionism,Lot 20,USD,8000.0,12000.0,7680.0,6000.0,8000.0,12000.0,7680.0,6000.0,Edward Troye,1808,1874.0,Syrian Plowman,painting,oil on canvas mounted to aluminum,,119.25,71.125,in,no,yes,yes,,"Alexander Campbell, founder of Bethany College, and Alexander Keene Richards. A gift from the above.","plowman, cows, camel, landscape, mountains, water, trees, man, animals, farming",,,"Edward Troye
(American, 1808-1874)
Syrian Plowman, 1856
oil on canvas mounted to aluminum

71 1/8 x 119 1/4 in.

Property from Bethany College, West VirginiaProvenance:Alexander Campbell, founder of Bethany College, and Alexander Keene Richards.A gift from the above.",https://assets.basta.app/accounts/4832eb18-f9a7-4c12-8295-871abe232696/images/3c443afb-2223-484d-92b6-b04d412a9265,https://freemansauction.com/auction/6507-american-art-and-pennsylvania-impressionism/lot/20,1.0,1830.0,1870.0,original,,
709f794a-89ba-4ed8-8baf-48548e7441d7,Artwork,Freemans,6507,2026-06-07,Off Premises,American Art and Pennsylvania Impressionists,https://freemansauction.com/auctions/6507-american-art-and-pennsylvania-impressionism,Lot 21,USD,6000.0,10000.0,7680.0,6000.0,6000.0,10000.0,7680.0,6000.0,Edward Troye,1808,1874.0,River Jordan at Bethabara,painting,oil on canvas mounted to panel,,66.75,44.0,in,no,yes,yes,,"Alexander Campbell, founder of Bethany College, and Alexander Keene Richards. A gift from the above.","river, trees, landscape, sunlight, flowers, cliffs, water, sky, reflection, nature",,,"Edward Troye
(American, 1808-1874)
River Jordan at Bethabara, 1856
oil on canvas mounted to panel

44 x 66 3/4 in.

Property from Bethany College, West VirginiaProvenance:Alexander Campbell, founder of Bethany College, and Alexander Keene Richards.A gift from the above.",https://assets.basta.app/accounts/4832eb18-f9a7-4c12-8295-871abe232696/images/3890e5b3-fc24-4a39-8ecd-e8d05fa5c266,https://freemansauction.com/auction/6507-american-art-and-pennsylvania-impressionism/lot/21,1.0,1856.0,1856.0,original,,
3dd4f4ef-effb-4435-9a51-770fd365219a,Artwork,Freemans,6507,2026-06-07,Off Premises,American Art and Pennsylvania Impressionists,https://freemansauction.com/auctions/6507-american-art-and-pennsylvania-impressionism,Lot 22,USD,20000.0,30000.0,15360.0,12000.0,20000.0,30000.0,15360.0,12000.0,James Fairman,1826,1904.0,Mount of Olives and Mosque El Aska,painting,oil on canvas,,66.0,44.0,in,yes,yes,yes,,"Property Deaccessioned from The University of Olivet Collection, Olivet, Michigan","Mount of Olives, Mosque El Aksa, landscape, hills, clouds, sky, historical architecture, vegetation, light, shadow",,,"James Fairman 
(American, 1826-1904)
Mount of Olives and Mosque El Aska, 1874
oil on canvas
signed J. Fairman and dated (lower left)

44 x 66 in.

Property Deaccessioned from The University of Olivet Collection, Olivet, Michigan",https://assets.basta.app/accounts/4832eb18-f9a7-4c12-8295-871abe232696/images/803f253e-f211-4d4d-96f1-1890d2220f3d,https://freemansauction.com/auction/6507-american-art-and-pennsylvania-impressionism/lot/22,1.0,1874.0,1874.0,original,,
a3130ea1-53eb-4ba9-864b-85a14931bdc4,Artwork,Freemans,6507,2026-06-07,Off Premises,American Art and Pennsylvania Impressionists,https://freemansauction.com/auctions/6507-american-art-and-pennsylvania-impressionism,Lot 23,USD,3000.0,5000.0,,,3000.0,5000.0,,,William Merritt Chase,1849,1916.0,Children on a Path,drawing,pencil on paper,,5.875,11.125,in,no,yes,yes,,"The Artist. Mrs. William Merritt Chase. Helen Chase Storm, the artist's daughter. Jackson Chase Storm, the artist's grandson. R. H. Love Galleries, Inc., Chicago, Illinois. Private Collection, Illinois.","children, path, trees, houses, landscape, outdoor, clothing, hats",,,"William Merritt Chase
(American, 1849-1916)
Children on a Path
pencil on paper

11 1/8 x 5 7/8 in.
Provenance:The Artist.Mrs. William Merritt Chase.Helen Chase Storm, the artist's daughter.Jackson Chase Storm, the artist's grandson.R. H. Love Galleries, Inc., Chicago, Illinois.Private Collection, Illinois.Literature:Ronald G. Pisano, William Merritt Chase: Still Lifes, Interiors, Figures, Copies of Old Masters, and Drawings, vol. IV, New Haven, 2009, no. 65Da, p. 182, illustrated.",https://assets.basta.app/accounts/4832eb18-f9a7-4c12-8295-871abe232696/images/4c8b1836-611d-43ec-acbd-985f469bd998,https://freemansauction.com/auction/6507-american-art-and-pennsylvania-impressionism/lot/23,1.0,1901.0,1930.0,original,,
f90db8e4-12cc-4aaa-be2c-2e974c291f83,Artwork,Freemans,6507,2026-06-07,Off Premises,American Art and Pennsylvania Impressionists,https://freemansauction.com/auctions/6507-american-art-and-pennsylvania-impressionism,Lot 24,USD,10000.0,15000.0,10240.0,8000.0,10000.0,15000.0,10240.0,8000.0,William Merritt Chase,1849,1916.0,Portrait of George Washington Martin,painting,oil on canvas,,27.0,22.0,in,yes,yes,yes,,"George Washington Martin, Martin, Tennessee, 1904. By descent to the present owner.","portrait, man, dark suit, brown background, white hair, expressive eyes, mustache, knitted brow, oil on canvas, 1904",,,"William Merritt Chase
(American, 1849-1916)
Portrait of George Washington Martin, 1904
oil on canvas
signed W. M. Chase (lower left); also titled and dated (on the reverse)

22 x 27 in.

Property from the Collection of B. Martin Kizer, TennesseeThe present lot will be included in Ronald G. Pisano's forthcoming volume, Complete Catalogue of Known and Documented Works in All Media by William Merritt Chase (1849-1916).Provenance:George Washington Martin, Martin, Tennessee, 1904.By descent to the present owner.Lot Note:This portrait demonstrates both the bravura brushwork and dark palette reflecting the impact of Chase's studies in Munich as a young man. His signature, as well, captures the artist's confidence as one of the premier portrait painters in both New York and Philadelphia, where he had studios. In the first decade of the twentieth century until his death, Chase completed portraits of countless prominent figures. This work depicts George Washington Martin (1838-1913), who along with his two brothers, was instrumental in the development of the town of Martin, Tennessee. Martin is seen in his dark suit against a brown background, but Chase highlights his sitter's hair and expressive eyes through his use of light to capture the viewer's attention. The portrait exemplifies both Chase's masterful technique in depicting the varying textures and shades of black in Martin's suit and in his rendering of Martin's expressive eyes and knitted brow.",https://assets.basta.app/accounts/4832eb18-f9a7-4c12-8295-871abe232696/images/c7d9ebe1-24f3-4632-b4c3-353c7f496236,https://freemansauction.com/auction/6507-american-art-and-pennsylvania-impressionism/lot/24,1.0,1904.0,1904.0,original,,
28e18cbb-67a2-4c4a-bade-3a09d90cfdac,Artwork,Freemans,6507,2026-06-07,Off Premises,American Art and Pennsylvania Impressionists,https://freemansauction.com/auctions/6507-american-art-and-pennsylvania-impressionism,Lot 25,USD,6000.0,10000.0,6080.0,4750.0,6000.0,10000.0,6080.0,4750.0,William Merritt Chase,1849,1916.0,Helen (Portrait Sketch),painting,oil on panel,,9.0,11.75,in,yes,yes,yes,,"The Artist. American Art Association, New York, The Paintings and Other Artistic Property Left by the Late William Merritt Chase, N.A., Sale of May 14-17, 1917, no. 171 (as Portrait Sketch). Annie Traquair Lang (1885-1918), New York. American Art Association, New York, Estate of Annie T. Lang, Sale of April 12, 1923, Lot 27 (as Young Woman). Acquired directly from the above sale. LeRoy Ireland (1889-1970), New York, New York and Philadelphia, Pennsylvania. Acquired directly from the above. Lewis J. Merritt (1848-1929), Pasadena, California. Gifted to Hulett (Hewlett) Merritt (1872-1956), 1923, Pasadena, California, son of the above. William E. Woodward, Pasadena, California, inherited from the above. Christie's, New York, Sale of September 30, 1988, Lot 139. Private Collection, Washington.","portrait, woman, dress, signature, dark background",,,"William Merritt Chase
(American, 1849-1916)
Helen (Portrait Sketch), c. 1914
oil on panel
signed Wm. M. Chase (lower right); also inscribed Helen / 4426 Port. of Daughter by W M Chase / portrait of Miss Chase presented to Miss. Annie Lang by W. M. Chase-purchased from the Lang Estate; inscribed later To my beloved son Hewlett Merritt on my 75th Birthday / Lewis J. Merritt (on the reverse)

11 3/4 x 9 in.
Provenance:The Artist.American Art Association, New York, The Paintings and Other Artistic Property Left by the Late William Merritt Chase, N.A., Sale of May 14-17, 1917, no. 171 (as Portrait Sketch).Annie Traquair Lang (1885-1918), New York.American Art Association, New York, Estate of Annie T. Lang, Sale of April 12, 1923, Lot 27 (as Young Woman).Acquired directly from the above sale.LeRoy Ireland (1889-1970), New York, New York and Philadelphia, Pennsylvania.Acquired directly from the above.Lewis J. Merritt (1848-1929), Pasadena, California.Gifted to Hulett (Hewlett) Merritt (1872-1956), 1923, Pasadena, California, son of the above.William E. Woodward, Pasadena, California, inherited from the above.Christie's, New York, Sale of September 30, 1988, Lot 139.Private Collection, Washington.Literature:American Art Association, Catalogue of The Completed Pictures Studies and Sketches Left by the Late William Merritt Chase, N.A., New York, 1917, no. 171.Wilbur D. Peat, The Checklist of Known Work, exhibition catalogue, Indianapolis, 1949 (as A Young Woman).Ronald G. Pisano, William Merritt Chase: Portraits in Oil, vol. II, New Haven, 2006, p. 263, no. OP. 557, illustrated.Lot Note:According to Ronald G. Pisano, author of the catalogue raisonné on the artist, the present portrait is of Chase's daughter, Helen Velázquez Chase (1895-1965) and was executed shortly after the artist's return from teaching a summer class in Carmel-by-the-Sea, California. The monochromatic features of this painting may represent Chase's resumption of making monotypes, mainly in black or brown printer's ink, which he had first experimented with as early as the 1880s.A notation on the verso of the artwork indicates that it was give by Chase to Annie Traquair Lang. Lang was a prized student of Chase, as well as an art teacher, whose portrait of her mentor is now included in the Metropolitan Museum of Art, New York. However, the presence of Helen's portrait in the 1917 Chase estate sale makes it more likely that Lang acquired the work at this venue. The portrait, along with several other works by Chase, were included in Lang's 1923 estate auction.",https://assets.basta.app/accounts/4832eb18-f9a7-4c12-8295-871abe232696/images/dc41f4cb-9a38-44f1-8af1-3472b9b785bf,https://freemansauction.com/auction/6507-american-art-and-pennsylvania-impressionism/lot/25,1.0,1914.0,1914.0,original,,
bb3ca72e-550c-4aaa-95d2-9f00b9b61b05,Artwork,Freemans,6507,2026-06-07,Off Premises,American Art and Pennsylvania Impressionists,https://freemansauction.com/auctions/6507-american-art-and-pennsylvania-impressionism,Lot 26,USD,8000.0,12000.0,16640.0,13000.0,8000.0,12000.0,16640.0,13000.0,Cecilia Beaux,1855,1942.0,The Biddle Child,ceramics,oil on porcelain,,,,in,yes,yes,yes,,"Private Collection, Vermont.","boy, black velvet jacket, white collar, blond hair, brown background, porcelain plate, child portrait, round plate, three to five years old, soft chin",,,"Cecilia Beaux
(American, 1855-1942)
The Biddle Child, 1881
oil on porcelain
signed E C Beaux and dated (center right, along edge of plate); also inscribed #4381 / Biddle (on label affixed to the reverse)

diameter: 12 3/4 in.
We wish to thank Tara Leigh Tappert, Ph.D. for providing the following essay.Provenance:Private Collection, Vermont.Lot Note:This plate depicts a bust-length portrait of a three- to five-year-old boy, whose head is slightly cocked as he looks to his right. Posed against a plain brown stippled background, the lad is portrayed in a double-breasted black velvet jacket and a white baroque-style cavalier laced collar tied at the neck with stings and tassels. Featured as fair skinned, with a peach tint to his cheeks and lips, the boy has light brown eyebrows, dark brown eyes, a Roman nose, a square-shaped face and soft chin, and the bottom of his left ear lobe is barely visible behind his softly curled shoulder length flaxen blond hair, with bangs cut in a Dutch boy style. The boy’s face retains the soft pudginess of a young child. The artist’s portrayal is almost theatric as if the boy is on stage under a spotlight. Visible sheens of light fall across his bangs and velvet jacket. A signature and date–E. C. Beaux 81–are signed in black at the middle right edge on the front of the plate. The signature represents her given name: Eliza Cecilia Beaux.On the back of the plate is a paper label with a number #4381, and a name, Biddle. Further research may prove that the number represents an exhibition. The name is presumably the last name of the child depicted on the plate. Also, on the back of the plate are three lugs or loops, attached during the making of the plate (most likely at the leather hard stage). This clever design allows the artist or manufacturer to glaze a piece in its entirety as the lugs or loops act as feet and are the only small point of contact on the kiln shelf during firing.China painting, a fashionable craftwork for women, popularized in America by the 1876 Philadelphia Centennial Exposition, was taken up by Cecilia Beaux just a few years later. Beaux's first art teacher, Catharine Ann Drinker, translated from French into English a treatise by the noted French ceramist, Camille Piton, entitled China Painting in America (1878). At the time of her translation Piton was living in Philadelphia, and Drinker urged Beaux to take china painting lessons with him. The ceramist managed and taught the craft at the National Art Training School, located on the ""S.E. Cor. [of] Tenth and Walnut Streets,"" where he set up a kiln, and sold china-painting supplies –""china palettes, putois and Lacroix's colors."" In March 1879, for a fee of ten dollars, Beaux ""took a month's lessons in china painting"" from him. Beaux commented that she learned ""the ignoble art of over-glaze painting"" and ""quickly mastered"" the skill which she at once ""began adapting...to portraiture."" Her reputation as a china painter began in Philadelphia, before spreading to ""[m]others in the Far West."" She produced portraits on large china plates that contained ""a nearly life-sized head of a child (background, always different), full-modelling, flesh color and all, that parents nearly wept over.""Beaux used photographs and solar prints to produce her china plates, taking measurements and notes on color, as frequently the ""golden-haired darlings"" were brought to her ""and placed as nearly as possible in the lighting of the photograph."" Beaux wrote the color scheme on the print, indicating where to include the ""most color, least color, greenish, pinkish, warm [or] cool"" colors. For the china portraits of children who were not in the Philadelphia area, she relied on just a photograph and ""a bit of ribbon the color of the boy's eyes, as well as a lock of hair.""One of her plates was of Clara Hoopes of Philadelphia. Beaux was asked to make the plate in 1882 from an old daguerreotype taken of Clara in 1853 when she was eight years old. Five years later, in 1887, Beaux made companion portraits of Margaretta and Cooper Wood of Pittsburgh,Pennsylvania, the daughter and son of a vice president of the Pennsylvania Railroad.Beaux later hated these plates, believing that their commercial success was a base use of her artistic talents. Yet at the time they were painted she took sufficient pride in them to include them in local exhibitions. She eventually felt this work required little creativity or originality, and she acknowledged her plates ""with shame"" and a ""sad confession,"" hoping that some of them would wear out ""their suspending wires"" and be ""dashed to pieces."" When her autobiography, Background with Figures, was published in 1930, she denounced her china plates as ""the lowest depth [she] ever reached in commercial art.""Even though Beaux dismissed the likenesses of children she painted on china plates, these somewhat formulaic and decorative portrayals from the late 1870s to the mid-1880s demonstrate an attention to detail, perspective, anatomy, as well as fabric, color and light. Beaux’s china paintings were foundational to her development as a high style portrait painter, demonstrating stylistic progression from the china plate to the canvas.While china painting was a popular pastime for women in the late nineteenth and early twentieth centuries, and Cecilia Beaux is known to have produced numerous china paintings throughout the 1880s, existing examples of her portraits of children on china plates are now quite rare. Counting this porcelain plate of the Biddle Child, only six are known today. The Metropolitan Museum of Art owns The Bruce Boy (ca. 1879-1883) and The Bruce Child (1880). The remaining three are still privately owned. Two of the three previously documented plates have been on exhibition–Margaretta Wood (1887; at the Philadelphia Museum of Art, 1976) and Clara Hoopes (1882; at the National Portrait Gallery, 1995). The final known plate, Cooper Wood (1887) is illustrated in the Beaux files at the Pennsylvania Academy of the Fine Arts.",https://assets.basta.app/accounts/4832eb18-f9a7-4c12-8295-871abe232696/images/924b4bfb-3e51-4cbc-92b3-bdba5317130f,https://freemansauction.com/auction/6507-american-art-and-pennsylvania-impressionism/lot/26,1.0,1881.0,1881.0,original,,
db95fdef-abd9-4342-b3be-9d8142f0bb39,Artwork,Freemans,6507,2026-06-07,Off Premises,American Art and Pennsylvania Impressionists,https://freemansauction.com/auctions/6507-american-art-and-pennsylvania-impressionism,Lot 27,USD,8000.0,12000.0,10880.0,8500.0,8000.0,12000.0,10880.0,8500.0,Howard Chandler Christy,1872,1952.0,The Milkmaid,painting,oil on canvas,,35.0,70.0,in,yes,yes,yes,,"Brunk Auctions, Asheville, North Carolina, Sale of November 18, 2018, Lot 1694. Acquired directly from the above sale. Private Collection, California.","woman, milkmaid, milk jug, apron, green background, foliage, historical dress, standing pose, domestic scene, traditional attire",,,"Howard Chandler Christy
(American, 1872-1952)
The Milkmaid, 1910
oil on canvas
signed Howard Chandler Christy and dated (lower right)

70 x 35 in.
Provenance:Brunk Auctions, Asheville, North Carolina, Sale of November 18, 2018, Lot 1694.Acquired directly from the above sale.Private Collection, California.Exhibited: Daytona Beach, Museum of Arts and Sciences, ""The Genteel Tradition in American Painting,"" January 15 – March 21, 1999.",https://assets.basta.app/accounts/4832eb18-f9a7-4c12-8295-871abe232696/images/ac566286-a32d-4e0f-a5cd-3b78f5cfbea2,https://freemansauction.com/auction/6507-american-art-and-pennsylvania-impressionism/lot/27,1.0,1910.0,1910.0,original,,
0c9e1fe2-32c7-4c55-9a86-fd8dd03882c2,Artwork,Freemans,6507,2026-06-07,Off Premises,American Art and Pennsylvania Impressionists,https://freemansauction.com/auctions/6507-american-art-and-pennsylvania-impressionism,Lot 29,USD,8000.0,12000.0,6400.0,5000.0,8000.0,12000.0,6400.0,5000.0,John George Brown,1831,1913.0,Steady,painting,oil on canvas,,16.25,24.25,in,yes,yes,yes,,"Galleries Maurice Sternberg, Chicago, Illinois. Acquired directly from the above. Private Collection, Illinois. By descent to the present owner, Illinois.","boy, dog, red shirt, sitting, indoors, sewing machine, hat, shoes, gesture, animal",,,"John George Brown
(American, 1831-1913)
Steady, c. 1902
oil on canvas
signed Copyright. / J. G. Brown N.A. (lower left)

24 1/4 x 16 1/4 in.
We wish to thank Dr. Martha Hoppin for kindly confirming the authenticity of the present work, and for her assistance in cataloguing it. Provenance:Galleries Maurice Sternberg, Chicago, Illinois.Acquired directly from the above.Private Collection, Illinois.By descent to the present owner, Illinois.",https://assets.basta.app/accounts/4832eb18-f9a7-4c12-8295-871abe232696/images/3e1aba32-ff69-45a1-a4fa-7c9af34f5482,https://freemansauction.com/auction/6507-american-art-and-pennsylvania-impressionism/lot/29,1.0,1901.0,1930.0,original,,
d5f69e89-623e-4607-b757-6cf2058a270e,Artwork,Freemans,6507,2026-06-07,Chicago Warehouse (222 North Maplewood),American Art and Pennsylvania Impressionists,https://freemansauction.com/auctions/6507-american-art-and-pennsylvania-impressionism,Lot 30,USD,6000.0,8000.0,,,6000.0,8000.0,,,William Sergeant Kendall,1869,1938.0,Mrs. Hoyt and Her Sons,painting,oil on canvas,,49.0,54.0,in,yes,yes,yes,,"Dr. Anson Phelps Stokes Hoyt (1897-1992), Pasadena, California.","woman, two children, red dress, forest, seated, mother, boys, foliage, river, landscape",,,"William Sergeant Kendall
(American, 1869-1938)
Mrs. Hoyt and Her Sons, 1901
oil on canvas
signed Sergeant Kendall and dated (lower left)

54 x 49 in.

Property from a Private Collection, Savannah, GeorgiaProvenance:Dr. Anson Phelps Stokes Hoyt (1897-1992), Pasadena, California.Exhibited:New York, Owen Gallery, ""William Sergeant Kendall, American Master,"" April 15 – June 19, 1998, n.p., fig. 8, illustrated.",https://assets.basta.app/accounts/4832eb18-f9a7-4c12-8295-871abe232696/images/f59630c3-fcbf-47e7-ad95-a82b9e112a8c,https://freemansauction.com/auction/6507-american-art-and-pennsylvania-impressionism/lot/30,1.0,1901.0,1901.0,original,,
c06329e3-8385-4e35-8634-77b0a643be1b,Artwork,Freemans,6507,2026-06-07,Off Premises,American Art and Pennsylvania Impressionists,https://freemansauction.com/auctions/6507-american-art-and-pennsylvania-impressionism,Lot 31,USD,20000.0,30000.0,32000.0,25000.0,20000.0,30000.0,32000.0,25000.0,Daniel Ridgway Knight,1839,1924.0,A Harvest Lunch,painting,oil on canvas laid to panel,,29.0,36.5,in,yes,yes,yes,,"Christie's, New York, Sale of October 28, 1983, Lot 36. Private Collection, Running Springs, California. Butterfields, San Francisco, Sale of December 12, 2001, Lot 5048 (as Midday's Pause). Acquired directly from the above sale. Paul J. & Patricia A. Zecchi, Colorado. Freeman's, Philadelphia, Sale of July 21, 2020, Lot 19 (as Midday's Pause). Galerie Michel, Beverly Hills, California. Private Collection, California.","woman, field, wheat, jug, basket, picnic, river, flowers, landscape, clouds",,,"Daniel Ridgway Knight
(American, 1839-1924)
A Harvest Lunch
oil on canvas laid to panel
signed Ridgway Knight and inscribed Paris (lower right)

36 1/2 x 29 in.
Provenance:Christie's, New York, Sale of October 28, 1983, Lot 36.Private Collection, Running Springs, California.Butterfields, San Francisco, Sale of December 12, 2001, Lot 5048 (as Midday's Pause).Acquired directly from the above sale.Paul J. & Patricia A. Zecchi, Colorado.Freeman's, Philadelphia, Sale of July 21, 2020, Lot 19 (as Midday's Pause).Galerie Michel, Beverly Hills, California.Private Collection, California.Literature:Included in the digital catalogue raisonné of the artist's work published by Rehs Galleries, www.ridgwayknight.com, catalog no. SF1006.",https://assets.basta.app/accounts/4832eb18-f9a7-4c12-8295-871abe232696/images/3137f72b-49e6-44fd-897a-6c8f4937fe54,https://freemansauction.com/auction/6507-american-art-and-pennsylvania-impressionism/lot/31,1.0,1901.0,2000.0,original,,
1feda11c-eb44-4718-897a-4df5c0655411,Artwork,Freemans,6507,2026-06-07,Off Premises,American Art and Pennsylvania Impressionists,https://freemansauction.com/auctions/6507-american-art-and-pennsylvania-impressionism,Lot 32,USD,4000.0,6000.0,14080.0,11000.0,4000.0,6000.0,14080.0,11000.0,Lee Lufkin Kaula,1865,1957.0,Midsummer Repose,painting,oil on canvas laid to board mounted to stretcher,,25.0,30.0,in,yes,yes,yes,,"Private Collection, Illinois. By descent to the present owner, Illinois.","two girls, trees, grass, book, white dress, green dress, sunlight, nature, childhood, summer",,,"Lee Lufkin Kaula
(American, 1865-1957)
Midsummer Repose
oil on canvas laid to board mounted to stretcher
signed Lee Lufkin Kaula (lower right); also inscribed with artist's name, with Lee Lufkin Kaula Estate Agents stamp (stretcher)

30 x 25 in.
Provenance:Private Collection, Illinois.By descent to the present owner, Illinois.",https://assets.basta.app/accounts/4832eb18-f9a7-4c12-8295-871abe232696/images/58a14987-a5f8-4c2b-bfec-2eb8ff6fb99d,https://freemansauction.com/auction/6507-american-art-and-pennsylvania-impressionism/lot/32,1.0,1901.0,2000.0,original,,
955577cd-4fae-427a-811d-f84fedc5f8c4,Artwork,Freemans,6507,2026-06-07,Off Premises,American Art and Pennsylvania Impressionists,https://freemansauction.com/auctions/6507-american-art-and-pennsylvania-impressionism,Lot 33,USD,100000.0,150000.0,179200.0,140000.0,100000.0,150000.0,179200.0,140000.0,Childe Hassam,1859,1935.0,The Bather (The Bather I),painting,oil on canvas,,52.0,45.0,in,yes,yes,yes,,"Commissioned by Charles Erskine Wood, Portland, Oregon, 1904. By descent in the family. Private Collection, San Francisco, California. Gerald Peters Gallery, New York, New York, 1998. Private Collection.","nude woman, shoreline, water, trees, rocks, landscape, sunlight, nature",,,"Childe Hassam
(American, 1859-1935)
The Bather (The Bather I), 1904
oil on canvas
signed Childe Hassam and dated, with the artist's crescent device (lower right)

45 x 52 in.
This painting will be included in the forthcoming catalogue raisonné of the artist's work by Stuart Feld and Kathleen M. Burnside. We wish to thank Alice Duncan for her help researching this artwork and assistance with the following lot essay.Provenance:Commissioned by Charles Erskine Wood, Portland, Oregon, 1904.By descent in the family.Private Collection, San Francisco, California.Gerald Peters Gallery, New York, New York, 1998.Private Collection.Literature:Gerald Peters Gallery, Defining Beauty: American Art from a Private Collection, New York, pp. 24-25, illustrated.Lot Essay:The Bathers is part of a cycle of four paintings that Childe Hassam completed in 1904 for the library of Charles Erskine Scott Wood's home in Portland, Oregon. Hassam had met Wood through their mutual friend, the artist J. Alden Weir. After Wood graduated from West Point (where he would have known Weir's father Robert, who was the art instructor there), he was sent West and in 1877 negotiated the surrender of Chief Joseph of the Nez Pearce. Frustrated with the treatment of the Native Americans, he resigned from the army to study law at Columbia University. Upon his return to Oregon, Wood continued in his pursuit of social justice and aspired to a political career, all while maintaining a successful law practice. He was also a frequently published art critic, one of the founders of the Portland Art Association, was an accomplished painter, and a patron for both his own collection and for public commissions.Wood was an admirer of and influenced by the Arts and Crafts movement that eschewed the ornate aesthetic of the late Victorian era in favor of simple and harmonious design. Writing to Weir in 1904, he described how Hassam, ""whirled in and painted me a whole wall for my studio...It grew out of a remark of mine that I was tired of my bric-a-brac house, like a dealer's shop, and wanted to back to Greek simplicity-the whole room done as an intentional whole by one man."" (cited in H. Barbara Weinberg, Kimberly Orcutt, et. al. Childe Hassam: American Impressionist, New Haven, for the Metropolitan Museum of Art, 2004 (Wood to Weir, May 23, 1904, p. 199))In March 1904 Hassam wrote to Wood that: The decoration is done-and it was with a very fine ration of ""Salmon Belles"" from Astoria Oregon that the last licks were put in...When will you want the decoration sent out to you. It will be sent rolled...It is on view perfectly by electric light. In fact I have worked on it in places at night. It will look as I want it to by electric light as daylight. I wish you could alight here and see it."" (Ibid. Hassam to Wood, March 1, 1904) That summer, Hassam traveled to Portland to install the cycle of paintings himself. All four panels depict east coast inspired landscapes are more allegorical than documentary in their intention. The present painting, along with The Bathers (a four-by-twelve-foot canvas now in the collection of the Memorial Art Gallery, Rochester, New York) reveal the influence of Pierre Puvis de Chavannes on Hassam's allegorical works. Here, as in the large panel, lithe, nude women bask on a sunlit shoreline. As Kimberly Orcutt has described, with their ""stylized, primitive quality, the scene suggests a Greek frieze,"" descried by Hassam as ""a class-nude and landscape."" (Ibid. p. 319)Wood was not the only person to commission such work from Hassam. The year before, Hassam completed painted door panels for Florence Griswold's dining room in Old Lyme, Connecticut. The similar subject matter-these panels are also titled The Bathers-shows an increasing interest in this type of subject matter-the allegorical and the classical-within Hassam's oeuvre at this time. As early as 1902, Hassam was working on studies for the works that would comprise the Wood commission, evidenced by the small study now in the Portland Art Museum. In the first decade of the twentieth century Hassam created at least seven works titled Bather, showing his focused interest in compositions of neoclassical female figures at their toilette.For the Wood commission, in addition to the paintings themselves, Hassam carefully oversaw the framing of the four mural panels, placing an order from the firm operated by Hermann Dudley Murphy, Charles Prendergast, and Walfred Thulin that would come to be known as Carrig-Rohane in 1904 for a frame in ""pattern number 2"" and another ""in the Tarbell pattern."" Both were designed by Murphy based on fifteenth-century Venetian cassetta frames.The Bather is the only one of the cycle of paintings that was signed by the artist and was chosen to remain in the family's possession for that reason.",https://assets.basta.app/accounts/4832eb18-f9a7-4c12-8295-871abe232696/images/2d6b153d-382e-4066-8207-7fea4a3b71a5,https://freemansauction.com/auction/6507-american-art-and-pennsylvania-impressionism/lot/33,1.0,1904.0,1904.0,original,,
64c19999-e3b2-43ee-8652-f221f232c283,Artwork,Freemans,6507,2026-06-07,Off Premises,American Art and Pennsylvania Impressionists,https://freemansauction.com/auctions/6507-american-art-and-pennsylvania-impressionism,Lot 34,USD,10000.0,15000.0,10240.0,8000.0,10000.0,15000.0,10240.0,8000.0,Louis Comfort Tiffany,1848,1933.0,Woman by a Stream,painting,gouache and watercolor on paper laid to board,,20.875,28.875,in,yes,yes,yes,,"Private Collection, Pennsylvania.","woman, stream, waterfall, rock, nature, flowers, greenery, water, portrait, landscape",,,"Louis Comfort Tiffany
(American, 1848-1933)
Woman by a Stream, 1913
gouache and watercolor on paper laid to board
signed Louis C. Tiffany and dated (lower left)

28 7/8 x 20 7/8 in.
We wish to thank Roberta A. Mayer for her assistance cataloguing the present lot.Provenance:Private Collection, Pennsylvania.Lot Note:Although most popularly known for his exquisite stained-glass creations, Louis Comfort Tiffany first trained and worked as a painter of landscapes, still lifes, and genre scenes in both oil and watercolor. He first studied with landscapist George Inness and then trained with Leon-Adolphe-Auguste Belly in Paris, a specialist in Middle Eastern subjects. This education, combined with an 1869 visit to Spain and North Africa with artist Samuel Colman, stirred an enduring interest in strong color. On this 1869 trip, Colman also encouraged Tiffany to make watercolor sketches for later conversion into paintings. Throughout the 1870s, Tiffany exhibited his paintings widely, and in 1877, became one of the secessionist artists, along with John La Farge and Augustus Saint-Gaudens, who rebelled against the staid National Academy of Design and formed the Society of American Artists. By the late 1870s, Tiffany began to shift his focus to decorative arts, interiors, and glassmaking, but he never fully turned away from painting as a medium for more personal expression. Woman by a Stream dates from his later period and reflects Tiffany's enduring fondness for the media of both painting and decoration, as well as the fusion of the two. The present composition relates to an earlier watercolor by the artist, titled The Bather, c. 1910 (location unknown), which was published as an illustration in the New York Herald in 1910. The Bather was a major work that was widely exhibited and described as “exquisitely colored.” (“Chicago Sees Water Colors,” The Christian Science Monitor, May 18, 1911, p. 19) Signed and dated to 1913, Woman by a Stream appears to be a later version of The Bather and not a preparatory work. It is possible that the present gouache and watercolor was executed as part of the design exploration that culminated with Tiffany’s The Bathers, a large leaded-glass window completed c. 1914 and installed in 1915 in the living hall of the artist’s country estate, Laurelton Hall, in Oyster Bay, New York. This leaded-glass window was unfortunately lost when Laurelton Hall was destroyed by fire in 1957.",https://assets.basta.app/accounts/4832eb18-f9a7-4c12-8295-871abe232696/images/0fa341cc-a447-4981-bdc0-7159519be613,https://freemansauction.com/auction/6507-american-art-and-pennsylvania-impressionism/lot/34,1.0,1913.0,1913.0,original,,
e3ae9489-2766-4dd2-82d5-ab7d3c3b1e9d,Artwork,Freemans,6507,2026-06-07,Off Premises,American Art and Pennsylvania Impressionists,https://freemansauction.com/auctions/6507-american-art-and-pennsylvania-impressionism,Lot 35,USD,150000.0,250000.0,140800.0,110000.0,150000.0,250000.0,140800.0,110000.0,Thomas Wilmer Dewing,1851,1938.0,The Music Lesson,painting,oil on canvas,,14.0,16.125,in,yes,yes,yes,,"Milch Galleries, New York, New York, 1922. Albert R. Jones, Kansas City, Missouri, by 1922-1957. By descent to his daughter, Virginia Mullin, Tucson, Arizona, 1957-1988. By descent to her husband, Ralph Mullin, 1988-1995. By descent to his grandson, Christopher Mullin, 1995-2001. Christie's, New York, Sale of May 23, 2001, Lot 59. Private Collection.","woman, piano, yellow dress, empty room, notes, seated figure, classical music, soft light, muted colors, attention",,,"Thomas Wilmer Dewing
(American, 1851-1938)
The Music Lesson, 1921
oil on canvas
signed TW Dewing (lower right)

16 1/8 x 14 in.
We wish to thank Alice Duncan for her help researching the present lot and assistance with the following lot essay.Provenance:Milch Galleries, New York, New York, 1922.Albert R. Jones, Kansas City, Missouri, by 1922-1957.By descent to his daughter, Virginia Mullin, Tucson, Arizona, 1957-1988.By descent to her husband, Ralph Mullin, 1988-1995.By descent to his grandson, Christopher Mullin, 1995-2001.Christie's, New York, Sale of May 23, 2001, Lot 59.Private Collection.Exhibited:New York, Macbeth Gallery, October 1921.New York, Brooklyn Society of Artists, ""Sixth Annual Exhibition,"" May 2 – 24 (as The Lesson).Kansas City, Kansas City Art Museum, The Music Lesson, lent anonymously, n.d. (per label affixed to the frame).Literature:Richard Muther, History of Modern Painting, London, 1907, vol. 4, p. 317 (as At the Piano).""New Society to Do Its Best This Year,"" American Art News, vol. 20 (October 15, 1921), p. 1.Elliott Daingerfield to Albert R. Jones, January 27, 1922.Charles Ely, ""Thomas W. Dewing,"" Art in American and Elsewhere, vol. 10 (August 1922), pp. 225-229, illustrated (as The Piano Lesson).Christina Miller Cocroft, ""Thomas Wilmer Dewing: The Man and His Art,"" MA thesis, George Washington University, Washington, DC, 1971, no. 118.Susan Hobbs, The Art of Thomas Wilmer Dewing: Beauty Reconfigured, New York, 1996, p. 41.Susan Hobbs, Thomas Wilmer Dewing, Beauty into Art: Catalogue Raisonné, Volume I, New Haven, 2018, pp. 562-563, no. 293.Lot Essay:The Music Lesson is a superb example of Thomas Wilmer Dewing's mature works. Stylistically, this painting shows the influence of Tonalism with its use of a subdued color palette and diffused light, evoking an atmosphere of quiet. In the present example, the elegant young woman is engaged directly with the viewer in the attitude of apt attention. In 1922 Catherine Beach Ely wrote: ""In some of his methods Dewing is a modernist, yet in his choice of models and point of view he stands alone, combining the romantic and classic tradition with up–to–date technique. In his work aristocracy of feeling and modernity are married."" (C. B. Ely, “Thomas W. Dewing,"" Art in America and Elsewhere, August 1922, p. 229) The undefined empty room, the absence of narrative, and the narrow tonal range of the palette combine to create an atmosphere of mystery. Those more Whistlerian in his technique and tone, Dewing’s interest in the works of the master Jan Vermeer (who similarly presented women in captured moments) can be clearly seen.  Kenyon Cox, a contemporary of Thomas Dewing, wrote, ""Some hundreds of years hence the historian of our time may be puzzled by Mr. Dewing's treatment of our life, and wonder if the ladies of the day usually sat in such bare rooms or wore low-cut dresses in the daytime; but what does it matter? It is a fantasy, but what a delicate one!"" (Susan Hobbs, Beauty Reconfigured: The Art of Thomas Wilmer Dewing, New York, 1996, p. 31)",https://assets.basta.app/accounts/4832eb18-f9a7-4c12-8295-871abe232696/images/5c006c0b-c483-4759-b3d5-d0f5ff7e40e6,https://freemansauction.com/auction/6507-american-art-and-pennsylvania-impressionism/lot/35,1.0,1921.0,1921.0,original,,
4045fd78-bbac-4f3a-8ac7-ccc7d6188c0f,Artwork,Freemans,6507,2026-06-07,Philadelphia Warehouse,American Art and Pennsylvania Impressionists,https://freemansauction.com/auctions/6507-american-art-and-pennsylvania-impressionism,Lot 36,USD,6000.0,8000.0,64000.0,50000.0,6000.0,8000.0,64000.0,50000.0,Emma Fordyce MacRae,1887,1974.0,Ruth,painting,oil on board,,32.0,40.0,in,yes,yes,yes,,"The Artist. The Estate of the Artist. By descent in the Artist's family. Private Collection, United Kingdom.","woman, book, jewelry, red dress, table, portrait, interior, vase, painting, background",,,"Emma Fordyce MacRae 
(American, 1887-1974)
Ruth, 1942
oil on board
signed EMMA FORDYCE MACRAE and dated (lower left)

40 x 32 in. 
Proceeds from the painting's sale will go directly to Alzheimer's Research UK, Britain's leading dementia research charity, and will help fund research on Alzheimer’s disease and other causes of dementia.Provenance:The Artist. The Estate of the Artist. By descent in the Artist's family. Private Collection, United Kingdom.Exhibited:New York, National Academy of Design, April 1942.New York, National Association of Women Artists, April 1944.Gloucester, Cape Ann Museum, ""Emma Fordyce MacRae,"" March 1 – July 20, 2008.Literature:American Art Review, April 2008, p. 68.",https://assets.basta.app/accounts/4832eb18-f9a7-4c12-8295-871abe232696/images/10e9aac6-e84f-46d1-b027-534fd8ae4773,https://freemansauction.com/auction/6507-american-art-and-pennsylvania-impressionism/lot/36,1.0,1942.0,1942.0,original,,
2fee0c58-6e25-4d64-9f94-01a2cbd06613,Artwork,Freemans,6507,2026-06-07,Off Premises,American Art and Pennsylvania Impressionists,https://freemansauction.com/auctions/6507-american-art-and-pennsylvania-impressionism,Lot 37,USD,3000.0,5000.0,14080.0,11000.0,3000.0,5000.0,14080.0,11000.0,Emma Fordyce MacRae,1887,1974.0,Foxgloves in Two-Handled Pot,painting,oil on canvas mounted to board,,18.0,26.0,in,no,yes,yes,,"The Artist. The Estate of the Artist. By descent in the Artist's family. Private Collection, United Kingdom.","flowers, foxgloves, lily, vase, pot, red rug, green leaves, white flowers, dark background, still life",,,"Emma Fordyce MacRae
(American, 1887-1974)
Foxgloves in Two-Handled Pot
oil on canvas mounted to board
stamped The Estate of Emma Fordyce MacRae (on the reverse)

26 x 18 in.
Proceeds from the painting's sale will go directly to Alzheimer's Research UK, Britain's leading dementia research charity, and will help fund research on Alzheimer’s disease and other causes of dementia.Provenance:The Artist. The Estate of the Artist. By descent in the Artist's family. Private Collection, United Kingdom.",https://assets.basta.app/accounts/4832eb18-f9a7-4c12-8295-871abe232696/images/58a07b45-bd06-4437-998e-7dd81a09b48d,https://freemansauction.com/auction/6507-american-art-and-pennsylvania-impressionism/lot/37,1.0,1901.0,2000.0,original,,
be1f79de-b9a5-46d3-9d66-c07faad79ac9,Artwork,Freemans,6507,2026-06-07,Off Premises,American Art and Pennsylvania Impressionists,https://freemansauction.com/auctions/6507-american-art-and-pennsylvania-impressionism,Lot 38,USD,4000.0,6000.0,12800.0,10000.0,4000.0,6000.0,12800.0,10000.0,Emma Fordyce MacRae,1887,1974.0,Pink Lillies with Japanese Print,painting,oil on canvas mounted to board,,30.0,25.0,in,yes,yes,yes,,"The Artist. The Estate of the Artist. By descent in the Artist's family. Private Collection, United Kingdom.","flowers, pink lilies, vase, black pottery, pink flamingo, Japanese prints, figures, background scenery, still life, floral arrangement",,,"Emma Fordyce MacRae 
(American, 1887-1974)
Pink Lillies with Japanese Print, 1943
oil on canvas mounted to board
signed EMMA FORDYCE MACRAE (upper left); also stamped The Estate of Emma Fordyce MacRae (on the reverse)

25 x 30 in.
Proceeds from the painting's sale will go directly to Alzheimer's Research UK, Britain's leading dementia research charity, and will help fund research on Alzheimer’s disease and other causes of dementia.Provenance:The Artist. The Estate of the Artist. By descent in the Artist's family. Private Collection, United Kingdom.Exhibited:Gloucester, Gloucester Society, August 1943.East Hampton, Guild Hall, June 1944.Philadelphia, Woodmere Art Gallery, ""Philadelphia Ten,"" April 1945.New York, National Arts Club, October 1947. New York, Grand Central Art Galleries, 1948.New York, Audubon House, March 1950.New York, Cosmopolitan Club, n.d.New York, Riverside Art Museum, Artists Equity, January 1952.",https://assets.basta.app/accounts/4832eb18-f9a7-4c12-8295-871abe232696/images/7c99041f-d71b-4f0a-92d4-f87d226ad99f,https://freemansauction.com/auction/6507-american-art-and-pennsylvania-impressionism/lot/38,1.0,1943.0,1943.0,original,,
3f053ec7-92cb-40a4-9a4e-bfa3dc8c15d2,Artwork,Freemans,6507,2026-06-07,Off Premises,American Art and Pennsylvania Impressionists,https://freemansauction.com/auctions/6507-american-art-and-pennsylvania-impressionism,Lot 39,USD,10000.0,15000.0,20480.0,16000.0,10000.0,15000.0,20480.0,16000.0,Jane Peterson,1876,1965.0,The Purple Bouquet,painting,oil on canvas,,24.125,24.125,in,yes,yes,yes,,"Property from a Private Estate, Palm Beach Gardens, Florida","flowers, bouquet, vase, pink, white, purple, green, oil painting, dark background, still life",,,"Jane Peterson 
(American, 1876-1965)
The Purple Bouquet
oil on canvas
signed JANE PETERSON (lower right)

24 1/8 x 24 1/8 in.

Property from a Private Estate, Palm Beach Gardens, Florida",https://assets.basta.app/accounts/4832eb18-f9a7-4c12-8295-871abe232696/images/a42e7a50-791c-4975-87a1-9e1af3ea062b,https://freemansauction.com/auction/6507-american-art-and-pennsylvania-impressionism/lot/39,1.0,1901.0,2000.0,original,,
fda49bcd-b0fb-4a13-a786-b62059cf6eb5,Artwork,Freemans,6507,2026-06-07,Off Premises,American Art and Pennsylvania Impressionists,https://freemansauction.com/auctions/6507-american-art-and-pennsylvania-impressionism,Lot 40,USD,3000.0,5000.0,7680.0,6000.0,3000.0,5000.0,7680.0,6000.0,Jane Peterson,1876,1965.0,Tiger Lillies,painting,oil on canvasboard,,16.0,12.0,in,yes,yes,yes,,"Property from a Private Estate, Palm Beach Gardens, Florida","tiger lilies, flowers, orange, green leaves",,,"Jane Peterson
(American, 1876-1965)
Tiger Lillies
oil on canvasboard
signed Jane Peterson (upper left)

16 x 12 in.

Property from a Private Estate, Palm Beach Gardens, Florida",https://assets.basta.app/accounts/4832eb18-f9a7-4c12-8295-871abe232696/images/1bfa4da8-0948-4ff3-8f77-e89585cbc347,https://freemansauction.com/auction/6507-american-art-and-pennsylvania-impressionism/lot/40,1.0,1901.0,2000.0,original,,
ed747931-b3ac-4712-a5b4-de382e633aed,Artwork,Freemans,6507,2026-06-07,Off Premises,American Art and Pennsylvania Impressionists,https://freemansauction.com/auctions/6507-american-art-and-pennsylvania-impressionism,Lot 41,USD,10000.0,15000.0,7040.0,5500.0,10000.0,15000.0,7040.0,5500.0,Hubert Vos,1855,1935.0,"Still Life with Chinese Sang-de-boeuf Vase, Copper Red and Famille Rose Bottle Vase, and Enameled Dragon Bowl",painting,oil on canvas,,22.0,28.0,in,yes,yes,yes,,"The Estate of Mrs. Andrew I. McKee, New York. Private Collection, a gift from the above. Sotheby's, New York, Sale of September 17, 2016, Lot 930. Acquired directly from the above sale.","still life, Chinese vase, copper red vase, famille rose vase, enameled bowl, flowers, fabric, table, pottery",,,"Hubert Vos
(American, 1855-1935)
Still Life with Chinese Sang-de-boeuf Vase, Copper Red and Famille Rose Bottle Vase, and Enameled Dragon Bowl, 1933
oil on canvas
signed Hubert VOS and dated (lower right)

28 x 22 in.

Property from a Private Collection, Philadelphia, PennsylvaniaProvenance:The Estate of Mrs. Andrew I. McKee, New York.Private Collection, a gift from the above.Sotheby's, New York, Sale of September 17, 2016, Lot 930.Acquired directly from the above sale.",https://assets.basta.app/accounts/4832eb18-f9a7-4c12-8295-871abe232696/images/aa4c88fe-3452-4459-851b-959d6e247844,https://freemansauction.com/auction/6507-american-art-and-pennsylvania-impressionism/lot/41,1.0,1933.0,1933.0,original,,
f30df359-22c8-4ef3-a9a6-96be264eea1a,Artwork,Freemans,6507,2026-06-07,Off Premises,American Art and Pennsylvania Impressionists,https://freemansauction.com/auctions/6507-american-art-and-pennsylvania-impressionism,Lot 42,USD,5000.0,8000.0,10880.0,8500.0,5000.0,8000.0,10880.0,8500.0,Hovsep Pushman,1877,1966.0,"Vanishing Hope, #290",painting,oil on panel mounted to canvas,,17.5,23.25,in,yes,yes,yes,,"Estate of Armand Pushman, the artist's son. Acquired directly from the above. Private Collection. Sotheby's, New York, Sale of October 6, 2017, Lot 71. Acquired directly from the above sale.","sculpture, figure, vase, red robe, dark background, ceramic, hands, standing, textured surface, shadow",,,"Hovsep Pushman
(American, 1877-1966)
Vanishing Hope, #290, c. 1950
oil on panel mounted to canvas
signed Pushman (lower right)

23 1/4 x 17 1/2 in.

Property from a Private Collection, Philadelphia, PennsylvaniaThe present work is included in the virtual catalogue raisonné of the artist's work as number HP001066.Housed in an original, Pushman-selected frame.Provenance:Estate of Armand Pushman, the artist's son.Acquired directly from the above.Private Collection.Sotheby's, New York, Sale of October 6, 2017, Lot 71.Acquired directly from the above sale.",https://assets.basta.app/accounts/4832eb18-f9a7-4c12-8295-871abe232696/images/b639fdc9-71c6-409a-8ebf-134c461cec79,https://freemansauction.com/auction/6507-american-art-and-pennsylvania-impressionism/lot/42,1.0,1950.0,1950.0,original,,
75ddd61c-02bf-445c-b89b-e7172bef48ff,Artwork,Freemans,6507,2026-06-07,Off Premises,American Art and Pennsylvania Impressionists,https://freemansauction.com/auctions/6507-american-art-and-pennsylvania-impressionism,Lot 43,USD,8000.0,12000.0,24320.0,19000.0,8000.0,12000.0,24320.0,19000.0,Hovsep Pushman,1877,1966.0,"Goddess of Mercy, #431",painting,oil on panel mounted to canvas,,20.5,23.5,in,yes,yes,yes,,"Purchased from Lucy Ishkanian, executrix of the Pushman Estate, New York, New York, 2006. Cantor Roughton Gallery, Dallas, Texas, New York, New York, and Los Angeles, California. Gonda Collection, California, 2009. Private Collection, Wisconsin.","Buddha statue, ceramic vase, wooden box, blue background, shadow, light, sculpture, still life",,,"Hovsep Pushman
(American, 1877-1966)
Goddess of Mercy, #431, c. 1930
oil on panel mounted to canvas
signed Pushman (lower right)

23 1/2 x 20 1/2 in.
The present work is included in the virtual catalogue raisonné of the artist's work as number HP0045.House in an original, Pushman-selected frame.Provenance:Purchased from Lucy Ishkanian, executrix of the Pushman Estate, New York, New York, 2006.Cantor Roughton Gallery, Dallas, Texas, New York, New York, and Los Angeles, California.Gonda Collection, California, 2009.Private Collection, Wisconsin.",https://assets.basta.app/accounts/4832eb18-f9a7-4c12-8295-871abe232696/images/bf594ae0-802f-4059-9522-8d3881d619d8,https://freemansauction.com/auction/6507-american-art-and-pennsylvania-impressionism/lot/43,1.0,1930.0,1930.0,original,,
5750f19b-6efe-4af9-9c62-eff6bd79699c,Artwork,Freemans,6507,2026-06-07,Off Premises,American Art and Pennsylvania Impressionists,https://freemansauction.com/auctions/6507-american-art-and-pennsylvania-impressionism,Lot 44,USD,10000.0,15000.0,44800.0,35000.0,10000.0,15000.0,44800.0,35000.0,Hovsep Pushman,1877,1966.0,"My Golden Yesterdays, #594",painting,oil on panel mounted to canvas,,20.5,24.5,in,yes,yes,yes,,"The Artist. Estate of the Artist, New York, New York. Acquired directly from the above, 1962. International Galleries, Chicago, Illinois. Canton Roughton Gallery, Dallas, Texas and Los Angeles, California, c. 2008. Lawrence Cantor, Los Angeles, California. Private Collection, Wisconsin.","statue, vase, flowers, cloth, shadow, ornament, figure, gold",,,"Hovsep Pushman
(American, 1877-1966)
My Golden Yesterdays, #594, c. 1960
oil on panel mounted to canvas
signed Pushman (lower right)

24 1/2 x 20 1/2 in.
The present work is included in the virtual catalogue raisonné of the artist's work as number HP00101.Housed in an original, Pushman-selected frame.Provenance:The Artist.Estate of the Artist, New York, New York.Acquired directly from the above, 1962.International Galleries, Chicago, Illinois.Canton Roughton Gallery, Dallas, Texas and Los Angeles, California, c. 2008.Lawrence Cantor, Los Angeles, California.Private Collection, Wisconsin.",https://assets.basta.app/accounts/4832eb18-f9a7-4c12-8295-871abe232696/images/4a5fc6da-cb64-4795-81f9-ff7cf8867a53,https://freemansauction.com/auction/6507-american-art-and-pennsylvania-impressionism/lot/44,1.0,1960.0,1969.0,original,,
5f9d5968-8da6-456c-a26c-5ea2b6aab5dd,Artwork,Freemans,6507,2026-06-07,Off Premises,American Art and Pennsylvania Impressionists,https://freemansauction.com/auctions/6507-american-art-and-pennsylvania-impressionism,Lot 45,USD,10000.0,15000.0,8960.0,7000.0,10000.0,15000.0,8960.0,7000.0,John Frederick Peto,1854,1907.0,Ten-Dollar Bill,painting,oil on board,,9.25,6.125,in,no,yes,yes,,"Private Collection, Pennsylvania.","ten-dollar bill, United States currency, portrait, engraving, memorial wreath, circles, numbers, text, dark background",,,"John Frederick Peto
(American, 1854-1907)
Ten-Dollar Bill, after 1894
oil on board

6 1/8 x 9 1/4 in. 
This lot is recorded in the Smithsonian's Archives of American Art database under no. 7261006.Provenance:Private Collection, Pennsylvania.",https://assets.basta.app/accounts/4832eb18-f9a7-4c12-8295-871abe232696/images/530b3e48-8d8a-4ad2-a64b-a935b87fa763,https://freemansauction.com/auction/6507-american-art-and-pennsylvania-impressionism/lot/45,1.0,1894.0,1894.0,after,,
50c09677-2f7e-4c48-b6ce-105a7f84f781,Artwork,Freemans,6507,2026-06-07,Philadelphia Warehouse,American Art and Pennsylvania Impressionists,https://freemansauction.com/auctions/6507-american-art-and-pennsylvania-impressionism,Lot 46,USD,25000.0,40000.0,,,25000.0,40000.0,,,Margaretta Angelica Peale,1795,1882.0,Still Life with Basket of Fruit,painting,oil on canvas laid to Masonite,,24.0,20.0,in,yes,yes,yes,,"Private Collection, Wisconsin.","basket, fruit, peaches, grapes, cherries, apple, melon, leaves, vine, background",,,"Margaretta Angelica Peale
(American, 1795-1882)
Still Life with Basket of Fruit
oil on canvas laid to Masonite
signed M. A. Peale (lower right)

20 x 24 in. 
Provenance:Private Collection, Wisconsin.",https://assets.basta.app/accounts/4832eb18-f9a7-4c12-8295-871abe232696/images/97c1256f-f2f7-477d-8cb5-712c508a5a85,https://freemansauction.com/auction/6507-american-art-and-pennsylvania-impressionism/lot/46,1.0,1801.0,1900.0,original,,
966d2449-053f-4081-b3a3-e6c875aa4e86,Artwork,Freemans,6507,2026-06-07,Off Premises,American Art and Pennsylvania Impressionists,https://freemansauction.com/auctions/6507-american-art-and-pennsylvania-impressionism,Lot 47,USD,5000.0,8000.0,10880.0,8500.0,5000.0,8000.0,10880.0,8500.0,Charles Morris Young,1869,1964.0,The Hunt at Pickering Creek,painting,oil on canvas,,18.125,15.125,in,yes,yes,yes,,"Property from the Wetherill Family Collection, Main Line, Philadelphia and Château de Drouilly, Les Hayes, France. Provenance: Schwarz Gallery, Philadelphia, Pennsylvania. Acquired directly from the above.","horse, rider, dogs, water, autumn trees, reflections, hunting, landscape, orange leaves, yellow leaves",,,"Charles Morris Young
(American, 1869-1964)
The Hunt at Pickering Creek, 1930
oil on canvas
signed Chas. Morris Young and dated (lower left)

15 1/8 x 18 1/8 in. 

Property from the Wetherill Family Collection, Main Line, Philadelphia and Château de Drouilly, Les Hayes, FranceProvenance:Schwarz Gallery, Philadelphia, Pennsylvania.Acquired directly from the above.",https://assets.basta.app/accounts/4832eb18-f9a7-4c12-8295-871abe232696/images/6415acd2-6c77-471a-aca3-d71e67a2c611,https://freemansauction.com/auction/6507-american-art-and-pennsylvania-impressionism/lot/47,1.0,1930.0,1930.0,original,,
bd1c2269-c10e-4d1c-a408-8245f9ae7e28,Artwork,Freemans,6507,2026-06-07,Off Premises,American Art and Pennsylvania Impressionists,https://freemansauction.com/auctions/6507-american-art-and-pennsylvania-impressionism,Lot 48,USD,4000.0,6000.0,19200.0,15000.0,4000.0,6000.0,19200.0,15000.0,Vaughn Flannery,1898,1955.0,"Last Horse Back, Greentree Stable Entrance, Aiken, South Carolina",painting,oil on Masonite,,28.0,20.0,in,yes,yes,yes,,"Property from the Wetherill Family Collection, Main Line, Philadelphia and Château de Drouilly, Les Hayes, France. Provenance: Kraushaar Galleries, New York, New York.","horse, people, stable, entrance, garden, path, clouds, house, trees, shrubs",,,"Vaughn Flannery
(American, 1898-1955)
Last Horse Back, Greentree Stable Entrance, Aiken, South Carolina
oil on Masonite
signed Vaughn Flannery and inscribed AIKEN, S.C. (lower right)

20 x 28 in.

Property from the Wetherill Family Collection, Main Line, Philadelphia and Château de Drouilly, Les Hayes, FranceProvenance:Kraushaar Galleries, New York, New York.Exhibited:Houston, Museum of Fine Arts, n.d. (per label affixed to stretcher).",https://assets.basta.app/accounts/4832eb18-f9a7-4c12-8295-871abe232696/images/3aa778b1-9a32-4daf-b234-5b842ff2bd93,https://freemansauction.com/auction/6507-american-art-and-pennsylvania-impressionism/lot/48,1.0,1901.0,2000.0,original,,
a1ce2997-7fe6-46d1-8d2c-a1a62e782059,Artwork,Freemans,6507,2026-06-07,Off Premises,American Art and Pennsylvania Impressionists,https://freemansauction.com/auctions/6507-american-art-and-pennsylvania-impressionism,Lot 49,USD,5000.0,8000.0,41600.0,32500.0,5000.0,8000.0,41600.0,32500.0,Emma Fordyce MacRae,1887,1974.0,Linda,painting,oil on canvas mounted to board,,14.125,17.125,in,yes,yes,yes,,"Debra Force Fine Art, New York, New York. Private Collection, Vermont.","woman, portrait, blue background, flowers, oil painting, signed",,,"Emma Fordyce MacRae
(American, 1887-1974)
Linda
oil on canvas mounted to board
signed EMMA FORDYCE MACRAE (lower left)

17 1/8 x 14 1/8 in.
Provenance:Debra Force Fine Art, New York, New York.Private Collection, Vermont.Exhibited:Boston, Boston Art Club (per label affixed to the reverse).",https://assets.basta.app/accounts/4832eb18-f9a7-4c12-8295-871abe232696/images/8217860f-73eb-4182-982c-7afdf583949a,https://freemansauction.com/auction/6507-american-art-and-pennsylvania-impressionism/lot/49,1.0,1901.0,2000.0,original,,
12a80556-470a-460e-96f0-1d96fd598bd4,Artwork,Freemans,6507,2026-06-07,Off Premises,American Art and Pennsylvania Impressionists,https://freemansauction.com/auctions/6507-american-art-and-pennsylvania-impressionism,Lot 50,USD,30000.0,50000.0,28800.0,22500.0,30000.0,50000.0,28800.0,22500.0,Richard Edward Miller,1875,1943.0,Bather (Nude),painting,oil on board,,38.0,36.0,in,yes,yes,yes,,"Anchorage Gallery, Provincetown, Massachusetts. Private Collection, New York. Sotheby's, New York, Sale of December 3, 1992, Lot 123. Acquired directly from the above sale. Private Collection. Sotheby's, New York, Sale of May 24, 2000, Lot 22. Acquired directly from the above sale. Private Collection, Pennsylvania.","nude, woman, seated figure, mirror, flowers, clothing, light, textures, still life, background",,,"Richard Edward Miller
(American, 1875-1943)
Bather (Nude), 1930
oil on board
signed Miller (lower left); also signed, dated, titled (three times), and located Provincetown (on the reverse)

36 x 38 in.
Marie Louise Kane previously authenticated the present lot, per the 2000 Sotheby's sale.Provenance:Anchorage Gallery, Provincetown, Massachusetts.Private Collection, New York. Sotheby's, New York, Sale of December 3, 1992, Lot 123.Acquired directly from the above sale.Private Collection. Sotheby's, New York, Sale of May 24, 2000, Lot 22.Acquired directly from the above sale.Private Collection, Pennsylvania.Exhibited:Provincetown, Provincetown Art Association, ""Sixteenth Annual Exhibition of Paintings,"" July 27 – September 1, 1930, no. 9 (as The Bather).Washington, D.C., Corcoran Gallery of Art, ""Twelfth Biennial Exhibition of Contemporary American Paintings,"" November 1930 – January 1931, no. 134 (illustrated in accompanying leaflet).Worcester, Worcester Art Museum, ""American Painting Today,"" December 1, 1933 – January 15, 1934, no. 93 (as Nude). Literature: ﻿(Possibly) Art and Archaeology XXXI, no. 1, January 1931, illustrated.",https://assets.basta.app/accounts/4832eb18-f9a7-4c12-8295-871abe232696/images/db008a62-8563-4a6e-924f-51edb408e294,https://freemansauction.com/auction/6507-american-art-and-pennsylvania-impressionism/lot/50,1.0,1930.0,1930.0,original,,
534892a3-6ddf-4db7-abcd-4b612df20757,Artwork,Freemans,6507,2026-06-07,Off Premises,American Art and Pennsylvania Impressionists,https://freemansauction.com/auctions/6507-american-art-and-pennsylvania-impressionism,Lot 51,USD,12000.0,18000.0,38400.0,30000.0,12000.0,18000.0,38400.0,30000.0,Walt Kuhn,1880,1940.0,Seated Nude,painting,oil on canvas,,25.0,30.0,in,yes,yes,yes,,"The Artist. Estate of the Artist (Brenda Kuhn). Acquired directly from the above, 1985. Private Collection. Sotheby's, Sale of March 14, 1996, Lot 151. Acquired directly from the above sale. Private Collection, Pennsylvania.","nude, woman, seated, portrait, oil painting, canvas, figure, blonde hair, 1930s, expression",,,"Walt Kuhn
(American, 1880-1940)
Seated Nude, 1933
oil on canvas
signed Walt Kuhn and dated (lower left)

30 x 25 in.
Provenance:The Artist.Estate of the Artist (Brenda Kuhn).Acquired directly from the above, 1985.Private Collection.Sotheby's, Sale of March 14, 1996, Lot 151.Acquired directly from the above sale.Private Collection, Pennsylvania.",https://assets.basta.app/accounts/4832eb18-f9a7-4c12-8295-871abe232696/images/c3769a44-9833-4091-9c0b-93b95f5aa3f6,https://freemansauction.com/auction/6507-american-art-and-pennsylvania-impressionism/lot/51,1.0,1933.0,1933.0,original,,
b0033e84-3eab-4b6d-8555-9490c8150737,Artwork,Freemans,6507,2026-06-07,Off Premises,American Art and Pennsylvania Impressionists,https://freemansauction.com/auctions/6507-american-art-and-pennsylvania-impressionism,Lot 52,USD,6000.0,10000.0,6400.0,5000.0,6000.0,10000.0,6400.0,5000.0,Walt Kuhn,1877,1949.0,Light Blue Clown,painting,oil on canvasboard,,9.375,12.25,in,no,yes,yes,,"Kennedy Galleries, New York, New York, by 1972. Acquired directly from the above. Private Collection, Virginia. Sotheby's, New York, Sale of March 16, 2023, Lot 784. Acquired directly from the above sale. Private Collection, New York.","clown, blue collar, bald head, facial expression, collar, oil painting, canvasboard, portrait, background",,,"Walt Kuhn
(American, 1877-1949)
Light Blue Clown, c. 1944
oil on canvasboard

12 1/4 x 9 3/8 in.
Provenance:Kennedy Galleries, New York, New York, by 1972.Acquired directly from the above.Private Collection, Virginia.Sotheby's, New York, Sale of March 16, 2023, Lot 784.Acquired directly from the above sale.Private Collection, New York.Exhibited:New York, Kennedy Galleries, ""Walt Kuhn, 1877-1949,"" March 1 – 18, 1972, n.p., no. 7, illustrated.West Palm Beach, Eaton Fine Art, Inc., ""Small and Beautiful: The Issue of Scale,"" November 7, 1997 – January 2, 1998, p. 36, no. 45, illustrated.Literature:Philip Rhys Adams, Walt Kuhn, Painter: His Life and Work, Columbus, Ohio, 1978, p. 278, no. 558.",https://assets.basta.app/accounts/4832eb18-f9a7-4c12-8295-871abe232696/images/9ad66af9-1bae-4245-88f3-23765245a77e,https://freemansauction.com/auction/6507-american-art-and-pennsylvania-impressionism/lot/52,1.0,1901.0,2000.0,original,,
ff329b68-8608-4403-8d3a-cb9a657e75e5,Artwork,Freemans,6507,2026-06-07,Off Premises,American Art and Pennsylvania Impressionists,https://freemansauction.com/auctions/6507-american-art-and-pennsylvania-impressionism,Lot 53,USD,40000.0,60000.0,,,40000.0,60000.0,,,Everett Shinn,1876,1953.0,Bonnie Glass,drawing,pastel on paper,,16.25,34.0,in,yes,yes,yes,,"Adelson Galleries, New York, New York. Acquired directly from the above. Private Collection.","woman, wide-brimmed hat, fur coat, rose, standing posture, green dress, confident expression, vintage fashion, pastel medium, theatrical",,,"Everett Shinn
(American, 1876-1953)
Bonnie Glass, 1915
pastel on paper
signed Everett Shinn, titled, and dated (lower left)

34 x 16 1/4 in.
Housed in a period Walfred Thulin frame.Provenance:Adelson Galleries, New York, New York.Acquired directly from the above.Private Collection.Lot Note:Bonnie Glass was a beloved exhibition and vaudeville dancer who headlined various venues in New York during the first quarter of the 20th century. Born Helen Roche in 1895, she was lauded for her theatrical routines and chic style and frequently performed alongside the likes of Clifton Webb and Rudolph Valentino. By 1915, she was managing Café Montmartre, a popular club in Manhattan, where she was responsible for choreography, design of costumes and sets, as well as discovering new talent. Immersed in the world of theatre, Everett Shinn depicted countless performance scenes and occasionally portrayed performers as well. A painter of real life, he viewed the pastel medium, with its immediate and unset quality, as better suited to render movement and energy. Far from static, his compositions display dynamic fluidity instead. It is thus no coincidence that Shinn should have favored pastel over any other medium to elicit Glass’s vibrant personality. The long, vertical portrait presents Glass as a confident, fashionable, and mesmerizing figure. Her standing posture, head tilted and chin slightly up, compels the viewer to return her peering gaze, arguably the focal point of the composition and a vehicle for her intensely magnetic demeanor. Her outfit, an elegant wide brimmed hat and fur-edged velvet coat with supple, undulating folds, further conveys her graceful persona as a dancer, emulating one of the perfectly choreographed performances that made her famous, while also underlining her stylistic acumen. In this portrait, Shinn suggests that, as a performer, cultural icon, or artistic subject, Glass always commands an audience.",https://assets.basta.app/accounts/4832eb18-f9a7-4c12-8295-871abe232696/images/599f81ab-0dd8-4a4e-b296-c2e5a93c6b3e,https://freemansauction.com/auction/6507-american-art-and-pennsylvania-impressionism/lot/53,1.0,1915.0,1915.0,original,,
a04c582d-2634-4a3b-b814-a7ca2698057f,Artwork,Freemans,6507,2026-06-07,Off Premises,American Art and Pennsylvania Impressionists,https://freemansauction.com/auctions/6507-american-art-and-pennsylvania-impressionism,Lot 54,USD,6000.0,10000.0,10240.0,8000.0,6000.0,10000.0,10240.0,8000.0,Stuart Davis,1892,1964.0,"Stage Set for ""The Puritans,""",mixed media,"watercolor, gouache, and graphite on paperboard",,23.5,16.5,in,yes,yes,yes,,"The Artist. Mr. and Mrs. Ralph deGolier, Vineyard Haven, Massachusetts, c. 1923. Mrs. Ralph deGolier, Vineyard Haven, Massachusetts. The Downtown Gallery, New York, New York, 1966. Edith Gregor Halpert, New York, New York. Estate of the above. Sotheby Parke Bernet, New York, Sale of May 16, 1973, Lot 2. Paul F. Stiga, New York, New York. R. H. Love Galleries, Chicago, Illinois. Acquired directly from the above, 2000. Private Collection, Illinois.","tree, stage set, chapel, black curtain, stars, red arches, watercolor, gouache, graphite, paperboard",,,"Stuart Davis
(American, 1892-1964)
Stage Set for ""The Puritans,"" 1922
watercolor, gouache, and graphite on paperboard
signed Stuart Davis and dated (lower right); also titled (lower left)

16 1/2 x 23 1/2 in.
Provenance:The Artist.Mr. and Mrs. Ralph deGolier, Vineyard Haven, Massachusetts, c. 1923.Mrs. Ralph deGolier, Vineyard Haven, Massachusetts.The Downtown Gallery, New York, New York, 1966.Edith Gregor Halpert, New York, New York.Estate of the above.Sotheby Parke Bernet, New York, Sale of May 16, 1973, Lot 2.Paul F. Stiga, New York, New York.R. H. Love Galleries, Chicago, Illinois.Acquired directly from the above, 2000.Private Collection, Illinois.Literature:Kenneth Spritz, ""Behind the Scenes: American Theatrical Design,"" American Art & Antiques 2, no. 2 (March/April 1979), p. 74, illustrated.Andrea DiNoto, ""Collecting Stage Design–Bargains Aplenty, Paul Stiga: Portrait of a Collector,"" Connoisseur 21, no. 950 (March 1991), p. 108, illustrated.Ani Boyajian and Mark Rutkoski, Stuart Davis: A Catalogue Raisonné, Vol. 2, New Haven, 2007, p. 523, no. 1072, illustrated.Lot Note:The present lot is one of five stage and costume designs that Stuart Davis made for his friend, Ralph deGolier's play, The Puritans.",https://assets.basta.app/accounts/4832eb18-f9a7-4c12-8295-871abe232696/images/44ea5cbe-4ecb-4497-b05b-b694ea135bbc,https://freemansauction.com/auction/6507-american-art-and-pennsylvania-impressionism/lot/54,1.0,1922.0,1922.0,original,,
40163606-631d-40b3-bae7-43a255d4aed6,Artwork,Freemans,6507,2026-06-07,Off Premises,American Art and Pennsylvania Impressionists,https://freemansauction.com/auctions/6507-american-art-and-pennsylvania-impressionism,Lot 55,USD,4000.0,6000.0,5120.0,4000.0,4000.0,6000.0,5120.0,4000.0,Martha Walter,1875,1976.0,Umbrellas on Bass Rocks Beach,painting,watercolor on paper,,19.25,15.5,in,yes,yes,yes,,"David David Gallery, Philadelphia, Pennsylvania. Private Collection, New York, New York. Freeman's, Philadelphia, Sale of June 19, 2011, Lot 104. Acquired directly from the above sale. Private Collection, Los Angeles, California.","beach, umbrellas, people, women, bathing suits, trees, water, sand, rocks, sky",,,"Martha Walter
(American, 1875-1976)
Umbrellas on Bass Rocks Beach
watercolor on paper
signed Martha Walter (lower right); also signed, titled, and inscribed (on the reverse)

15 1/2 x 19 1/4 in.
Provenance:David David Gallery, Philadelphia, Pennsylvania.Private Collection, New York, New York.Freeman's, Philadelphia, Sale of June 19, 2011, Lot 104.Acquired directly from the above sale.Private Collection, Los Angeles, California.",https://assets.basta.app/accounts/4832eb18-f9a7-4c12-8295-871abe232696/images/c20e1390-5ac8-4697-b4a1-46dfa5922ef9,https://freemansauction.com/auction/6507-american-art-and-pennsylvania-impressionism/lot/55,1.0,1901.0,2000.0,original,,
236d3403-0c8e-4a6f-9b30-f87bc454e254,Artwork,Freemans,6507,2026-06-07,Off Premises,American Art and Pennsylvania Impressionists,https://freemansauction.com/auctions/6507-american-art-and-pennsylvania-impressionism,Lot 56,USD,20000.0,30000.0,57600.0,45000.0,20000.0,30000.0,57600.0,45000.0,Martha Walter,1875,1976.0,Crowded Beach,painting,oil on board,,18.0,14.0,in,yes,no,yes,,"The Artist. Estate of the Artist. David David, Philadelphia, Pennsylvania. John H. Surovek Fine Arts, Palm Beach, Florida. Collection of John J. McDonough, Massachusetts. Christie’s, New York, Sale of December 4, 1992, Lot 43. Acquired directly from the above. The Estate of Dr. Alfred Ziviello, 2014. Thomas Colville Fine Art, New York, New York. Private Collection, New York.","beach, people, umbrellas, sand, water, bathing suits, sunlight, crowds, towels, hats",,,"Martha Walter
(American 1875-1976)
Crowded Beach
oil on board
signed Martha Walter (lower left); also inscribed with title (on the reverse)

14 x 18 in.
Provenance:The Artist.Estate of the Artist.David David, Philadelphia, Pennsylvania.John H. Surovek Fine Arts, Palm Beach, Florida.Collection of John J. McDonough, Massachusetts.Christie’s, New York, Sale of December 4, 1992, Lot 43.Acquired directly from the above.The Estate of Dr. Alfred Ziviello, 2014.Thomas Colville Fine Art, New York, New York.Private Collection, New York.Exhibited:Youngstown, Youngstown State University, The John J. McDonough Museum of Art, ""Inaugural Exhibition,"" October 1991 – May 1992.",https://assets.basta.app/accounts/4832eb18-f9a7-4c12-8295-871abe232696/images/f5c88cbb-2369-44d2-8fea-b7b9194b4bfd,https://freemansauction.com/auction/6507-american-art-and-pennsylvania-impressionism/lot/56,1.0,1875.0,1992.0,original,,
7e35e6d1-671a-41b8-91af-4577fbc75750,Artwork,Freemans,6507,2026-06-07,Off Premises,American Art and Pennsylvania Impressionists,https://freemansauction.com/auctions/6507-american-art-and-pennsylvania-impressionism,Lot 57,USD,2500.0,4000.0,4160.0,3250.0,2500.0,4000.0,4160.0,3250.0,Cecil Crosley Bell,1906,1970.0,Washington Square Pool,painting,oil on Masonite,,34.0,29.0,in,yes,yes,yes,,"Christie's East, New York, Sale of May 21, 1996, Lot 193. Acquired directly from the above sale. Private Collection, Illinois.","swimming pool, people, children, fountain, water, bathing suits, outdoor scene, trees, summer, leisure activities",,,"Cecil Crosley Bell
(American, 1906-1970)
Washington Square Pool, 1951
oil on Masonite
signed Cecil C. Bell and dated (upper right); also titled, with artist's estate stamp (on the reverse)

29 x 34 in.
Provenance:Christie's East, New York, Sale of May 21, 1996, Lot 193.Acquired directly from the above sale.Private Collection, Illinois.",https://assets.basta.app/accounts/4832eb18-f9a7-4c12-8295-871abe232696/images/a57c3d5d-b836-412d-8ade-27ee40426645,https://freemansauction.com/auction/6507-american-art-and-pennsylvania-impressionism/lot/57,1.0,1951.0,1951.0,original,,
bb8167c3-452e-426f-8d77-318a7365bb2a,Artwork,Freemans,6507,2026-06-07,Off Premises,American Art and Pennsylvania Impressionists,https://freemansauction.com/auctions/6507-american-art-and-pennsylvania-impressionism,Lot 58,USD,20000.0,30000.0,56960.0,44500.0,20000.0,30000.0,56960.0,44500.0,Edward Henry Potthast,1857,1927.0,Picnic on the Beach,painting,watercolor and gouache on paper,,39.5,29.25,in,yes,yes,yes,,"Private Collection, New Jersey. Mary Leonhard Ran Fine Paintings, Cincinnati, Ohio. Gerald Peters Gallery, New York, New York. Acquired directly from the above. Private Collection.","beach, vacationers, umbrellas, sky, ocean, sand, figures, summer, community, relaxation",,,"Edward Henry Potthast
(American, 1857-1927)
Picnic on the Beach, c. 1910
watercolor and gouache on paper
signed E. Potthast (lower center)

29 1/4 x 39 1/2 in.
Provenance:Private Collection, New Jersey.Mary Leonhard Ran Fine Paintings, Cincinnati, Ohio.Gerald Peters Gallery, New York, New York.Acquired directly from the above.Private Collection.Exhibited:New York, Gerald Peters Gallery, ""Edward Henry Potthast: American Impressionist,"" May 20 – June 20, 1998.Literature:John Wilson, Edward Henry Potthast: American Impressionist, exhibition catalogue, New York, 1998, p. 69, illustrated.Lot Note: Populated with vacationers by the seaside, Picnic on the Beach, one of the largest watercolors ever produced by Potthast, corresponds to his preferred subject matter from the turn of the century until his death in 1927. Along with the vibrant colors, the expansive composition offers a snapshot of a leisurely summer day: the foreground shows an expanse of light-reflecting sand while the deep blue sky above presses the light onto the figures, who occupy the space cohesively, though engaged in disparate activities in smaller groups. The scene feels gently lively, a communal moment of cheerful relaxation.Potthast’s authentic portrayal of commoners, of their prosaic activities outside of the tedium of work, is derived from direct experience and expressed through immediate execution. Potthast’s manner is resolutely Impressionist, with loose, spontaneous brushwork and deep swaths of color which stimulate the viewer by evoking sunlight, wind, reflections, and movement. The artist’s technical use of color is heightened by the fluidity of the medium, revealing an astute understanding of its relationship with volume, depth, and texture, and an ability to connect these qualities with ambiance and feeling. The viewer is drawn into the luminous scene, amid the crowd on the beach, made to experience the same energy.",https://assets.basta.app/accounts/4832eb18-f9a7-4c12-8295-871abe232696/images/a5e1c30b-5ebe-4e2a-93c5-73498e382969,https://freemansauction.com/auction/6507-american-art-and-pennsylvania-impressionism/lot/58,1.0,1910.0,1910.0,original,,
9c3d9288-7785-408f-a6f7-1aeff0cc6211,Artwork,Freemans,6507,2026-06-07,Philadelphia Warehouse,American Art and Pennsylvania Impressionists,https://freemansauction.com/auctions/6507-american-art-and-pennsylvania-impressionism,Lot 59,USD,6000.0,10000.0,,,6000.0,10000.0,,,Harry Neyland,1877,1958.0,Furled Sails,painting,oil on canvas,,36.0,48.0,in,yes,yes,yes,,Sold to benefit the United Way of Southwestern Pennsylvania 100th Anniversary Campaign,"ship, harbor, water, sails, blue sky, dock, boats, ropes, masts, maritime",,,"Harry Neyland
(American, 1877-1958)
Furled Sails, 1921
oil on canvas
signed Harry Neyland and dated (lower left); also titled and dated (stretcher)

48 x 36 in. 

Sold to benefit the United Way of Southwestern Pennsylvania 100th Anniversary Campaign",https://assets.basta.app/accounts/4832eb18-f9a7-4c12-8295-871abe232696/images/89258eee-9f37-481b-8ad0-404b550028bc,https://freemansauction.com/auction/6507-american-art-and-pennsylvania-impressionism/lot/59,1.0,1921.0,1921.0,original,,
3379df93-14ba-49b9-9c0f-56c6e2371999,Artwork,Freemans,6507,2026-06-07,Off Premises,American Art and Pennsylvania Impressionists,https://freemansauction.com/auctions/6507-american-art-and-pennsylvania-impressionism,Lot 60,USD,3000.0,5000.0,32000.0,25000.0,3000.0,5000.0,32000.0,25000.0,Aaron Gorson,1872,1933.0,"Moorings, Wharfside",painting,oil on canvas laid to board,,11.0,9.25,in,yes,yes,yes,,"Private Collection, California.","water, wharf, boats, buildings, docks, reflections, sky, trees, clouds, river",,,"Aaron Gorson
(American, 1872-1933)
Moorings, Wharfside
oil on canvas laid to board
signed A. H. Gorson (lower left)

9 1/4 x 11 in. 
Provenance:Private Collection, California.",https://assets.basta.app/accounts/4832eb18-f9a7-4c12-8295-871abe232696/images/d987b4f7-9a1d-4831-9207-fb1ae12a2dbf,https://freemansauction.com/auction/6507-american-art-and-pennsylvania-impressionism/lot/60,1.0,1901.0,2000.0,original,,
67d14590-979c-4abb-b023-6538499147d7,Artwork,Freemans,6507,2026-06-07,Off Premises,American Art and Pennsylvania Impressionists,https://freemansauction.com/auctions/6507-american-art-and-pennsylvania-impressionism,Lot 61,USD,6000.0,10000.0,16640.0,13000.0,6000.0,10000.0,16640.0,13000.0,Jane Peterson,1876,1965.0,Waterside (New York Yacht Club),painting,oil on canvas,,18.0,24.0,in,no,yes,yes,,"Private Collection, Texas.","buildings, boats, water, grass, sky, architecture, marine, outdoor, landscape, shore",,,"Jane Peterson
(American, 1876-1965)
Waterside (New York Yacht Club)
oil on canvas
inscribed N.Y. Yacht Club / [illegible] Oak Bluff [sic] / on / Vineyard Haven / [illegible] Lodge (on the reverse)

24 x 18 in.
Provenance:Private Collection, Texas.Exhibited:Santa Fe, Santa Fe East, ""Five American Women Impressionists,"" April 2 - May 12, 1982.Santa Fe, Santa Fe East, ""An Exhibition of Paintings by American Impressionist Painters,"" July 9 – August 25, 1982.",https://assets.basta.app/accounts/4832eb18-f9a7-4c12-8295-871abe232696/images/a91ab93f-9c15-4d73-a10d-9fd7b42f2f0c,https://freemansauction.com/auction/6507-american-art-and-pennsylvania-impressionism/lot/61,1.0,1901.0,2000.0,original,,
2c8605e1-b097-42ce-9bd2-5bb33deaea65,Artwork,Freemans,6507,2026-06-07,Off Premises,American Art and Pennsylvania Impressionists,https://freemansauction.com/auctions/6507-american-art-and-pennsylvania-impressionism,Lot 62,USD,3000.0,5000.0,5760.0,4500.0,3000.0,5000.0,5760.0,4500.0,Albert York,1928,2009.0,Landscape with Clouds and Bushes,painting,watercolor on paper,,12.0,10.125,in,yes,yes,yes,,"Davis Galleries, New York, New York. Private Collection, Virginia.","landscape, clouds, bushes, field, sky, green",,,"Albert York
(American, 1928-2009)
Landscape with Clouds and Bushes, c. 1969
watercolor on paper
signed A York (verso)

10 1/8 x 12 in. 
Provenance:Davis Galleries, New York, New York. Private Collection, Virginia.",https://assets.basta.app/accounts/4832eb18-f9a7-4c12-8295-871abe232696/images/7e250aef-5212-45cd-97c4-232f7a42e1f4,https://freemansauction.com/auction/6507-american-art-and-pennsylvania-impressionism/lot/62,1.0,1960.0,1969.0,original,,
3b0bd5ec-2011-4b08-9763-2e129043c3f6,Artwork,Freemans,6507,2026-06-07,Off Premises,American Art and Pennsylvania Impressionists,https://freemansauction.com/auctions/6507-american-art-and-pennsylvania-impressionism,Lot 63,USD,4000.0,6000.0,9600.0,7500.0,4000.0,6000.0,9600.0,7500.0,Clark Greenwood Voorhees,1871,1933.0,Matt Rowland's Road,painting,oil on canvas,,36.0,28.0,in,yes,yes,yes,,"Richard Norton Gallery, Chicago, Illinois. Acquired directly from the above. Private Collection, Wisconsin.","trees, autumn foliage, bridge, stream, landscape, blue sky, fence, grass, clouds, rural scene",,,"Clark Greenwood Voorhees
(American, 1871-1933)
Matt Rowland's Road, c. 1919
oil on canvas
signed CLARK G. VOORHEES (lower right)

28 x 36 in.
Provenance:Richard Norton Gallery, Chicago, Illinois.Acquired directly from the above.Private Collection, Wisconsin.Exhibited: New York, The National Academy of Design, ""The 94th Annual Exhibition,"" no. 90, 1919.Washington, D.C., American Federation of Arts, n.d.",https://assets.basta.app/accounts/4832eb18-f9a7-4c12-8295-871abe232696/images/fa47ba7c-f248-42f9-843e-35c9d1fc49c0,https://freemansauction.com/auction/6507-american-art-and-pennsylvania-impressionism/lot/63,1.0,1919.0,1919.0,original,,
bad71c78-b7ea-492f-b832-e4f5be57932a,Artwork,Freemans,6507,2026-06-07,Philadelphia Warehouse,American Art and Pennsylvania Impressionists,https://freemansauction.com/auctions/6507-american-art-and-pennsylvania-impressionism,Lot 64,USD,8000.0,12000.0,,,8000.0,12000.0,,,John Fabian Carlson,1874,1945.0,Winter Landscape with Cottage,painting,oil on canvas,,34.0,24.0,in,yes,yes,yes,,"Property from the Collection of Patricia and Michael Corbett, Kenilworth, Illinois. Provenance: Private Collection, Illinois.","winter landscape, cottage, trees, snow, hills, sky, light, shadows, nature, rural",,,"John Fabian Carlson
(American/Swedish, 1874-1945)
Winter Landscape with Cottage
oil on canvas
signed John F. Carlson (lower right)

24 x 34 in.

Property from the Collection of Patricia and Michael Corbett, Kenilworth, IllinoisProvenance:Private Collection, Illinois.",https://assets.basta.app/accounts/4832eb18-f9a7-4c12-8295-871abe232696/images/c1a6319e-6d2c-4723-85e6-15bd25584a14,https://freemansauction.com/auction/6507-american-art-and-pennsylvania-impressionism/lot/64,1.0,1901.0,2000.0,original,,
1ffebbbf-44ec-4412-a5d7-8537c14f71d3,Artwork,Freemans,6507,2026-06-07,Off Premises,American Art and Pennsylvania Impressionists,https://freemansauction.com/auctions/6507-american-art-and-pennsylvania-impressionism,Lot 65,USD,5000.0,8000.0,35200.0,27500.0,5000.0,8000.0,35200.0,27500.0,Aldro Thompson Hibbard,1886,1972.0,The Saw Mill,painting,oil on canvas,,40.125,36.125,in,yes,yes,yes,,"Private Collection, Arizona.","saw mill, snow, horses, logs, trees, mountain, smoke, workers, cabin, winter",,,"Aldro Thompson Hibbard
(American, 1886-1972)
The Saw Mill
oil on canvas
signed A. T. Hibbard (lower right) 

36 1/8 x 40 1/8 in.
Provenance:Private Collection, Arizona.Exhibited:Tucson, Tucson Museum of Art, ""Tucson Collects,"" May 1 – June 22, 1975.",https://assets.basta.app/accounts/4832eb18-f9a7-4c12-8295-871abe232696/images/755bba30-6a99-417c-b254-07ffddf9c593,https://freemansauction.com/auction/6507-american-art-and-pennsylvania-impressionism/lot/65,1.0,1901.0,2000.0,original,,
c4b8dce2-bcb3-4583-bd21-2be294f5637f,Artwork,Freemans,6507,2026-06-07,Off Premises,American Art and Pennsylvania Impressionists,https://freemansauction.com/auctions/6507-american-art-and-pennsylvania-impressionism,Lot 66,USD,2000.0,3000.0,3520.0,2750.0,2000.0,3000.0,3520.0,2750.0,Colin Campbell Cooper,1856,1937.0,New York Winter,painting,oil on canvasboard,,12.0,10.0,in,yes,yes,yes,,"R. H. Love Galleries, Inc., Chicago, Illinois. Acquired directly from the above. Private Collection, Illinois.","New York, winter, river, ice, buildings, flag, people, cityscape, snow, water",,,"Colin Campbell Cooper
(American, 1856-1937)
New York Winter
oil on canvasboard
signed Colin Campbell Cooper (lower left)

10 x 12 in.
Provenance:R. H. Love Galleries, Inc., Chicago, Illinois.Acquired directly from the above.Private Collection, Illinois.",https://assets.basta.app/accounts/4832eb18-f9a7-4c12-8295-871abe232696/images/64ec8651-fcf5-453f-ad87-31a5da45df56,https://freemansauction.com/auction/6507-american-art-and-pennsylvania-impressionism/lot/66,1.0,1901.0,2000.0,original,,
2c427dcb-abb6-45dd-9fb3-ca73ce4f01da,Artwork,Freemans,6507,2026-06-07,Off Premises,American Art and Pennsylvania Impressionists,https://freemansauction.com/auctions/6507-american-art-and-pennsylvania-impressionism,Lot 67,USD,4000.0,6000.0,4160.0,3250.0,4000.0,6000.0,4160.0,3250.0,Wolf Kahn,1927,2020.0,Hornig Barn II,drawing,pastel on paper,,17.375,11.625,in,yes,yes,yes,,"Jerald Melberg Gallery, Charlotte, North Carolina. Private Collection, Long Beach, California.","barn, trees, sky, house, landscape, roof, road, foliage, colors, architecture",,,"Wolf Kahn
(American/German, 1927-2020)
Hornig Barn II, 2006
pastel on paper
signed W Kahn (lower center) and titled The Hornig Barn (lower left)

11 5/8 x 17 3/8 in.
Provenance:Jerald Melberg Gallery, Charlotte, North Carolina.Private Collection, Long Beach, California.",https://assets.basta.app/accounts/4832eb18-f9a7-4c12-8295-871abe232696/images/9bf7de4a-be44-43af-96da-7c90bbc6cf5e,https://freemansauction.com/auction/6507-american-art-and-pennsylvania-impressionism/lot/67,1.0,2006.0,2006.0,original,,
e33e4def-06f6-4efc-ad30-2fec93f1d3ef,Artwork,Freemans,6507,2026-06-07,Off Premises,American Art and Pennsylvania Impressionists,https://freemansauction.com/auctions/6507-american-art-and-pennsylvania-impressionism,Lot 68,USD,6000.0,8000.0,11520.0,9000.0,6000.0,8000.0,11520.0,9000.0,Andrew Wyeth,1917,2009.0,Bushel of Blueberries (from Christina's World: Paintings and Prestudies of Andrew Wyeth),painting,watercolor on paper,,13.0,10.0,in,yes,yes,yes,,"Private Collection, Pennsylvania.","blueberries, basket, grass, watercolor, nature, title, inscription, leaves, dirt, blue",,,"Andrew Wyeth
(American, 1917-2009)
Bushel of Blueberries (from Christina's World: Paintings and Prestudies of Andrew Wyeth), 1982
watercolor on paper
signed Andrew Wyeth and Betsy James Wyeth (center)

10 x 13 in. 
The present lot comprises the front matter and hardcover edition of the 1982 album, Christina's World: Paintings and Prestudies of Andrew Wyeth, Houghton Mifflin, Boston).Provenance:Private Collection, Pennsylvania.",https://assets.basta.app/accounts/4832eb18-f9a7-4c12-8295-871abe232696/images/818d2184-89e1-4a0c-87e0-f9993c70a177,https://freemansauction.com/auction/6507-american-art-and-pennsylvania-impressionism/lot/68,1.0,1982.0,1982.0,original,,
aac6affa-48ef-4b4c-9f29-9ac7d81ff2bf,Artwork,Freemans,6507,2026-06-07,Off Premises,American Art and Pennsylvania Impressionists,https://freemansauction.com/auctions/6507-american-art-and-pennsylvania-impressionism,Lot 69,USD,6000.0,10000.0,,,6000.0,10000.0,,,Arthur Burdett Frost,1851,1928.0,An Outing,painting,watercolor and gouache on board,,18.0,25.75,in,yes,yes,yes,,"Midwestern Galleries, Inc., Cincinnati, Ohio. Christie's, New York, Sale of October 4, 2000. Acquired directly from the above sale. The Kelly Collection, Virginia.","man, woman, bicycles, trees, dirt road, hats, dress, sweater, vintage clothing, outdoor",,,"Arthur Burdett Frost
(American, 1851-1928)
An Outing
watercolor and gouache on board
signed A. B. FROST. (lower right)

25 3/4 x 18 in.
Provenance:Midwestern Galleries, Inc., Cincinnati, Ohio.Christie's, New York, Sale of October 4, 2000.Acquired directly from the above sale.The Kelly Collection, Virginia.",https://assets.basta.app/accounts/4832eb18-f9a7-4c12-8295-871abe232696/images/7704549b-84ab-4c78-83ed-5dec8a8cd2d2,https://freemansauction.com/auction/6507-american-art-and-pennsylvania-impressionism/lot/69,1.0,1901.0,2000.0,original,,
6af5840a-fe82-464e-ab0a-f1df3c047acc,Artwork,Freemans,6507,2026-06-07,Off Premises,American Art and Pennsylvania Impressionists,https://freemansauction.com/auctions/6507-american-art-and-pennsylvania-impressionism,Lot 70,USD,4000.0,6000.0,9600.0,7500.0,4000.0,6000.0,9600.0,7500.0,Howard Pyle,1853,1911.0,The Wonder Clock: The Prince Finds the Sword of Brightness,drawing,pen and ink on paper,,6.25,9.0,in,yes,yes,yes,,"The Kelly Collection, Virginia.","prince, sword, old man, table, throne, room, decorative patterns, clothing, ink illustration, storytelling",,,"Howard Pyle
(American, 1853-1911)
The Wonder Clock: The Prince Finds the Sword of Brightness, 1887
pen and ink on paper
signed with initials HP (lower right)

9 x 6 1/4 in. (sight)
Provenance:The Kelly Collection, Virginia.Literature:Howard and Katherine Pyle, The Wonder Clock, New York, 1887 (reprinted 1915), p. 115.Paul Preston Davis, Howard Pyle. His Life-His Work, vol. 2, Wilmington, 2004, no. MBPI1562, pp. 498; 653; 681, illustrated.",https://assets.basta.app/accounts/4832eb18-f9a7-4c12-8295-871abe232696/images/b39f1fa7-5f60-4b63-9feb-2723ba427028,https://freemansauction.com/auction/6507-american-art-and-pennsylvania-impressionism/lot/70,1.0,1887.0,1887.0,original,,
48e0aedc-93dc-403a-8598-f78a7a3b0ed0,Artwork,Freemans,6507,2026-06-07,Off Premises,American Art and Pennsylvania Impressionists,https://freemansauction.com/auctions/6507-american-art-and-pennsylvania-impressionism,Lot 71,USD,10000.0,15000.0,44800.0,35000.0,10000.0,15000.0,44800.0,35000.0,Howard Pyle,1853,1911.0,Villon–The Singer Fate Fashioned to Her Liking,painting,oil on canvas,,16.25,25.5,in,yes,yes,yes,,"Mrs. D. K. Este Fisher, Jr., Garrison, Maryland. George L. Small, son of the above. Sotheby's, New York, Sale of May 21, 2003, Lot 229. Acquired directly from the above sale. The Kelly Collection, Virginia.","Villon, manuscript, prison cell, tavern, red hues, solitary figure, poetic rumination, dark setting, deep colors, literary illustration",,,"Howard Pyle
(American, 1853-1911)
Villon–The Singer Fate Fashioned to Her Liking, 1904
oil on canvas
signed H. Pyle (lower right); also inscribed In Necessity's Mortar / Francois Villon (on the reverse)

25 1/2 x 16 1/4 in.
Provenance:Mrs. D. K. Este Fisher, Jr., Garrison, Maryland.George L. Small, son of the above.Sotheby's, New York, Sale of May 21, 2003, Lot 229.Acquired directly from the above sale.The Kelly Collection, Virginia.Literature:James Branch Cabell, ""In Necessity's Mortar,"" Harper's Monthly Magazine, October 1904, p. 708, illustrated.James Branch Cabell, The Line of Love, New York, 1905, illustrated.Paul Preston Davis, Howard Pyle. His Life-His Work, vol. 2, Wilmington, 2004, no. MBPI0915, pp. 458; 667; 705, illustrated.Lot Note: A master of literary illustration, Howard Pyle excelled at unfolding narrative through attentive pictorial language. Here, the image becomes the purveyor of a pivotal moment in James Branch Cabell’s short story In Necessity’s Mortar, the making of Villon the poet. The story centers on François de Montcorbier, a bard whose doomed love for the beautiful Catherine de Vaucelles nearly causes his demise and lands him in jail. The ineluctable trials of love and life in Medieval Paris—""Fate grinned and went on with her weaving”—mold the poet into a multi-faceted figure, deserving of both pity and comeuppance, as described here: Yonder is Paris—laughing, tragic Paris, who once had need of a singer to voice all her splendor and all her misery. Fate made the man; in necessity’s mortar she pounded his soul into the shape Fate needed. To kings’ courts she lifted him; to thieves’ hovels she thrust him down; Lutetia’s palaces and abbeys and taverns and lupanars and gutters and prisons and its very gallows—Fate dragged him past each in turn that he might make the Song of Paris. He could not have made it here in the smug Rue St-Jacques. And now the song is made, Catherine. So long as Paris endures, Francois Villon will not be forgot. Villon the singer Fate fashioned to her liking; Villon the man she has damned, body and soul. In the painting, Villon is portrayed in a dark setting overwhelmed with deep, ominous hues ranging from red to brown, possibly a prison cell or a tavern. A manuscript in his hand, he is presented as a mature, solitary figure engrossed in poetic rumination, as if conniving against the powers that “thrust him down” with his written word. François Villon was indeed a real poet, a foundational figure of French medieval literature, and has arguably become an enduring archetype of the poet. Remembered for his run-ins with the law, he was an irreverent figure who spoke frankly and freely. Here, Pyle presents him—and by extension the archetype of the poet—as a tragically ironic figure, an eternally controversial individual only because his work in fact speaks truth to power and reveals the flaws of a society built on entrenched iniquity, perhaps the deep-seated flaws of humankind as a whole.",https://assets.basta.app/accounts/4832eb18-f9a7-4c12-8295-871abe232696/images/7cf9df21-2084-4c9a-b23a-a3a430be1353,https://freemansauction.com/auction/6507-american-art-and-pennsylvania-impressionism/lot/71,1.0,1904.0,1904.0,original,,
1cfd74ad-2423-4896-a0f5-9dc307763a98,Artwork,Freemans,6507,2026-06-07,Off Premises,American Art and Pennsylvania Impressionists,https://freemansauction.com/auctions/6507-american-art-and-pennsylvania-impressionism,Lot 72,USD,4000.0,6000.0,9600.0,7500.0,4000.0,6000.0,9600.0,7500.0,Alice Barber Stephens,1858,1932.0,Fancy Dress Ball,painting,oil on canvas,,15.125,19.625,in,yes,yes,yes,,"Schwarz Gallery, Philadelphia, Pennsylvania. Acquired directly from the above, November 1994. The Kelly Collection, Virginia.","party, fancy dress, ballroom, historical costumes, figures, adults, music, children, ornate dresses, gathering",,,"Alice Barber Stephens
(American, 1858-1932)
Fancy Dress Ball, 1899
oil on canvas
signed ALICE BARBER STEPHENS (lower right)

19 5/8 x 15 1/8 in.
Provenance:Schwarz Gallery, Philadelphia, Pennsylvania.Acquired directly from the above, November 1994.The Kelly Collection, Virginia.",https://assets.basta.app/accounts/4832eb18-f9a7-4c12-8295-871abe232696/images/aee03115-d2d3-401c-bcc5-a09ab09da28c,https://freemansauction.com/auction/6507-american-art-and-pennsylvania-impressionism/lot/72,1.0,1899.0,1899.0,original,,
d5f02219-73f2-4166-841a-cfbbcd3de8e7,Artwork,Freemans,6507,2026-06-07,Off Premises,American Art and Pennsylvania Impressionists,https://freemansauction.com/auctions/6507-american-art-and-pennsylvania-impressionism,Lot 73,USD,25000.0,40000.0,60800.0,47500.0,25000.0,40000.0,60800.0,47500.0,Sarah S. Stilwell Weber,1878,1939.0,Children’s May Day Parade (Saturday Evening Post Cover),painting,oil on board,,17.75,21.75,in,yes,yes,yes,,"Private Collection, Virginia.","children, May Day, parade, flowers, spring, dresses, hats, branches, laughter, joy",,,"Sarah S. Stilwell Weber
(American, 1878-1939)
Children’s May Day Parade (Saturday Evening Post Cover), 1914
oil on board
signed with initials S.S.S.W (upper right)

21 3/4 x 17 3/4 in. 
Provenance:Private Collection, Virginia.Literature:The Saturday Evening Post, Philadelphia, May 2, 1914, cover illustration.",https://assets.basta.app/accounts/4832eb18-f9a7-4c12-8295-871abe232696/images/4d2dacb4-1aab-4bdc-ae21-177b3a20e187,https://freemansauction.com/auction/6507-american-art-and-pennsylvania-impressionism/lot/73,1.0,1914.0,1914.0,original,,
e491b87f-95df-4017-8e5b-b3efefab2320,Artwork,Freemans,6507,2026-06-07,Off Premises,American Art and Pennsylvania Impressionists,https://freemansauction.com/auctions/6507-american-art-and-pennsylvania-impressionism,Lot 74,USD,15000.0,25000.0,51200.0,40000.0,15000.0,25000.0,51200.0,40000.0,Sarah S. Stilwell Weber,1878,1939.0,Roller Skating (Saturday Evening Post Cover),painting,oil on canvas,,20.0,23.875,in,yes,yes,yes,,"Private Collection, Virginia.","girl, red coat, roller skates, hat, curly hair, smiling, studio portrait, lace, gloves, background",,,"Sarah S. Stilwell Weber
(American, 1878-1939)
Roller Skating (Saturday Evening Post Cover), 1910
oil on canvas
signed S.S.S.W (lower right); also signed Weber and inscribed Cover / [illegible] / [illegible] (on the reverse)

23 7/8 x 20 in.
Provenance:Private Collection, Virginia.Literature:The Saturday Evening Post, Philadelphia, March 12, 1910, cover illustration.",https://assets.basta.app/accounts/4832eb18-f9a7-4c12-8295-871abe232696/images/359f7336-2a14-4e8e-84cf-ed5e288da6ff,https://freemansauction.com/auction/6507-american-art-and-pennsylvania-impressionism/lot/74,1.0,1910.0,1910.0,original,,
aa35fcb7-083b-47c2-82ad-3094e12b6b82,Artwork,Freemans,6507,2026-06-07,Off Premises,American Art and Pennsylvania Impressionists,https://freemansauction.com/auctions/6507-american-art-and-pennsylvania-impressionism,Lot 76,USD,5000.0,7000.0,10240.0,8000.0,5000.0,7000.0,10240.0,8000.0,Robert Henri,1865,1929.0,"Saint-Germain-des-Prés, Paris",painting,oil on panel,,3.75,6.0,in,yes,yes,yes,,"Robert Bijou Fine Art, Petaluma, California. Acquired directly from the above. Private Collection, California.","tower, street, people, lamppost, architecture, clouds, evening, Paris, painting, urban",,,"Robert Henri
(American, 1865-1929)
Saint-Germain-des-Prés, Paris
oil on panel
signed ROBERT HENRI (lower right); also inscribed with title/location (on the reverse)

6 x 3 3/4 in. 
Provenance:Robert Bijou Fine Art, Petaluma, California.Acquired directly from the above.Private Collection, California.",https://assets.basta.app/accounts/4832eb18-f9a7-4c12-8295-871abe232696/images/e24cf017-276f-41f2-9143-db49a2217416,https://freemansauction.com/auction/6507-american-art-and-pennsylvania-impressionism/lot/76,1.0,1901.0,2000.0,original,,
2396fdab-5db1-4b84-9c82-ebe0e514b965,Artwork,Freemans,6507,2026-06-07,Off Premises,American Art and Pennsylvania Impressionists,https://freemansauction.com/auctions/6507-american-art-and-pennsylvania-impressionism,Lot 77,USD,15000.0,25000.0,12800.0,10000.0,15000.0,25000.0,12800.0,10000.0,Reginald Marsh,1898,1954.0,Frolicking on the Beach; with Figure Studies (A Double-Sided Work),painting,tempera on Masonite,,30.0,24.0,in,yes,yes,yes,,"Sotheby's, New York, Sale of May 24, 1989, Lot 230A. Acquired directly from the above sale. Private Collection, New York.","beach, figures, women, men, water, bathing suits, movement, dance, clouds, shadows",,,"Reginald Marsh
(American, 1898-1954)
Frolicking on the Beach; with Figure Studies (A Double-Sided Work), 1952
tempera on Masonite
signed Marsh and dated (lower right)

24 x 30 in.
Provenance:Sotheby's, New York, Sale of May 24, 1989, Lot 230A.Acquired directly from the above sale.Private Collection, New York.",https://assets.basta.app/accounts/4832eb18-f9a7-4c12-8295-871abe232696/images/4caade68-aafa-4a6e-b612-d9dc331de7a3,https://freemansauction.com/auction/6507-american-art-and-pennsylvania-impressionism/lot/77,1.0,1952.0,1952.0,original,,
43ad9e69-9a01-4105-8dae-57fd1ae15104,Artwork,Freemans,6507,2026-06-07,Off Premises,American Art and Pennsylvania Impressionists,https://freemansauction.com/auctions/6507-american-art-and-pennsylvania-impressionism,Lot 78,USD,10000.0,15000.0,42880.0,33500.0,10000.0,15000.0,42880.0,33500.0,William Glackens,1870,1938.0,"Bathers, Walker’s Pond (New Hampshire)",painting,oil on canvas laid to board,,16.0,12.0,in,yes,yes,yes,,"The Collection of Dr. Richard J. and Eva Wattenmaker, Pennsylvania","bathers, pond, boat, mountains, trees, water, rocks, sky, people, swimming",,,"William Glackens
(American, 1870-1938)
Bathers, Walker’s Pond (New Hampshire), c. 1922
oil on canvas laid to board
posthumously stamp signed W. G. by E. G. (on the reverse); also titled, located, and dated in pencil (on the reverse)

12 x 16 in.

The Collection of Dr. Richard J. and Eva Wattenmaker, Pennsylvania",https://assets.basta.app/accounts/4832eb18-f9a7-4c12-8295-871abe232696/images/dc1a8d40-a586-474b-b4b5-c514272003f2,https://freemansauction.com/auction/6507-american-art-and-pennsylvania-impressionism/lot/78,1.0,1901.0,2000.0,original,,
c0b10730-ae16-47ef-a490-ca8840262adc,Artwork,Freemans,6507,2026-06-07,Off Premises,American Art and Pennsylvania Impressionists,https://freemansauction.com/auctions/6507-american-art-and-pennsylvania-impressionism,Lot 79,USD,40000.0,60000.0,57600.0,45000.0,40000.0,60000.0,57600.0,45000.0,William Glackens,1870,1938.0,The Yellow Dress,painting,oil on canvas,,26.0,32.0,in,no,yes,yes,,"Surovek Gallery, Palm Beach, Florida. Acquired directly from the above. Private Collection. To the present owner by bequest.","woman, yellow dress, hat, red background, green, blue, orange, seated figure, confident expression, drapery, modern womanhood",,,"William Glackens
(American, 1870-1938)
The Yellow Dress
oil on canvas

32 x 26 in.
Provenance:Surovek Gallery, Palm Beach, Florida.Acquired directly from the above.Private Collection.To the present owner by bequest.Lot Note:The yellow dress is a recurring motif in William Glackens’s later works, often called his “Renoir” period. The garment is a metonymy for modern womanhood, defined by independence and a high sense of fashion. But beyond the obvious reference to the material culture of the Roaring Twenties, The Yellow Dress also exemplifies a pivotal shift in Glackens’ career towards the sensuousness of paint and the art form derived from it. In The Yellow Dress, Glackens’s later colorist style is evident with warm tonal variations of yellow and red, interspersed by bursts of green and blue. The yellow dress elegantly wraps the figure and is subtly echoed in her hat, reminiscent of a halo. The indistinct background, even as it suggests drapery and possibly an exterior, recalibrates the focus on the woman, her figure a stark line splitting the painting diagonally across. Her seated posture is relaxed but her piercing gaze and crossed arms exude confidence. She is not meeting the viewer’s eyes, but seems to know she is being contemplated, almost dismissive of our presence. She is at the center of the composition, and at the center of our unrequited attention.",https://assets.basta.app/accounts/4832eb18-f9a7-4c12-8295-871abe232696/images/787a6aea-ff24-4596-a78d-594dc8b43c5f,https://freemansauction.com/auction/6507-american-art-and-pennsylvania-impressionism/lot/79,1.0,1901.0,2000.0,original,,
705fbf50-b53e-4621-8bc4-d2e5bb965479,Artwork,Freemans,6507,2026-06-07,Off Premises,American Art and Pennsylvania Impressionists,https://freemansauction.com/auctions/6507-american-art-and-pennsylvania-impressionism,Lot 80,USD,70000.0,90000.0,57600.0,45000.0,70000.0,90000.0,57600.0,45000.0,Gaston Lachaise,1882,1935.0,Garden Figure (Second State),sculpture,bronze with dark brown patina on stone base,,,77.5,in,yes,yes,yes,,"Lachaise Foundation, Boston, Massachusetts. Robert Schoelkopf Gallery, New York, by 1973. Acquired directly from the above, 1984. Private Collection, New York. By descent to the present owner.","woman, nude, bronze sculpture, fertility goddess, figure, stone base, drapery, voluptuous body",,,"Gaston Lachaise
(American/French, 1882-1935)
Garden Figure (Second State) [LF 137], 1935
bronze with dark brown patina on stone base
inscribed with a copyright symbol and the artist’s name (written twice) © / G. LACHAISE and G. LACHAISE on the top of the base; also stamped LACHAISE / ESTATE in a cartouche and numbered 1/8 (on the lower left cast base); also stamped MODERN ART FOUNDRY / NEW YORK / N.Y. (on the rear edge of the cast base); modeled in 1935, this example cast in 1973

height: 77 1/2 in.

Property from a Private New York City Family CollectionWe wish to thank Virginia Budny, author of the forthcoming catalogue raisonné of Lachaise’s work (sponsored by the Lachaise Foundation), for her assistance in preparing the catalogue entry for the present work.Provenance:Lachaise Foundation, Boston, Massachusetts.Robert Schoelkopf Gallery, New York, by 1973.Acquired directly from the above, 1984.Private Collection, New York.By descent to the present owner.Exhibited:New York, Robert Schoelkopf Gallery, ""Gaston Lachaise,"" October 20 – November 29, 1973 (extended to December 6), 1973.Roslyn, The Nassau County Museum of Art, ""Monuments and Monoliths: A Metamorphosis,"" September 24 – December 3, 1978, p. 4 (illustrated, p. 7).New York, Seventh Regiment Armory, Cheim & Read, Art Dealers Association of America: The Art Show, ""Gaston Lachaise and Louise Bourgeois: A Juxtaposition,"" March 5 – 9, 2014, n.p. (illustrated frontispiece and n.p.).New York, Christie’s, ""Rockefeller Center and the Rise of Modernism in the Metropolis,"" January 17 – February 25, 2015.Literature:James R. Mellow, “Lachaise Nude Sculptures Displayed,"" New York Times, October 27, 1973, p. 27 (referenced).Gerald Nordland, Gaston Lachaise, The Man and His Work, New York, 1974, p. 55 (the first state of Garden Figure referenced), p. 161, the present cast referenced (as first shown at the Robert Schoelkopf Gallery in 1973).Salander-O'Reilly Galleries & Meredith Long Gallery, Gaston Lachaise: Sculpture, exhibition catalogue, New York, 1991, pp. 78–79, 84, no. 35 (another example illustrated).Louise Bourgeois, ""Obsession,"" Artforum, vol. 30, no. 8, April 1992, p. 87 (another example illustrated).Galerie Gerald Piltzer, Gaston Lachaise Sculptures, exhibition catalogue, Paris, 1992, pp. 25, 60, no. 25 (another example illustrated).Sam Hunter, Lachaise, New York, 1993, pp. 214–19, 245 (another example illustrated).Salander-O’Reilly Galleries, Gaston Lachaise, The Monumental Sculpture, exhibition catalogue, New York, 1994, n.p. (another example illustrated).Donald L. Strong, “Gaston Lachaise, Garden Figure,"" Masterworks of American Painting and Sculpture from the Smith College Museum of Art, New York, 1999, pp. 170, 257, no. 10, 257-58n.11, fig. 48 (the plaster model and the present example referenced; the plaster model illustrated).Virginia Budny, “Gaston Lachaise, Garden Figure (1935),"" Maine Moderns: Art in Seguinland, 1900-1940, exhibition catalogue, New Haven and Portland, Maine, 2011, p. 112n.1 (this example referenced).Lot Essay:Gaston Lachaise’s six-foot-tall Garden Figure (second state) [LF 137] represents a mature, lightly-draped nude woman as a stately, modern-day fertility goddess. Calmly displaying her voluptuous body, while placing her hands on her abdomen and right breast to indicate her generative and nurturing roles, she evokes a pastoral mood of abundance and tranquility. Lachaise developed the full-scale model for the statue from an earlier version, Garden Figure (first state) [LF 175]. Both versions were created by him in 1935, at the height of his fame, shortly after the closure of his retrospective at the Museum of Modern Art in New York City—the first show awarded by that museum to an American sculptor.The nude in the first version of Garden Figure is posed exactly as in the second version, although she is younger and thinner. According to Lachaise’s widow, Isabel Dutaud Nagle (1872-1957), writing in about 1938, this earlier statue was based on a thirteen-inch-tall plaster statuette created during the period between 1906 and 1917, and then reworked in 1935 as a “study” for the statue. Both statues of Garden Figure were ultimately inspired by Isabel, Lachaise’s muse, whom he met in about 1903 and married in 1917. Yet they reflect the remarkable changes in her physical appearance over the span of several decades. The youthful appearance of the nude in the first version doubtless corresponds to that of the early statuette, whereas the matronly appearance of the second version points to her appearance, at age sixty-three, in 1935. Both versions exhibit the visual language of ideal form and meaning that Lachaise had been taught in his youth. However, the second version displays his own marked tendency, especially later in his career, to enlarge parts of the body of an ideal figure to imply an enormous inner power and potential.For the second version of Garden Figure, Lachaise worked with a plaster cast of the first version. He retained the same overall pose, facial features, drapery, lower part of the body, and integral base. Eliminating the nude’s long, loosely worn hair (signifying informality or girlhood), he added clay to expand the forms of her torso and thighs. With these changes, the nude appears significantly older and heavier, and endowed with an extraordinary authority and power. This technique for ‘developing’ a sculpture, unusual in America at that time, was practiced by Lachaise throughout his career, and was probably acquired in Paris, where he was both trained and briefly employed before immigrating to America in January 1906. Now, in addition to the nude’s symbolic gestures, her remarkable body, articulated with his masterful understanding of sculptural form, communicates her symbolic import as a source of abiding stability and harmony between humankind and the natural order.According to Lachaise’s widow, this second version of Garden Figure is unfinished. How he intended to develop it further is unknown. The molds of the full-scale model left in his studio were discovered in 1970, and at the instance of the Lachaise Foundation (which has overseen the artist’s estate since 1963), a plaster cast was released from the molds by workers at the Modern Art Foundry, New York City. Afterwards, the Foundation authorized an edition of eight bronze casts of this version, and two have thus far been cast by the Modern Art Foundry. The production of the present cast, in 1973, was supervised by New York City dealer Robert Schoelkopf. The second cast, made in 1991, is unlocated.",https://assets.basta.app/accounts/4832eb18-f9a7-4c12-8295-871abe232696/images/0e9c4a17-9303-4466-8005-1f6b201a1697,https://freemansauction.com/auction/6507-american-art-and-pennsylvania-impressionism/lot/80,1.0,1935.0,1935.0,original,,
052f1c3b-cda8-4b89-8daa-99577372d32d,Artwork,Freemans,6507,2026-06-07,Off Premises,American Art and Pennsylvania Impressionists,https://freemansauction.com/auctions/6507-american-art-and-pennsylvania-impressionism,Lot 81,USD,60000.0,80000.0,51200.0,40000.0,60000.0,80000.0,51200.0,40000.0,Gaston Lachaise,1882,1935.0,Relief-Woman (Second State),sculpture,bronze with brown verdigris patina,,,86.0,in,no,yes,yes,,"Lachaise Foundation, Boston, Massachusetts. Robert Schoelkopf Gallery, New York, New York. Acquired directly from the above, October 1975. Private Collection, New York. By descent to the present owner.","woman, nude, bronze, relief, patina, goddess, welcoming gesture, drapery, historical figure, sculpture",,,"Gaston Lachaise 
(American/French, 1882-1935)
Relief-Woman (Second State) [LF 128], 1934
bronze with brown verdigris patina
stamped LACHAISE / ESTATE and numbered 1/8 (lower right), modeled in 1934, this example cast in 1975

height: 86 in.

Property from a Private New York City Family CollectionWe wish to thank Virginia Budny, author of the forthcoming catalogue raisonné of Lachaise’s work (sponsored by the Lachaise Foundation), for her assistance in preparing the catalogue entry for the present work.Provenance:Lachaise Foundation, Boston, Massachusetts.Robert Schoelkopf Gallery, New York, New York.Acquired directly from the above, October 1975.Private Collection, New York.By descent to the present owner.Exhibited:Greenvale, Long Island, New York, Long Island University, C. W. Post Art Gallery, ""The Long Island Art Collectors’ Exhibition: Modern Masterpieces and Contemporary Art from Long Island Art Collections,"" October 24 – November 23, 1975, n.p., referenced. Literature:The Museum of Modern Art, Gaston Lachaise: Retrospective Exhibition, exhibition catalogue, New York, 1935, p. 28, no. 58 (plaster model illustrated).Winslow Ames, “Gaston Lachaise, 1882-1935,” Parnassus, vol. 8, no. 4, April 1936, p. 41 (plaster model referenced).Robert Schoelkopf Gallery, Gaston Lachaise: Sculpture and Drawings, exhibition catalogue, New York, 1973, n.p. (plaster model illustrated as Woman).Advertisement, Robert Schoelkopf Gallery, Art in America, vol. 62, no. 3, May/June 1974, p. 100 (plaster model illustrated).Gerald Nordland, Gaston Lachaise: The Man and His Work, New York, 1974, p. 125, 126, fig. 63 (plaster model illustrated).Salander-O’Reilly Galleries, Gaston Lachaise (1882–1935): The Monumental Sculpture, exhibition catalogue, New York, 1994, no. 4 (model incorrectly dated c. 1930-1936, another example illustrated as Bas Relief Woman).Anne Barclay Morgan, “Gaston Lachaise: The Monumental Sculpture,” American Art Review, vol. 7, no. 5, October/November 1995, p. 120 (another example illustrated).Salander-O’Reilly Galleries, Gaston Lachaise [1882–1935]: Reliefs, exhibition catalogue, New York, 1999, n.p., no. 8 (another example illustrated as Bas Relief Woman).Deborah Emont Scott, Martin L. Friedman, Modern Sculpture at the Nelson-Atkins Museum of Art: An Anniversary Celebration, Kansas City, Missouri, 1999, p. 11 (another example illustrated as Bas Relief Woman).Art + Architecture: The Ebsworth Collection + Residence, San Francisco, 2006, n.p. (another example illustrated).Nelson-Atkins Museum of Art: A Handbook of the Collection, Kansas City, Missouri, 2008, p. 180, fig. 82 (another example illustrated as Bas-Relief Woman).Gerald Peters Gallery, Gaston Lachaise: A Modern Epic Vision, Santa Fe, 2012, pl. 35 (another example illustrated as Relief (Woman) [LF 128]).Virginia Budny, Gaston Lachaise: For the Love of Woman, exhibition catalogue, New York, 2016, pp. 8, 10-11, 38-40, fig. 14 (interior of waste mold of the first state of the relief illustrated; Lachaise’s drawing of his projected revisions on a photograph of the interior of the waste mold illustrated; another example illustrated (as Figure of a Woman [Relief-Woman]) [LF 128]).Lot Essay:Gaston Lachaise’s large Relief-Woman [LF 128], which represents an open-handed, inviting, goddess-like nude resembling his wife, Isabel Duteau (or Dutaud) (1872-1957), was developed in two distinct, well-documented stages, the first in 1925 and the second in 1934. Having created the first stage of the full-scale model before the fall of 1925, he considered that version to be unfinished and expressed his intention to cast the model in bronze when it was completed. He likely envisioned the large relief as a decorative architectural element comparable to the 68-inch-tall reliefs of winged nude personifications of the Four Seasons, for the exterior of Welles Bosworth’s residence in Matinecock, Long Island, that he had carried out two years earlier. Lachaise’s Relief-Woman is the first heroic relief that he himself initiated, with the aim of finding a suitable buyer. He likely envisioned the work as a way to express, in the elevated language of those reliefs, his wife’s notable hospitality and generosity in the form of the serene, middle-aged nude.Lachaise created the plaster model for the first stage of the low relief by carving the composition into a painted slab of plaster. The nude at this stage of the relief exhibits the idiosyncratic, mature figure type that he had introduced to the public in his first exhibition, in 1918, and that was ultimately both inspired by Isabel’s voluptuous body and disciplined by an implicit geometry. The substantial nude in this first version of the relief advances on tiptoes (signifying her elevated state), her head slightly tilted to the side (indicating receptivity), her right arm akimbo (indicating steadfastness), her left arm and hand extended in a warm, welcoming gesture, and her body framed by voluminous drapery.In 1934, Lachaise again worked on the relief. On August 3, he wrote to his wife: “I have begun to work again—nearly finished the bas relief—the large one in plaster—It’s definitely turning into a good thing—tranquil and generous” (Gaston Lachaise Collection, Yale Collection of American Literature, Beinecke Rare Book and Manuscript Library). In the final version of the relief [LF 128], the arrangement of the woman’s hair is fuller; her body is even more robust than in the first version (reflecting the treatment of ideal nudes he introduced in 1928-1930); her large hands are given even greater importance; and the drapery is more plentiful. In these ways, the original nude has been endowed with an impressive monumentality, in what is almost an apotheosis. The result is an altogether more expansive and masterful composition.The second state of the relief was first cast in bronze after the Lachaise Foundation, established in 1963, issued a projected edition of eight numbered Estate bronze casts. Five, including the present example (the first), were made for the Foundation between 1975 and 2012 by the Modern Art Foundry, New York. The second (1993) is owned by the Nelson-Atkins Museum of Art, Kansas City, Missouri. And the fourth (2003) is owned by Museum of Fine Arts, Boston. The sixth (2012), selectively gilt, is owned by the Lachaise Foundation.",https://assets.basta.app/accounts/4832eb18-f9a7-4c12-8295-871abe232696/images/4416265a-632a-4e09-882a-f36bc94ff27d,https://freemansauction.com/auction/6507-american-art-and-pennsylvania-impressionism/lot/81,1.0,1934.0,1934.0,original,,
92be986a-3842-4209-8cb7-f8c7c0a02891,Artwork,Freemans,6507,2026-06-07,Off Premises,American Art and Pennsylvania Impressionists,https://freemansauction.com/auctions/6507-american-art-and-pennsylvania-impressionism,Lot 82,USD,10000.0,15000.0,,,10000.0,15000.0,,,Charles Henry Alston,1907,1977.0,Musician (Clarinet Player),sculpture,bronze with dark brown patina,,,25.0,in,yes,yes,yes,,"(Probably) National Black Fine Art Show, Puck Building, New York, New York.
Private Collection, Maryland.","musician, clarinet, bronze sculpture, dark brown patina, standing figure",,,"Charles Henry Alston
(American, 1907-1977)
Musician (Clarinet Player)
bronze with dark brown patina
inscribed with initials CA and numbered 8/9 (base of proper right foot) 

height (with base): 25 in.
Provenance:(Probably) National Black Fine Art Show, Puck Building, New York, New York.Private Collection, Maryland.",https://assets.basta.app/accounts/4832eb18-f9a7-4c12-8295-871abe232696/images/f790b2ae-93f8-4ab2-8ade-45cb66558858,https://freemansauction.com/auction/6507-american-art-and-pennsylvania-impressionism/lot/82,1.0,1901.0,2000.0,original,,
0f342f7b-27c2-4382-9683-dfbae98b009f,Artwork,Freemans,6507,2026-06-07,Off Premises,American Art and Pennsylvania Impressionists,https://freemansauction.com/auctions/6507-american-art-and-pennsylvania-impressionism,Lot 83,USD,20000.0,30000.0,,,20000.0,30000.0,,,Charles Henry Alston,1907,1977.0,Untitled (Portrait of a Boy),painting,oil on canvas,,16.0,20.0,in,yes,yes,yes,,"The Artist. Estate of the Artist. Bill Hodges Gallery, New York, New York. Acquired directly from the above, 2005. Private Collection, Maryland.","boy, portrait, chair, blue shirt, thoughtful expression, indoor setting, window, wood, background",,,"Charles Henry Alston
(American, 1907-1977)
Untitled (Portrait of a Boy), c. 1940-50
oil on canvas
signed with estate stamp (lower left)

20 x 16 in.
Provenance:The Artist.Estate of the Artist.Bill Hodges Gallery, New York, New York.Acquired directly from the above, 2005.Private Collection, Maryland.",https://assets.basta.app/accounts/4832eb18-f9a7-4c12-8295-871abe232696/images/5b9ff4a3-81e6-4fcc-bf83-82b3d7747b99,https://freemansauction.com/auction/6507-american-art-and-pennsylvania-impressionism/lot/83,1.0,1940.0,1940.0,original,,
828ac1ca-eb90-40fb-9dec-438ae1f4bb2e,Artwork,Freemans,6507,2026-06-07,Philadelphia Warehouse,American Art and Pennsylvania Impressionists,https://freemansauction.com/auctions/6507-american-art-and-pennsylvania-impressionism,Lot 84,USD,10000.0,15000.0,6400.0,5000.0,10000.0,15000.0,6400.0,5000.0,Charles Henry Alston,1907,1977.0,Musician (Saxophone Player),sculpture,bronze with dark brown patina,,,23.0,in,yes,yes,yes,,"(Probably) National Black Fine Art Show, Puck Building, New York, New York, Private Collection, Maryland.","musician,saxophone,bronze sculpture,man,standing,abstract form,patina,artist's initials",,,"Charles Henry Alston
(American, 1907-1977)
Musician (Saxophone Player)
bronze with dark brown patina
inscribed with initials CA and numbered 8/9 (base of proper right foot) 

height (with base): 23 in.
Provenance:(Probably) National Black Fine Art Show, Puck Building, New York, New York, Private Collection, Maryland.",https://assets.basta.app/accounts/4832eb18-f9a7-4c12-8295-871abe232696/images/c199856c-d2c8-4e4b-8a8f-ee20ccfba990,https://freemansauction.com/auction/6507-american-art-and-pennsylvania-impressionism/lot/84,1.0,1901.0,2000.0,original,,
e0097b0c-2f2e-4101-90d7-72f4645aff17,Artwork,Freemans,6507,2026-06-07,Off Premises,American Art and Pennsylvania Impressionists,https://freemansauction.com/auctions/6507-american-art-and-pennsylvania-impressionism,Lot 85,USD,2000.0,3000.0,7040.0,5500.0,2000.0,3000.0,7040.0,5500.0,Marion Greenwood,1909,1970.0,"Carnival at Kripplebush, New York",painting,oil on canvas,,34.0,26.25,in,yes,yes,yes,,"R. H. Love Galleries, Chicago, Illinois. Acquired directly from the above. Private Collection, Illinois.","carnival, people, house, flags, lights, evening, gatherings, decorations, children, trees",,,"Marion Greenwood
(American, 1909-1970)
Carnival at Kripplebush, New York, c. 1943
oil on canvas
signed Marion Greenwood (lower left); signed again (on the stretcher)

26 1/4 x 34 in.
The present lot is accompanied by a lithograph after the painting.Provenance:R. H. Love Galleries, Chicago, Illinois.Acquired directly from the above.Private Collection, Illinois.",https://assets.basta.app/accounts/4832eb18-f9a7-4c12-8295-871abe232696/images/fb435f17-b099-4ddd-9a6e-cc840a5c25eb,https://freemansauction.com/auction/6507-american-art-and-pennsylvania-impressionism/lot/85,1.0,1901.0,2000.0,original,,
98c664fc-e277-4d9d-84a6-3c1cb2ea326e,Artwork,Freemans,6507,2026-06-07,Off Premises,American Art and Pennsylvania Impressionists,https://freemansauction.com/auctions/6507-american-art-and-pennsylvania-impressionism,Lot 86,USD,2000.0,3000.0,11520.0,9000.0,2000.0,3000.0,11520.0,9000.0,Molly Luce,1896,1986.0,Adam and Eve,painting,oil on canvas,,27.5,22.25,in,yes,yes,yes,,"Property from the Estate of Gary Grimes, Pittsburgh, Pennsylvania","farm, garden, farmer, woman, vegetables, flowers, trees, landscape, animals, clouds",,,"Molly Luce
(American, 1896-1986)
Adam and Eve, 1940
oil on canvas
signed Molly Luce and dated (lower right)

22 1/4 x 27 1/2 in.

Property from the Estate of Gary Grimes, Pittsburgh, PennsylvaniaLiterature:""Harvest, It Inspires Fine Crop of Paintings."" Life, August 31, 1942, p. 45, illustrated.Exhibited: New York, Walker Galleries, ""5th Anniversary Exhibition of Paintings,"" October 14 – November 2, 1940.Philadelphia, Pennsylvania Academy of the Fine Arts, ""136th Annual Exhibition,"" January 26 – March 2, 1941.",https://assets.basta.app/accounts/4832eb18-f9a7-4c12-8295-871abe232696/images/6b18e4da-ef60-4396-a543-f66073bd03f1,https://freemansauction.com/auction/6507-american-art-and-pennsylvania-impressionism/lot/86,1.0,1940.0,1940.0,original,,
7e2463ce-ac38-4d6a-ad34-15287d633b72,Artwork,Freemans,6507,2026-06-07,Off Premises,American Art and Pennsylvania Impressionists,https://freemansauction.com/auctions/6507-american-art-and-pennsylvania-impressionism,Lot 87,USD,3000.0,5000.0,5440.0,4250.0,3000.0,5000.0,5440.0,4250.0,John Winters,1904,1983.0,Train Platform (Chicago El),painting,gouache on paper,,24.25,19.0,in,yes,yes,yes,,"The Artist. Estate of the Artist, Springfield, Pennsylvania. Freeman's, Philadelphia, Sale of June 16, 2020, Lot 92. Acquired directly from the above sale. Private Collection, California.","train platform, people, buildings, signs, urban landscape, pigeons, benches, umbrellas, hats, coats",,,"John Winters
(American, 1904-1983)
Train Platform (Chicago El), 1935
gouache on paper
signed John Winters and dated (lower left)

19 x 24 1/4 in.
Provenance:The Artist.Estate of the Artist, Springfield, Pennsylvania.Freeman's, Philadelphia, Sale of June 16, 2020, Lot 92.Acquired directly from the above sale.Private Collection, California.",https://assets.basta.app/accounts/4832eb18-f9a7-4c12-8295-871abe232696/images/98969aac-e22b-4f38-82b2-e672fb0e730d,https://freemansauction.com/auction/6507-american-art-and-pennsylvania-impressionism/lot/87,1.0,1935.0,1935.0,original,,
497119b7-3b9a-4a71-944d-4b3351661af3,Artwork,Freemans,6507,2026-06-07,Off Premises,American Art and Pennsylvania Impressionists,https://freemansauction.com/auctions/6507-american-art-and-pennsylvania-impressionism,Lot 88,USD,4000.0,6000.0,4800.0,3750.0,4000.0,6000.0,4800.0,3750.0,John Grabach,1886,1981.0,Chess,painting,oil on canvas,,36.0,30.0,in,yes,yes,yes,,"Radann Gallery, New York, New York. Acquired directly from the above. Private Collection, New York.","chess, men, woman, bottles, table, cards, suits, concentration, game, players",,,"John Grabach
(American, 1886-1981)
Chess
oil on canvas
signed John R. Grabach ANA (lower center right)

30 x 36 in.
Provenance:Radann Gallery, New York, New York.Acquired directly from the above.Private Collection, New York.",https://assets.basta.app/accounts/4832eb18-f9a7-4c12-8295-871abe232696/images/9cd8651a-6d48-4ba0-abc4-cb10aaac406a,https://freemansauction.com/auction/6507-american-art-and-pennsylvania-impressionism/lot/88,1.0,1901.0,2000.0,original,,
6caaa7dc-22c5-4ee3-9b4e-def3f78a2164,Artwork,Freemans,6507,2026-06-07,Off Premises,American Art and Pennsylvania Impressionists,https://freemansauction.com/auctions/6507-american-art-and-pennsylvania-impressionism,Lot 89,USD,10000.0,15000.0,17920.0,14000.0,10000.0,15000.0,17920.0,14000.0,John Grabach,1886,1981.0,Every Man's Home Is His Castle,painting,oil on canvas,,42.0,36.0,in,yes,yes,yes,,"Sotheby's, New York, Sale of May 24, 1989, Lot 184. Acquired directly from the above sale. Private Collection, New York.","men, horses, buildings, balcony, clothesline, snow, winter, figures, urban landscape, horse-drawn carriage",,,"John Grabach
(American, 1886-1981)
Every Man's Home Is His Castle
oil on canvas
signed John R Grabach ANA (lower left)

36 x 42 in.
Provenance:Sotheby's, New York, Sale of May 24, 1989, Lot 184.Acquired directly from the above sale.Private Collection, New York.",https://assets.basta.app/accounts/4832eb18-f9a7-4c12-8295-871abe232696/images/a680522e-df5e-4a85-a69d-6e2d22e08740,https://freemansauction.com/auction/6507-american-art-and-pennsylvania-impressionism/lot/89,1.0,1901.0,2000.0,original,,
3f5b9fce-218d-4beb-b287-1bb6e8e41406,Artwork,Freemans,6507,2026-06-07,Philadelphia Warehouse,American Art and Pennsylvania Impressionists,https://freemansauction.com/auctions/6507-american-art-and-pennsylvania-impressionism,Lot 90,USD,15000.0,25000.0,12800.0,10000.0,15000.0,25000.0,12800.0,10000.0,Jack Levine,1915,2010.0,The Patriarch of Moscow on a Visit to Jerusalem,painting,oil on canvas,,96.0,84.0,in,yes,yes,yes,,"Kennedy Galleries, New York, New York. Thyssen-Bornemisza National Museum, by 1978. Sotheby's, New York, Sale of March 14, 1996, Lot 176. Acquired directly from the above sale. Private Collection, Pennsylvania.","patriarch, Jerusalem, crowd, religious figures, cityscape, staff, robes, expressions, architecture, historical context",,,"Jack Levine
(American, 1915-2010)
The Patriarch of Moscow on a Visit to Jerusalem, 1975
oil on canvas
signed Levine (lower left)

84 x 96 in.
Provenance:Kennedy Galleries, New York, New York.Thyssen-Bornemisza National Museum, by 1978.Sotheby's, New York, Sale of March 14, 1996, Lot 176.Acquired directly from the above sale.Private Collection, Pennsylvania.Exhibited: New York, Kennedy Galleries, ""Jack Levine Recent Work"", November 8 − 29, 1975, n.p., no. 12, illustrated.New York, The Jewish Museum, ""Jack Levine Retrospective"", 1978 − 1980, pp. 24; 26; 50; 57 no. 80, illustrated (traveling to Norton Gallery and School of Art, West Palm Beach; Brooks Memorial Art Gallery, Memphis; Montgomery Museum of Fine Arts, Montgomery; Portland Art Museum, Portland; Minnesota Museum of Art, St. Paul).Baltimore, The Baltimore Museum of Art, ""American Masters: The Thyssen-Bornemisza Collection,"" 1984-1986, no. 98 (traveling to Detroit Institute of Art, Detroit; Denver Art Museum, Denver; Marion Koogler McNay Art Institute, San Antonio; IBM Gallery of Arts and Sciences, New York; San Diego Museum of Art, San Diego; Society of the Four Arts, Palm Beach; New Orleans Museum of Art, New Orleans).Literature:American Masters: The Thyssen-Bornemisza Collection, 1984, pp. 22, 124, 169, illustrated.Stephen Robert Frankel, ed., Jack Levine, New York, 1989, pp. 119-121, illustrated.Lot Note:Jack Levine has consistently defied categorization. Doggedly attached to the figurative at a time when abstraction came to dominate American Art, he nonetheless rejected outright realism in favor of directness with a critical edge. Distortion became his preferred pictorial vehicle for satire, yielding an aesthetic heavy with social commentary, dark humor, and a relentless desire to probe humanity’s liminal promise and undeniable shortcomings. Influenced by German expressionism and his family’s Jewish immigrant experience, Levine used slashed brushwork and a dull palette, at times interspersed by harsh, glaring flashes of color, to fill his paintings with a deep sense of angst. He was a prominent member of the Boston Expressionist movement, which started in the 1930s but really prospered in the 1950s all the way through the 1970s. The Patriarch of Moscow on a Visit to Jerusalem was executed in 1975, at the apex of his career. With its monumental size, crowded composition, and humorous twists, the work is arguably the epitome of Levine’s artistic practice. In The Patriarch, distortion is unmistakable. In a reversal of the Mannerist method, which typically distorts bodies through aggrandizing and elongation, Levine’s figures instead appear disproportionately shaped in a stocky way, lacking refined features. In fact, the entire scene, crowded, stifling, resembles a mass of indistinct bodies shrouded in ponderous garb, emphasizing function over personality. The facial expressions are puzzling in a comical way: mouths gaping or frowning, eyes wide open or crossed, the figures appear confused or transfixed. Only the central figure, the Patriarch, escapes the conformity of the scene. Facing forward, his right hand blithely gesturing benediction, he seems to be directly addressing the viewer, conveniently shielded by the aviator goggles covering his eyes. Though less farcical than the rest of the crowd, his cavalier posture is still rendered with humor, an inadequate performance for the solemnity usually associated with his position. Levine’s irreverence, signaling a distaste for religious power, is acerbic because it satirizes a very real individual, Patriarch Pimen, who led the Russian Orthodox Church from 1971 until 1990. In a 1975 interview with the New York Times, Levine said that “editorial utterance is part of self-expression,” an acknowledgment that there is an agenda behind his artistic output, often propelled by a desire to pinpoint and ridicule power and the corrupted or unethical behaviors that derive from it. As an “editorial” artist, Levine actively employs his medium as a meaningful element, a self-consciousness that only adds gusto to the already provocative subtext inherent in his compositions.",https://assets.basta.app/accounts/4832eb18-f9a7-4c12-8295-871abe232696/images/2d4e008a-7c53-468b-a0a2-92e4aca038de,https://freemansauction.com/auction/6507-american-art-and-pennsylvania-impressionism/lot/90,1.0,1975.0,1975.0,original,,
91dc7e78-6bfe-48ed-abf8-848d6e40441c,Artwork,Freemans,6507,2026-06-07,Off Premises,American Art and Pennsylvania Impressionists,https://freemansauction.com/auctions/6507-american-art-and-pennsylvania-impressionism,Lot 91,USD,2000.0,3000.0,3840.0,3000.0,2000.0,3000.0,3840.0,3000.0,Eugene Savage,1883,1978.0,"The Everglades, Moss and Orchids",painting,oil on canvas mounted to Masonite,,12.625,14.625,in,yes,yes,yes,,"The Artist. Gene Crawford, the artist's grandson. Acquired directly from the above. Private Collection, Connecticut.","Everglades, orchids, palm trees, Seminole tribe, stylized figures, symbiotic relationship, wetlands, ecological preservation, mountains, nature",,,"Eugene Savage
(American, 1883-1978)
The Everglades, Moss and Orchids, 1953
oil on canvas mounted to Masonite
signed E. SAVAGE © and dated (lower right); also signed and titled (on backing)

14 5/8 x 12 5/8 in. 
Provenance:The Artist.Gene Crawford, the artist's grandson.Acquired directly from the above.Private Collection, Connecticut.Lot Note:Conceived during his visits to Florida from the 1930s onward, Eugene Savage's Everglades (or Seminole) series combines a stylized, Regionalist aesthetic with Cubo-Surrealist undertones to document the vanishing wetlands and the daily life of the Seminole tribe. These vibrant compositions emphasize the delicate, symbiotic relationship between the indigenous population and their environment, serving as both cultural record and an early visual plea for ecological preservation.",https://assets.basta.app/accounts/4832eb18-f9a7-4c12-8295-871abe232696/images/7e4190eb-9f42-42c2-b99c-ae94e54f6e1b,https://freemansauction.com/auction/6507-american-art-and-pennsylvania-impressionism/lot/91,1.0,1953.0,1953.0,original,,
8536ea58-6e53-4101-a13a-6dfe05a330ac,Artwork,Freemans,6507,2026-06-07,Off Premises,American Art and Pennsylvania Impressionists,https://freemansauction.com/auctions/6507-american-art-and-pennsylvania-impressionism,Lot 92,USD,30000.0,50000.0,51200.0,40000.0,30000.0,50000.0,51200.0,40000.0,Peter Blume,1906,1992.0,Recollection of the Flood,painting,oil on canvas,,54.0,48.0,in,yes,yes,yes,,"Coe Kerr Gallery, New York, New York, by 1976. Terry Dintenfass Gallery, New York, New York, by 1980. Acquired directly from the above, April 1987. Private Collection, New York.","artists, painting, angels, gourd, child, window, figures, mural, still life, studio",,,"Peter Blume
(American, 1906-1992)
Recollection of the Flood, 1967-69
oil on canvas
signed Peter Blume and dated (lower right); also signed, titled, dated, and inscribed (on the reverse)

48 x 54 in.
A letter by the artist describing the conception of the present lot is included in the Peter Blume papers, held by the Smithsonian's Archives of American Art.Provenance:Coe Kerr Gallery, New York, New York, by 1976.Terry Dintenfass Gallery, New York, New York, by 1980.Acquired directly from the above, April 1987.Private Collection, New York.Exhibited:New York, Bernard Danenberg Galleries, Inc., ""Peter Blume: Recollection of the Flood and Related Works,"" March 30 – April 18, 1970.Chicago, Museum of Contemporary Art, ""Peter Blume: A Retrospective Exhibition,"" January 10 - February 29, 1976.New York, Terry Dintenfass Gallery, ""Peter Blume, From the Metamorphoses: Recent Paintings and Drawings,"" March 8 – 28, 1980.New Britain, Connecticut, The New Britain Museum of American Art, ""Peter Blume: Paintings, Drawings and Sculpture Since 1964,"" October 3 – November 14, 1982, n.p., no. 31, illustrated.Washington Depot, Connecticut, Anna Howard Gallery, ""Peter Blume,"" April 1991.Philadelphia, Pennsylvania Academy of the Arts, Peter Blume: Nature and Metamorphoses, November 14, 2014 – April 5, 2015 (traveling to Wadsworth Atheneum, Hartford, July 3 – September 20, 2015).Literature:Bernard Danenberg Galleries, Inc., Peter Blume: Recollection of the Flood and Related Works, exhibition catalogue, New York, 1970, no. 1, cover illustration.A Retrospective Exhibition, exhibition catalogue, Museum of Contemporary Art, Chicago, 1976, n.p., illustrated.Jeanne Silverthorne, ""Peter Blume,"" Artforum, Vol. 18, No. 10, Summer 1980, p. 81.Terry Dintenfass Gallery, Peter Blume, From the Metamorphoses: Recent Paintings and Drawings, exhibition catalogue, New York, 1980, no. 8, illustrated.William Zimmer, ""Painter Known for 30's Works, Still Explores Epic Themes,"" New York Times, April 21, 1991, p. 124.Peter Blume: Nature and Metamorphosis, exhibition catalogue, Philadelphia, 2014, no. 162, p. 287, illustrated.Lot Note:Peter Blume permeated his paintings with a sense of incongruity, a key tenet of the magic realist movement to which he subscribed throughout his decades long career, starting in the 1930s. Spatial inconsistencies, enigmatic figures, and jarring color schemes often disturb our cognitive reflexes, throwing us in a puzzling state, all the more unsettling that the discordant elements are hard to pinpoint exactly. In Recollection of the Flood (1967-69), a mature work later in the artist’s career, this sense of disquiet is activated in nearly imperceptible ways. The painting obeys a triangular structure, guiding the eye along opposed diagonal lines shooting upwards to tacitly intersect just below the upper edge of the composition, a metaphorical culmination of the artistic endeavor—both Blume’s and that of the portrayed painters—blending the border between creator and creation. The diagonals, most obvious in the slanted postures of the painters and the related shadow, are neatly repeated throughout the painting via the open window, the legs of the sleeping child, the cross braces of the scaffolding, the drawing board held by one of the painters, and the wings of the angels in the mural. Yet, while the reverberation of diagonals provides formal uniformity, the slightly different directions they follow—the open window-pane, for instance, is not quite parallel with the cross braces—yields a dizzying effect. The unsettling undertones of the painting also emanate from the source of light. The scene is bathed in natural sunlight, evidently from the window distributing a gentle brightness throughout the room, in stark contrast to the dark recesses not exposed to it along the leftmost edge, surrounding the luminous opening. While the interplay of light and shade appears concordant and is visually pleasing, the light source itself is distressing, as the window shows a moody, leaden sky, at odds with the bright softness inside the room. What Blume created here is a climate of underlying anxiety filled with quarreling emotions—ease and discomfort, serenity and apprehension. Is the sense of doom looming, or is it receding? It is impossible to know. Instead, the painting’s significance resides in its lingering. Blume executed this painting shortly after the Arno flood of 1966 in Florence, Italy, which resulted in immense loss of human life and catastrophic destruction of cultural heritage. The painting’s construction and its focus on human design recall the aesthetics of the Quattrocento, and function as a celebration of Florence and its enduring artistic legacy. The upward movement of the composition also suggests collective elevation in the face of hardship, a metaphorical rise above the flood waters. But it also serves as a larger commentary on human suffering and salvation with subtle allusions to the Holocaust—the star of David formed by the two triangles hanging below the window—woven into the narrative of the painting, a heaviness that persists even as humanity carries on. Perhaps most compellingly, the anthropomorphic gourds strewn about the floor, akin to dead bodies, mirror the sullen, exhausted figures sitting behind them, images of humankind left bereft and wretched. But the motif of the gourd, a reference to the biblical story of Jonah, who finds temporary shelter under a soon-to-decay gourd vine, symbolizes both hope and despair. It embodies the irreconcilable tension between abundance and loss, implying that they are not mutually exclusive. Rather, triumph over death is a perpetual struggle, always contingent on the impermanence of earthly comforts. In Recollection of the Flood, Blume promotes artistic and formal prowess as an existential pursuit, one that all at once wards off oblivion and remains forever fraught, as the ominous sky outside the window aptly reminds us.",https://assets.basta.app/accounts/4832eb18-f9a7-4c12-8295-871abe232696/images/3daf7c8d-f070-484a-900b-4db562dbddc4,https://freemansauction.com/auction/6507-american-art-and-pennsylvania-impressionism/lot/92,1.0,1967.0,1969.0,original,,
24edcdd8-3475-4f37-b4af-d63e12cd5006,Artwork,Freemans,6507,2026-06-07,Off Premises,American Art and Pennsylvania Impressionists,https://freemansauction.com/auctions/6507-american-art-and-pennsylvania-impressionism,Lot 94,USD,40000.0,60000.0,51200.0,40000.0,40000.0,60000.0,51200.0,40000.0,Charles Sheeler,1883,1965.0,Zinnias,drawing,gouache and pencil on paper,,10.0,15.0,in,yes,yes,yes,,"Daniel Gallery, New York, New York. Ferdinand Howald, New York and Columbus, Ohio, 1919. Columbus Museum of Art, Columbus, Ohio, a gift from the above, 1931. Private Collection, New York. Christie's, New York, Sale of December 7, 1984, Lot 326. Acquired directly from the above sale. Private Collection.","zinnias, vase, leaves, table, background, still life, flora, pink, red, orange",,,"Charles Sheeler 
(American, 1883-1965)
Zinnias, 1918
gouache and pencil on paper
signed Sheeler and dated (lower right)

15 x 10 in.
Provenance:Daniel Gallery, New York, New York.Ferdinand Howald, New York and Columbus, Ohio, 1919.Columbus Museum of Art, Columbus, Ohio, a gift from the above, 1931.Private Collection, New York.Christie's, New York, Sale of December 7, 1984, Lot 326.Acquired directly from the above sale.Private Collection.Exhibited: (Probably) New York, Gallery of Living Art, ""Opening Exhibition"", December 13, 1927 – January 25, 1928.(Probably) Columbus, Columbus Gallery of Fine Arts, ""Inaugural Exhibition"", January – February 1931, no. 218.(Probably) Dayton, Dayton Art Institute, ""Paintings by Charles Sheeler"", November – December 1944.(Probably) New York, American Federation of Arts; Dayton, Dayton Art Institute, ""Early Twentieth Century American Water Colors,"" September 1948 – May 1949.(Probably) New York, American Federation of Arts, ""Adventure in Collecting,"" October 1958 – October 1960, no. 39 (traveling to Wells College, Aurora; Andrew Dickson White Museum, Ithaca; Antioch College, Yellow Springs; Charles and Emma Frye Art Museum, Seattle; J.B. Speed Museum, Louisville; Time Life Reception Center, New York; Brooks Memorial Art Gallery, Memphis; Art Center, Miami Beach; John Jacob Astor House, Newport; Slater Memorial Museum, Norwich; Watkins Institute, Nashville; New Britain Museum of Art, New Britain; Quincy Art Club, Quincy; Georgia Technical Institute, Atlanta; Pensacola Art Center, Pensacola; Southwestern University, Georgetown; Art Gallery, Victoria; University of Oregon Museum of Art, Eugene; Tacoma Art League, Tacoma; Eastern Illinois University, Charleston).St. Petersburg, Museum of Fine Arts, ""The Howald Collection,"" April 19 – May 18, 1968.New York, Wildenstein & Co., Inc., ""The Ferdinand Howald Collection,"" May – July 1970.New York, Gerald Peters Gallery, ""Georgia O’Keeffe and Other Modernists,"" October 29 – December 18, 2009.Literature: L. Dochterman, The Stylistic Development of the Work of Charles Sheeler, vol. 1, Ph.D. dissertation, University of Iowa, pp. 27, 217, no. 18.069, illustrated.M. Tucker, American Paintings in the Ferdinand Howald Collection, Columbus, 1969, p. 102, no. 162.Constance Kimmerle, Elsie Driggs: The Quick and the Classical, exhibition catalogue, Philadelphia, 2008, p. 25, fig. 10, illustrated.Carol Troyen and Erica E. Hirshler, Charles Sheeler: Paintings and Drawings, exhibition catalogue, Boston, p. 70, fig. a, illustrated.Lot Note:Zinnias (1918) is an early work by seminal American Modernist Charles Sheeler, whose Precisionist and Realist architectural vistas of modern industrial America remain influential to this day. Here, Sheeler turns his attention to the domestic realm, already employing impeccable form and line towards impactful visual composition. The still life consists of a single object: the lean, elongated vase hosting the three zinnias soaring out of the vessel’s mouth, prolonging the sharp vertical axis that traverses the painting at its core, crossed in the lower half of the painting by the horizontal plane of the table against the backdrop. The minimalist, grid-like arrangement anticipates Sheeler’s sophisticated precisionist method, which in this case elevates the mundane to essential form. Yet, just as purity of form apparently dominates the crisp aesthetic, the lines and contours prove whimsical enough to imbue the still life with a playful texture. The high contrast between the vase and the background is slightly attenuated by the deeper tones of the vegetal subject, as well the stems’ capricious curves and the roundly shaped blooms and leaves, an exaggerated continuation of the sinuous outline of the vessel itself. In fact, its body’s verticality, while seemingly intact, is finally aborted as the eye follows the arcs formed by the two stems as they reach for conflicting directions, a visual slant that disrupts the neat, rigid structure previously observed.",https://assets.basta.app/accounts/4832eb18-f9a7-4c12-8295-871abe232696/images/ff12a792-d08d-4635-aed3-ff53d9e45067,https://freemansauction.com/auction/6507-american-art-and-pennsylvania-impressionism/lot/94,1.0,1918.0,1918.0,original,,
8f3c064c-254f-45fc-9a6d-d112237406ba,Artwork,Freemans,6507,2026-06-07,Philadelphia Warehouse,American Art and Pennsylvania Impressionists,https://freemansauction.com/auctions/6507-american-art-and-pennsylvania-impressionism,Lot 95,USD,40000.0,60000.0,51200.0,40000.0,40000.0,60000.0,51200.0,40000.0,Morgan Russell,1889,1953.0,Synchronized Abstraction,painting,oil on canvas,,6.625,9.75,in,no,yes,yes,,"Salander-O'Reilly Galleries Inc., New York, New York. Gerald Peters Gallery, New York, New York. Private Collection.","color, shapes, abstraction, blue, purple, pink, black, white, canvas, rhythm",,,"Morgan Russell
(American, 1889-1953)
Synchronized Abstraction, 1913
oil on canvas

9 3/4 x 6 5/8 in.
Provenance:Salander-O'Reilly Galleries Inc., New York, New York.Gerald Peters Gallery, New York, New York. Private Collection.Lot Note:Along with Stanton McDonald-Wright, Morgan Russell founded Synchromism around 1913, an aesthetic breakthrough that effectively launched abstraction as the purview of American Art. Though short-lived, it is a conceptual and formalist precursor to the Abstract Expressionist and Color Field movements of the mid-century. Giving preeminence to color and form as independent subjects, as opposed to mere conduits for expression, Synchromism establishes a literal approach to painting, one that makes the process an integral part of the visual output. In Synchronized Abstraction (1913), Russell demonstrates the primary tenet of Synchromism, which is to employ color to create space, not simply to fill it. In a manner reminiscent of a musical score, color, far from mere enhancement, endows the painting with rhythm and works as the guiding factor behind the composition. The palette presents neatly scaled hues that interact harmoniously, an organic and dynamic orchestration evincing a vivid emotional response from the viewer.",https://assets.basta.app/accounts/4832eb18-f9a7-4c12-8295-871abe232696/images/3e434011-23f1-453a-b543-6e21b0f7282d,https://freemansauction.com/auction/6507-american-art-and-pennsylvania-impressionism/lot/95,1.0,1913.0,1913.0,original,,
d7f9db9b-16d6-4855-876f-3ae0ae696b61,Artwork,Freemans,6507,2026-06-07,Off Premises,American Art and Pennsylvania Impressionists,https://freemansauction.com/auctions/6507-american-art-and-pennsylvania-impressionism,Lot 96,USD,60000.0,100000.0,70400.0,55000.0,60000.0,100000.0,70400.0,55000.0,Jamie Wyeth,1946,,Raven Pair - Portrait,mixed media,mixed media on board,,20.125,15.875,in,yes,yes,yes,,"James Graham & Sons, New York, New York. Acquired directly from the above. Private Collection, Pennsylvania.","ravens, birds, black, winter, snow, eyes, beaks, feathers, white backdrop, portrait",,,"Jamie Wyeth
(American, b. 1946)
Raven Pair - Portrait, 1998
mixed media on board
signed J. WYETH (lower left)

15 7/8 x 20 1/8 in. 
This work will be included in the database of the artist's work being compiled by the Wyeth Center at the William A. Farnsworth Museum, Rockland, Maine.Provenance:James Graham & Sons, New York, New York.Acquired directly from the above.Private Collection, Pennsylvania.Exhibited:Rockland, The Wyeth Center at the Farnsworth Art Museum, ""Gulls, Ravens and a Vulture: The Ornithological Paintings of James Wyeth,"" June 26 – October 10, 2005, p. 66, fig. 57, illustrated.Lot Note: Immensely indebted to the narrative art of his grandfather N. C. and the realist aesthetic of his father Andrew, Jamie Wyeth has nonetheless crafted a pictorial language wholly his own, one that renders the world around him not simply as it appears but reaches its primal core with an eerily disquieting effect. For Raven Pair (1998), Wyeth was likely inspired by the January 1998 snowstorm that blanketed Maine, his long-time home state, bringing the area to a standstill. The work consists of two black birds occupying the lower half of the composition, as if slowly but confidently passing through, against a uniform icy white backdrop. The birds are portrayed half-length, showcasing their long, sharp beaks, intensely alert eyes, and scapular feathers, their wings rendered shoulder-like. The ravens look determined as they seem to march across the canvas, as if on a mysterious quest, unfazed by the bitter cold around them. As they are subtly anthropomorphized, unsettling elements seep through the apparent realism. The haunting atmosphere of the scene is also conveyed by the stark contrast between the bright, abstract wintry conditions and the dark, detailed bodies of the birds. The work is shrouded in a sense of brooding and foreboding, an ominous feeling typically associated with the figure of the raven. The birds’ stance, at once avian-like and uncannily human, commands the composition, compelling the viewer into an all-absorbing interaction with nature, abolishing the familiar distance between the observed and the observer.",https://assets.basta.app/accounts/4832eb18-f9a7-4c12-8295-871abe232696/images/1302a576-2205-419b-b6e1-0df7e2d6b114,https://freemansauction.com/auction/6507-american-art-and-pennsylvania-impressionism/lot/96,1.0,1998.0,1998.0,original,,
6fc3bcab-4fa8-4efc-b19c-33880fc4865a,Artwork,Freemans,6507,2026-06-07,Off Premises,American Art and Pennsylvania Impressionists,https://freemansauction.com/auctions/6507-american-art-and-pennsylvania-impressionism,Lot 97,USD,2500.0,4000.0,3520.0,2750.0,2500.0,4000.0,3520.0,2750.0,Charles Burchfield,1893,1967.0,Skunk Cabbage,drawing,pencil and conté crayon on paper,,15.75,10.875,in,no,yes,yes,,"Sid Deutsch Gallery, Inc., New York, New York. Acquired directly from the above, 1978. Private Collection, New York. By descent to the present owner.","skunk cabbage, water, trees, flower, pond, reflection, hills, shoreline, reeds, landscape",,,"Charles Burchfield
(American, 1893-1967)
Skunk Cabbage, 1950
pencil and conté crayon on paper
monogrammed WEB and dated (lower center left)

10 7/8 x 15 3/4 in.

Property from a Private Delaware CollectionWe wish to thank The Burchfield Penney Art Center, Buffalo, New York, for their kind assistance in cataloguing this work.Provenance:Sid Deutsch Gallery, Inc., New York, New York.Acquired directly from the above, 1978.Private Collection, New York.By descent to the present owner.Exhibited:(Possibly) New York, Sid Deutsch Gallery, November 2 – 20, 1977 (as Skunk Cabbage).",https://assets.basta.app/accounts/4832eb18-f9a7-4c12-8295-871abe232696/images/1b9b8fc7-7e6e-4089-859f-36aa05ec51bf,https://freemansauction.com/auction/6507-american-art-and-pennsylvania-impressionism/lot/97,1.0,1950.0,1950.0,original,,
7b0c79a9-9245-4464-a322-be4d2dd2fe28,Artwork,Freemans,6507,2026-06-07,Off Premises,American Art and Pennsylvania Impressionists,https://freemansauction.com/auctions/6507-american-art-and-pennsylvania-impressionism,Lot 98,USD,8000.0,12000.0,17920.0,14000.0,8000.0,12000.0,17920.0,14000.0,Paul Cadmus,1904,1999.0,Enzo #2,drawing,watercolor and pencil on paper,,9.5,12.5,in,yes,yes,yes,,"Collection of Mr. and Mrs. Jared French. Paul Cadmus and Jon Anderson, c. 1998. DC Moore Gallery, New York, New York. Acquired directly from the above, 2005.","male portrait, face, reclining figure, pencil drawing, watercolor, closed eyes, light shading, detailed hair, shirt collar, neutral background",,,"Paul Cadmus
(American, 1904-1999)
Enzo #2, 1951
watercolor and pencil on paper
signed Cadmus (lower right)

12 1/2 x 9 1/2 in.

Property from a Private Collection, Oak Park, IllinoisProvenance:Collection of Mr. and Mrs. Jared French.Paul Cadmus and Jon Anderson, c. 1998.DC Moore Gallery, New York, New York.Acquired directly from the above, 2005.Exhibited:New York, DC Moore Gallery, ""Paul Cadmus: 90 Years of Drawing,"" May 5-Jun 19, 1998.New Orleans, Arthur Roger Gallery, ""Paul Cadmus,"" January 10 – February 22, 2004.Literature:Una Johnson, ""Paul Cadmus/Prints and Drawings,"" The Brooklyn Museum, 1968. p. 18, no. 40, illustrated.Guy Davenport, ""The Drawings of Paul Cadmus"" New York, 1989, p. 51, illustrated.",https://assets.basta.app/accounts/4832eb18-f9a7-4c12-8295-871abe232696/images/e38070bc-6a7f-45c7-9160-849295be3a98,https://freemansauction.com/auction/6507-american-art-and-pennsylvania-impressionism/lot/98,1.0,1951.0,1951.0,original,,
f4641327-335b-420b-aee0-173469b546f3,Artwork,Freemans,6507,2026-06-07,Off Premises,American Art and Pennsylvania Impressionists,https://freemansauction.com/auctions/6507-american-art-and-pennsylvania-impressionism,Lot 99,USD,2000.0,3000.0,3200.0,2500.0,2000.0,3000.0,3200.0,2500.0,Elsie Driggs,1898,1992.0,Spinning Stones,mixed media,"pastel, watercolor, collage and pencil on paper mounted to board",,36.0,23.75,in,yes,no,yes,,"The Artist. Estate of the Artist. Acquired directly from the above. Private Collection, New Jersey.","figures, stripes, collage, colorful, abstract, mixed media, shapes, lines, textured forms, watercolors",,,"Elsie Driggs
(American, 1898-1992)
Spinning Stones
pastel, watercolor, collage and pencil on paper mounted to board
signed Driggs (lower right); titled and inscribed with artist's name (on label affixed to backing board)

23 3/4 x 36 in.
Provenance:The Artist.Estate of the Artist.Acquired directly from the above.Private Collection, New Jersey.Lot Note:Following her 1935 marriage to abstract painter Lee Gatch and the subsequent birth of their daughter, Merriman, Elsie Driggs underwent an artistic and lifestyle shift during the 1940s in Lambertville, New Jersey. Subordinating her career as a pioneering female Precisionist to nurture her family and support her husband's professional life, Driggs found herself working amid reduced circumstances in a house that initially lacked running water. Despite domestic pressures and a primitive setting, the stark, industrial oil paintings of her youth gave way to intimate watercolors and an exploration of the collage technique. In her ""cut and paste"" approach, arguably employed to its greatest effect in Lambertville (and in the present lot), Driggs utilized mixed-media overlays to piece together whimsical, texturally complex forms. This innovative work not only mirrored the fractured, resource-strained realities of wartime domesticity but also established an artistic dialogue with Gatch's developing abstraction, marking a significant turning point in her career.",https://assets.basta.app/accounts/4832eb18-f9a7-4c12-8295-871abe232696/images/9f1586c3-3992-49ef-869d-a36c50cf23b4,https://freemansauction.com/auction/6507-american-art-and-pennsylvania-impressionism/lot/99,1.0,1898.0,1935.0,original,,
f0448aec-1172-40f9-8e70-0857e2b0c1a2,Artwork,Freemans,6507,2026-06-07,Off Premises,American Art and Pennsylvania Impressionists,https://freemansauction.com/auctions/6507-american-art-and-pennsylvania-impressionism,Lot 100,USD,12000.0,18000.0,21760.0,17000.0,12000.0,18000.0,21760.0,17000.0,Milton Avery,1885,1965.0,Untitled (Black Horse),painting,oil on board,,13.25,7.375,in,yes,yes,yes,,"Rudolph Galleries, Woodstock, New York and Coral Gables, Florida. Thomaston Place Auction Galleries, Thomaston, Maine, sale of August 26, 2018, lot 20. Private Collection, New York, acquired directly from the above sale.","horse, rider, brown background, motion, abstract shapes, figure, oil paint, 1956, vivid colors, animal",,,"Milton Avery
(American, 1885-1965)
Untitled (Black Horse), 1956
oil on board
signed Milton Avery (lower right) and dated (lower left)

7 3/8 x 13 1/4 in.
This lot is accompanied by a letter from The Milton and Sally Avery Arts Foundation, New York, New York.Provenance:Rudolph Galleries, Woodstock, New York and Coral Gables, Florida.Thomaston Place Auction Galleries, Thomaston, Maine, sale of August 26, 2018, lot 20.Private Collection, New York, acquired directly from the above sale.",https://assets.basta.app/accounts/4832eb18-f9a7-4c12-8295-871abe232696/images/bbb82c73-e905-44f1-a4bf-a263bd6f7171,https://freemansauction.com/auction/6507-american-art-and-pennsylvania-impressionism/lot/100,1.0,1956.0,1956.0,original,,
71ed7c9c-0192-4907-bc0b-000dd87d32ce,Artwork,Freemans,6507,2026-06-07,New York,American Art and Pennsylvania Impressionists,https://freemansauction.com/auctions/6507-american-art-and-pennsylvania-impressionism,Lot 101,USD,10000.0,15000.0,,,10000.0,15000.0,,,Milton Avery,1885,1965.0,Untitled (Nude with Fan),mixed media,"mixed media, flobrush, and oil crayon on paperboard",,15.5,18.5,in,yes,yes,yes,,"(Possibly) Rudolph Galleries, Woodstock, New York and Coral Gables, Florida.
Private Collection, New York.","nude, woman, fan, back, profile, orange, pink, paperboard, 1957, drawing",,,"Milton Avery
(American, 1885-1965)
Untitled (Nude with Fan), 1957
mixed media, flobrush, and oil crayon on paperboard
signed Milton Avery and dated (lower left)

18 1/2 x 15 1/2 in.
This lot is accompanied by a letter from The Milton and Sally Avery Arts Foundation, New York, New York.Provenance:(Possibly) Rudolph Galleries, Woodstock, New York and Coral Gables, Florida.Private Collection, New York.",https://assets.basta.app/accounts/4832eb18-f9a7-4c12-8295-871abe232696/images/98e9c4be-39fb-4386-9c7a-b07466bd265e,https://freemansauction.com/auction/6507-american-art-and-pennsylvania-impressionism/lot/101,1.0,1957.0,1957.0,original,,
976a96cd-bc18-47b8-ba38-3e8a6a3ca250,Artwork,Freemans,6507,2026-06-07,Off Premises,American Art and Pennsylvania Impressionists,https://freemansauction.com/auctions/6507-american-art-and-pennsylvania-impressionism,Lot 102,USD,10000.0,15000.0,19200.0,15000.0,10000.0,15000.0,19200.0,15000.0,Milton Avery,1885,1965.0,Diving Platform,painting,oil on board,,8.5,4.5,in,yes,yes,yes,,"(Possibly) Rudolph Galleries, Woodstock, New York and Coral Gables, Florida.
Private Collection, New York.","diving platform, figures, water, reflection, evening sky",,,"Milton Avery
(American, 1885-1965)
Diving Platform, 1955
oil on board
signed Milton Avery and dated (lower left)

4 1/2 x 8 1/2 in.
This lot is accompanied by a letter from The Milton and Sally Avery Arts Foundation, New York, New York.Provenance:(Possibly) Rudolph Galleries, Woodstock, New York and Coral Gables, Florida.Private Collection, New York.",https://assets.basta.app/accounts/4832eb18-f9a7-4c12-8295-871abe232696/images/0e58caf4-30ac-46d4-bd00-db80e162cb73,https://freemansauction.com/auction/6507-american-art-and-pennsylvania-impressionism/lot/102,1.0,1955.0,1955.0,original,,
1ce19f6f-0486-4e8a-8439-7d97a49cf3a3,Artwork,Freemans,6507,2026-06-07,Off Premises,American Art and Pennsylvania Impressionists,https://freemansauction.com/auctions/6507-american-art-and-pennsylvania-impressionism,Lot 103,USD,8000.0,12000.0,28800.0,22500.0,8000.0,12000.0,28800.0,22500.0,Doris Lee,1905,1983.0,Ribbon Dance,painting,oil on canvas,,45.5,49.5,in,yes,yes,yes,,"The Artist. Estate of the Artist. Private Collection, New York.","dancers, abstract figures, red arcs, blue circle, brown background, costumes, movement, shapes, silhouettes, performance",,,"Doris Lee
(American, 1905-1983)
Ribbon Dance, c. 1960
oil on canvas
signed Doris Lee (lower left)

49 1/2 x 45 1/2 in.
Provenance:The Artist.Estate of the Artist.Private Collection, New York.",https://assets.basta.app/accounts/4832eb18-f9a7-4c12-8295-871abe232696/images/97ddbdbf-6c05-4a78-ac0a-b1c9c5bd69d4,https://freemansauction.com/auction/6507-american-art-and-pennsylvania-impressionism/lot/103,1.0,1960.0,1969.0,original,,
1ffd7138-aead-442a-b143-0cba9fa1d014,Artwork,Freemans,6507,2026-06-07,Off Premises,American Art and Pennsylvania Impressionists,https://freemansauction.com/auctions/6507-american-art-and-pennsylvania-impressionism,Lot 104,USD,3000.0,5000.0,21760.0,17000.0,3000.0,5000.0,21760.0,17000.0,John Storrs,1885,1956.0,Abstract IV,painting,oil on board,,12.0,18.0,in,yes,yes,yes,,"The Artist. Downtown Gallery, New York, New York. Private Collection. Robert Schoelkopf Gallery, Ltd., New York, New York. Acquired directly from the above, June 1988. Private Collection, New York.","abstract, shapes, colors, forms, geometric, blue, white, orange, teal, brown",,,"John Storrs
(American, 1885-1956)
Abstract IV, 1934
oil on board
signed STORRS (lower left); initialed J. S. and dated (on the reverse)

18 x 12 in.
Provenance:The Artist.Downtown Gallery, New York, New York.Private Collection.Robert Schoelkopf Gallery, Ltd., New York, New York.Acquired directly from the above, June 1988.Private Collection, New York.",https://assets.basta.app/accounts/4832eb18-f9a7-4c12-8295-871abe232696/images/714bf31a-a31c-47b7-b51b-5fcd6f81a99f,https://freemansauction.com/auction/6507-american-art-and-pennsylvania-impressionism/lot/104,1.0,1934.0,1934.0,original,,
016fec04-648e-4b26-90db-dd8fee8d8081,Artwork,Freemans,6507,2026-06-07,Off Premises,American Art and Pennsylvania Impressionists,https://freemansauction.com/auctions/6507-american-art-and-pennsylvania-impressionism,Lot 105,USD,20000.0,30000.0,60800.0,47500.0,20000.0,30000.0,60800.0,47500.0,Lynne Drexler,1928,1999.0,Blue Swirl,painting,oil on canvas,,20.0,30.0,in,yes,yes,yes,,"Private Collection, Virginia.","pitcher, flowers, fruit, beads, blue background, yellow, orange, red, green leaves, patterns",,,"Lynne Drexler
(American, 1928-1999)
Blue Swirl, 1991
oil on canvas
signed Lynne Drexler, titled, and dated (on the reverse)

30 x 20 in.
Provenance:Private Collection, Virginia.",https://assets.basta.app/accounts/4832eb18-f9a7-4c12-8295-871abe232696/images/4ef4de2f-b6f2-41e9-8b48-6eeec7932ad9,https://freemansauction.com/auction/6507-american-art-and-pennsylvania-impressionism/lot/105,1.0,1991.0,1991.0,original,,
8333771c-e8ef-46f2-b607-bcdb1d0ede16,Artwork,Freemans,6507,2026-06-07,Off Premises,American Art and Pennsylvania Impressionists,https://freemansauction.com/auctions/6507-american-art-and-pennsylvania-impressionism,Lot 106,USD,2000.0,3000.0,3200.0,2500.0,2000.0,3000.0,3200.0,2500.0,Amos Ferguson,1920,2009.0,Untitled,painting,enamel on paperboard,,9.0,12.75,in,yes,yes,no,,"Galerie Bonheur, St. Louis, Missouri. Private Collection, Colorado.","three figures, women, yellow dress, green patterns, brown skin, black hair, blue background",,,"Amos Ferguson
(Bahamian, 1920-2009)
Untitled, 1966
enamel on paperboard
signed with initials A. F. and dated 2..66 (lower left)

12 3/4 x 9 in.
Provenance:Galerie Bonheur, St. Louis, Missouri.Private Collection, Colorado.",https://assets.basta.app/accounts/4832eb18-f9a7-4c12-8295-871abe232696/images/a8672047-8c81-484a-911e-25edcfb86055,https://freemansauction.com/auction/6507-american-art-and-pennsylvania-impressionism/lot/106,1.0,1966.0,1966.0,original,,
681dc1f3-b389-486b-99d4-ef44c8cd5045,Artwork,Freemans,6507,2026-06-07,Off Premises,American Art and Pennsylvania Impressionists,https://freemansauction.com/auctions/6507-american-art-and-pennsylvania-impressionism,Lot 107,USD,15000.0,25000.0,64000.0,50000.0,15000.0,25000.0,64000.0,50000.0,Orville Bulman,1904,1978.0,Tiene,painting,oil on canvas,,30.0,16.0,in,yes,yes,yes,,"Hammer Galleries, New York, New York. Private Estate, New York. Acquired directly from the above. Private Collection, New York.","boat, figures, women, umbrellas, tiger, child, fish, ocean, colors, water",,,"Orville Bulman 
(American, 1904-1978)
Tiene, 1973
oil on canvas
signed Bulman (lower left); also signed, titled, and dated, with Hammer Galleries stamp and inventory number (on the reverse and stretcher)

16 x 30 in.
Provenance:Hammer Galleries, New York, New York.Private Estate, New York.Acquired directly from the above.Private Collection, New York.",https://assets.basta.app/accounts/4832eb18-f9a7-4c12-8295-871abe232696/images/b235a4c3-9c49-4942-a8e4-31ec7943c51f,https://freemansauction.com/auction/6507-american-art-and-pennsylvania-impressionism/lot/107,1.0,1973.0,1973.0,original,,
20597fc8-7811-4b08-aee0-5c0988d6f490,Artwork,Freemans,6507,2026-06-07,Off Premises,American Art and Pennsylvania Impressionists,https://freemansauction.com/auctions/6507-american-art-and-pennsylvania-impressionism,Lot 108,USD,2000.0,3000.0,1792.0,1400.0,2000.0,3000.0,1792.0,1400.0,Amos Ferguson,1920,2009.0,Untitled,painting,enamel on paperboard,,9.0,12.75,in,yes,yes,no,,"(Probably) Galerie Bonheur, St. Louis, Missouri.
Private Collection, Colorado.","three women, green dress, black hair, polka dot background, pearls",,,"Amos Ferguson
(Bahamian, 1920-2009)
Untitled, c. 1960s
enamel on paperboard
signed with initials A. F. (lower right)

12 3/4 x 9 in.
Provenance:(Probably) Galerie Bonheur, St. Louis, Missouri.Private Collection, Colorado.",https://assets.basta.app/accounts/4832eb18-f9a7-4c12-8295-871abe232696/images/b5893adc-6a6b-49e4-b635-a00f6292a415,https://freemansauction.com/auction/6507-american-art-and-pennsylvania-impressionism/lot/108,1.0,1960.0,1969.0,original,,
1f64e88f-3f78-47d1-bd4e-ad31b5f590ac,Artwork,Freemans,6507,2026-06-07,Off Premises,American Art and Pennsylvania Impressionists,https://freemansauction.com/auctions/6507-american-art-and-pennsylvania-impressionism,Lot 109,USD,4000.0,6000.0,8320.0,6500.0,4000.0,6000.0,8320.0,6500.0,Fred Wagner,1861,1940.0,"The Waterfront, New York",painting,oil on canvas,,30.0,25.0,in,yes,yes,yes,,"R. H. Love Galleries, Chicago, Illinois. Acquired directly from the above. Private Collection, Illinois.","waterfront, New York, buildings, boats, snow, ice, sky, clouds, water, cityscape",,,"Fred Wagner
(American, 1861-1940)
The Waterfront, New York
oil on canvas 
signed F. WAGNER (lower right)

25 x 30 in.
Provenance:R. H. Love Galleries, Chicago, Illinois.Acquired directly from the above.Private Collection, Illinois.Exhibited:Chicago, R. H. Love Galleries, ""American Winter Scenes of Yesteryear,"" December 14, 1996 - February 8, 1997.",https://assets.basta.app/accounts/4832eb18-f9a7-4c12-8295-871abe232696/images/58aa2ead-317d-481a-8b12-4644b4b36556,https://freemansauction.com/auction/6507-american-art-and-pennsylvania-impressionism/lot/109,1.0,1901.0,2000.0,original,,
97735c85-8d6f-4c28-898f-7b11ea1fbb0c,Artwork,Freemans,6507,2026-06-07,Off Premises,American Art and Pennsylvania Impressionists,https://freemansauction.com/auctions/6507-american-art-and-pennsylvania-impressionism,Lot 110,USD,80000.0,120000.0,,,80000.0,120000.0,,,Edward Willis Redfield,1869,1965.0,The End of the Island,painting,oil on canvas,,32.0,26.0,in,yes,yes,yes,,"Richard Stuart Gallery, Pipersville, Pennsylvania. Private Collection, Pennsylvania.","river, snow, trees, landscape, water, winter, brush, ice, bank, hill",,,"Edward Willis Redfield
(American, 1869-1965)
The End of the Island, c. 1920
oil on canvas
signed E. W. REDFIELD. (lower left); also signed and titled (stretcher) 

26 x 32 in.
The present lot will be included in the forthcoming catalogue raisonné of Edward Redfield's work being compiled by Dr. Thomas Folk.Provenance:Richard Stuart Gallery, Pipersville, Pennsylvania.Private Collection, Pennsylvania.Literature:James M. Altermann, New Hope for American Art, Lambertville, 2005, illustrated.",https://assets.basta.app/accounts/4832eb18-f9a7-4c12-8295-871abe232696/images/d0d82af6-39d2-4cb6-ba1f-77bc85809375,https://freemansauction.com/auction/6507-american-art-and-pennsylvania-impressionism/lot/110,1.0,1920.0,1920.0,original,,
49729f7c-f1fe-42a7-9dcf-90e970997c4a,Artwork,Freemans,6507,2026-06-07,Off Premises,American Art and Pennsylvania Impressionists,https://freemansauction.com/auctions/6507-american-art-and-pennsylvania-impressionism,Lot 111,USD,5000.0,8000.0,3840.0,3000.0,5000.0,8000.0,3840.0,3000.0,Arthur Meltzer,1893,1989.0,Once a Barn,painting,oil on canvas,,24.0,20.0,in,yes,yes,yes,,"The Artist. Acquired directly from the above. Private Collection, Pennsylvania. James D. Julia, Inc., Fairfield, Sale of August 24, 2016, Lot 1183. Acquired directly from the above sale.","barn, landscape, winter, snow, trees, stone wall, fields, hills, leaves, sky",,,"Arthur Meltzer
(American, 1893-1989)
Once a Barn
oil on canvas
signed Arthur Meltzer (lower left); descriptive label signed by the artist (affixed to the reverse)

20 x 24 in.

Property from a Private Collection, Philadelphia, PennsylvaniaHoused in its original Arthur Meltzer-designed frame.Provenance:The Artist.Acquired directly from the above.Private Collection, Pennsylvania.James D. Julia, Inc., Fairfield, Sale of August 24, 2016, Lot 1183.Acquired directly from the above sale.",https://assets.basta.app/accounts/4832eb18-f9a7-4c12-8295-871abe232696/images/5e9691e0-f23d-4921-94ee-0abc25160a25,https://freemansauction.com/auction/6507-american-art-and-pennsylvania-impressionism/lot/111,1.0,1901.0,2000.0,original,,
af8a8b6e-8fe9-4033-9e49-bb9b845a3ee7,Artwork,Freemans,6507,2026-06-07,Off Premises,American Art and Pennsylvania Impressionists,https://freemansauction.com/auctions/6507-american-art-and-pennsylvania-impressionism,Lot 112,USD,4000.0,6000.0,6400.0,5000.0,4000.0,6000.0,6400.0,5000.0,Walter Emerson Baum,1884,1956.0,"Winter, Pennsylvania",painting,oil on canvas,,30.0,25.0,in,yes,yes,yes,,"Dr. James Weres, Coplay, Pennsylvania. Private Collection, Georgia.","winter, landscape, snow, trees, houses, water, blue sky, orange roof, white snow, rural",,,"Walter Emerson Baum
(American, 1884-1956)
Winter, Pennsylvania
oil on canvas
signed W E BAUM (lower left)

25 x 30 in.
Provenance:Dr. James Weres, Coplay, Pennsylvania.Private Collection, Georgia.Exhibited:St. Augustine, St. Augustine Art Association, n.d.",https://assets.basta.app/accounts/4832eb18-f9a7-4c12-8295-871abe232696/images/86dcd8f5-3905-4689-845b-a456a534f544,https://freemansauction.com/auction/6507-american-art-and-pennsylvania-impressionism/lot/112,1.0,1901.0,2000.0,original,,
ab89f608-c298-4f47-bc50-c3bb10222999,Artwork,Freemans,6507,2026-06-07,Off Premises,American Art and Pennsylvania Impressionists,https://freemansauction.com/auctions/6507-american-art-and-pennsylvania-impressionism,Lot 113,USD,40000.0,60000.0,76800.0,60000.0,40000.0,60000.0,76800.0,60000.0,Walter Emerson Baum,1884,1956.0,Late Afternoon,painting,oil on canvas,,40.0,32.0,in,yes,yes,yes,,"Jim Bishop Auction, Belvidere, New Jersey, c. 1978. Acquired directly from the above sale. Angela Gross Folk, New Jersey. The Estate of Angela Gross Folk, New Jersey. By descent to the present owner, New Jersey.","winter landscape, houses, river, snow, trees, path, figure, hills, blue sky, village",,,"Walter Emerson Baum
(American, 1884-1956)
Late Afternoon, 1933
oil on canvas
signed W. E. Baum and dated (lower right)

32 x 40 in.
Provenance:Jim Bishop Auction, Belvidere, New Jersey, c. 1978.Acquired directly from the above sale.Angela Gross Folk, New Jersey.The Estate of Angela Gross Folk, New Jersey.By descent to the present owner, New Jersey.Exhibited:Allentown, Allentown Art Museum, ""The Pennsylvania School of Landscape Painting,"" September 16 – November 26, 1984 (traveling to the Corcoran Gallery, Washington, D.C.; Westmoreland Museum of Art, Greensburg; and the Brandywine Museum of Art, Doylestown).Literature:Thomas C. Folk, The Pennsylvania School of Landscape Painting: An Original American Impressionism, exhibition catalogue, Allentown, p. xxxii, pl. 20, illustrated.Martha Young Hutson-Saxton, Walter Emerson Baum 1884-1956, Souderton, 1996, p. 73, Illustrated.Thomas C. Folk, The Pennsylvania Impressionists, with a Forward by James A. Michener, Cranbury, 1997, pl. 42, illustrated.Lot Note:Late Afternoon (1933), a visual combination of local color with a breathtaking sense of wilderness, is arguably one of Walter Baum’s most accomplished winter scenes. The artist’s painterly rendition, recalling the bravado of Edward Redfield with its fast, muscly brushwork, endows the scene with texture and depth, the heavy snow and tumultuous flow of the river almost palpable. The painting is structured around the vertical line formed by the path and, further, the body of water, which leads the gaze up towards the far-reaching horizon, intersecting, in the middle tier of the composition, with the sprawling wooded hills as they spread horizontally beyond and over the hamlet, emphasizing the locus of community, the focal point of the painting.In Late Afternoon, the local is embedded within the vastness of the landscape. The lone figure, treading along a snowy path that cuts through his village but continues on towards the winding river and the confines of the broader Bucks County countryside, anchors the sweeping pictorial narrative of the land in the realm of the familiar. Similarly, the detailed stone façade on the right side of the composition compels the eye to dwell, as it contrasts with the fuzzy, homogenous mass of the forests in the middle ground, conveying the charm and comfort of the community, even as the wide expanse surrounding it suggests its remoteness. Fittingly, the painting initially belonged to esteemed collector, Angela Gross Folk, and was one of her very first fine art acquisitions. Angela long championed Baum along with all of the Pennsylvania Impressionists and proved instrumental, through her collecting, in giving the group their identity as a cohesive school of painting. She appreciated the deep attachment to the region and affection for the locales of Bucks County that bound all of these artists together, despite their varying approaches to aesthetics. Married to Dr. Gross, whom she met working as his medical stenographer for a number of years in Hoboken, NJ, the couple eventually relocated to Bernardsville, NJ, where they began attending auctions and house sales. Quickly, they acquired several artworks, including the present lot, with intention and a keen eye for underappreciated masterpieces by regional painters.",https://assets.basta.app/accounts/4832eb18-f9a7-4c12-8295-871abe232696/images/79eff7a5-d40c-4804-a5d9-9f8b267613d9,https://freemansauction.com/auction/6507-american-art-and-pennsylvania-impressionism/lot/113,1.0,1933.0,1933.0,original,,
e515a530-7418-48b5-9434-98bd771b6486,Artwork,Freemans,6507,2026-06-07,Philadelphia Warehouse,American Art and Pennsylvania Impressionists,https://freemansauction.com/auctions/6507-american-art-and-pennsylvania-impressionism,Lot 114,USD,8000.0,12000.0,6400.0,5000.0,8000.0,12000.0,6400.0,5000.0,Roy Cleveland Nuse,1885,1975.0,Winter Village,painting,oil on canvas,,22.0,20.0,in,yes,yes,yes,,"The Artist. By descent to the present owner, Pennsylvania.","village, winter, snow, trees, houses, landscape, sky, hills, foreground, icy",,,"Roy Cleveland Nuse 
(American, 1885-1975)
Winter Village, 1942
oil on canvas
signed with conjoined initials RN and dated (lower left)

20 x 22 in.
Provenance:The Artist.By descent to the present owner, Pennsylvania.",https://assets.basta.app/accounts/4832eb18-f9a7-4c12-8295-871abe232696/images/2451a953-da6b-4a25-a892-7cefb318715e,https://freemansauction.com/auction/6507-american-art-and-pennsylvania-impressionism/lot/114,1.0,1942.0,1942.0,original,,
cce47a41-70ef-42f7-928b-6a7e1b653945,Artwork,Freemans,6507,2026-06-07,Off Premises,American Art and Pennsylvania Impressionists,https://freemansauction.com/auctions/6507-american-art-and-pennsylvania-impressionism,Lot 115,USD,8000.0,12000.0,12160.0,9500.0,8000.0,12000.0,12160.0,9500.0,Roy Cleveland Nuse,1885,1975.0,In the Garden,painting,oil on board,,15.75,20.0,in,yes,yes,yes,,"The Artist. By descent to the present owner, Pennsylvania.","children, garden, flowers, girl, boy, red dress, yellow dress, green grass, spring, plants",,,"Roy Cleveland Nuse
(American, 1885-1975)
In the Garden, 1925
oil on board
signed Nuse and dated (lower right)

20 x 15 3/4 in.
Provenance:The Artist.By descent to the present owner, Pennsylvania.",https://assets.basta.app/accounts/4832eb18-f9a7-4c12-8295-871abe232696/images/aa7a64a0-a7fc-4483-af27-f4a0d51d7e68,https://freemansauction.com/auction/6507-american-art-and-pennsylvania-impressionism/lot/115,1.0,1925.0,1925.0,original,,
04eb4b20-8757-4481-8a6d-7f9159158cb8,Artwork,Freemans,6507,2026-06-07,Off Premises,American Art and Pennsylvania Impressionists,https://freemansauction.com/auctions/6507-american-art-and-pennsylvania-impressionism,Lot 116,USD,5000.0,8000.0,8960.0,7000.0,5000.0,8000.0,8960.0,7000.0,Harry Leith-Ross,1886,1973.0,The Wittenburg,painting,oil on canvas laid to board,,15.5,12.0,in,yes,yes,yes,,"Private Collection, Ontario, Canada.","landscape, mountains, houses, trees, grass, fields, sky, red barns, winter, rural",,,"Harry Leith-Ross
(American, 1886-1973)
The Wittenburg
oil on canvas laid to board
signed Leith Ross (lower right); also titled and inscribed H. Leith-Ross / Woodstock / Ulster County / N.Y. (on the reverse)

12 x 15 1/2 in.
Provenance:Private Collection, Ontario, Canada.",https://assets.basta.app/accounts/4832eb18-f9a7-4c12-8295-871abe232696/images/471e8214-70ac-407b-8e79-f0ae7691e117,https://freemansauction.com/auction/6507-american-art-and-pennsylvania-impressionism/lot/116,1.0,1901.0,2000.0,original,,
60eedf4a-b2fd-4beb-ac17-8dc266585fb5,Artwork,Freemans,6507,2026-06-07,Off Premises,American Art and Pennsylvania Impressionists,https://freemansauction.com/auctions/6507-american-art-and-pennsylvania-impressionism,Lot 117,USD,3000.0,5000.0,10880.0,8500.0,3000.0,5000.0,10880.0,8500.0,Harry Leith-Ross,1886,1973.0,"Art Students League Summer School, Woodstock, New York",painting,oil on board,,10.25,8.25,in,yes,yes,yes,,"Private Collection, California.","tree, people, landscape, umbrellas, fields, mountains, clouds, grass, shadows, sunlight",,,"Harry Leith-Ross
(American, 1886-1973)
Art Students League Summer School, Woodstock, New York, 1916
oil on board
signed Leith-Ross (lower right); also titled, dated, and inscribed with artist's name (on the reverse)

8 1/4 x 10 1/4 in. 
Provenance:Private Collection, California.",https://assets.basta.app/accounts/4832eb18-f9a7-4c12-8295-871abe232696/images/9c235a14-2b66-4f3d-a613-6c9ecfcf428a,https://freemansauction.com/auction/6507-american-art-and-pennsylvania-impressionism/lot/117,1.0,1916.0,1916.0,original,,
c58a2a5e-154c-4389-a4a4-4ab658c9b504,Artwork,Freemans,6507,2026-06-07,Off Premises,American Art and Pennsylvania Impressionists,https://freemansauction.com/auctions/6507-american-art-and-pennsylvania-impressionism,Lot 118,USD,10000.0,15000.0,8960.0,7000.0,10000.0,15000.0,8960.0,7000.0,Kenneth R. Nunamaker,1890,1957.0,November,painting,oil on canvasboard,,19.75,15.75,in,yes,yes,yes,,"Newman Galleries, Philadelphia, Pennsylvania. Acquired directly from the above. Private Collection, Massachusetts.","buildings, trees, autumn, landscape, yellow, orange, blue, architecture, rural, nature",,,"Kenneth R. Nunamaker
(American, 1890-1957)
November
oil on canvasboard
signed K. NUNAMAKER (lower right); also signed and titled (on the reverse)

15 3/4 x 19 3/4 in. 
Provenance:Newman Galleries, Philadelphia, Pennsylvania.Acquired directly from the above.Private Collection, Massachusetts.",https://assets.basta.app/accounts/4832eb18-f9a7-4c12-8295-871abe232696/images/7120b5d3-41a8-4f5e-a741-a47f042f99cb,https://freemansauction.com/auction/6507-american-art-and-pennsylvania-impressionism/lot/118,1.0,1901.0,2000.0,original,,
d560e60b-2d83-4a10-80db-b9ec86cce03c,Artwork,Freemans,6507,2026-06-07,Off Premises,American Art and Pennsylvania Impressionists,https://freemansauction.com/auctions/6507-american-art-and-pennsylvania-impressionism,Lot 119,USD,100000.0,150000.0,166400.0,130000.0,100000.0,150000.0,166400.0,130000.0,Edward Willis Redfield,1869,1965.0,"Overlooking Soho, Pittsburgh",painting,oil on canvas,,32.0,26.0,in,yes,yes,yes,,"The Artist. Estate of the Artist. Private Collection, Pittsburgh, Pennsylvania, by 1975. By descent to the present owner, New York.","tenements, urban landscape, dirt, wooden houses, log pile, dirt mounts, plank path, skyline, pollution, figures",,,"Edward Willis Redfield
(American, 1869-1965)
Overlooking Soho, Pittsburgh, 1918
oil on canvas
signed E. W. REDFIELD (lower right); also titled, signed, and dated (upper stretcher)

26 x 32 in.
The present lot will be included in the forthcoming catalogue raisonné of Edward Redfield's work being compiled by Dr. Thomas Folk.Provenance:The Artist.Estate of the Artist.Private Collection, Pittsburgh, Pennsylvania, by 1975.By descent to the present owner, New York.Exhibited:Washington, D.C., The Corcoran Gallery of Art, ""Exhibition of Paintings by Edward W. Redfield and Edmund C. Tarbell,"" April 25 – May 21, 1918.Lincoln, The Nebraska Art Association (University of Nebraska Art Gallery), ""Edward Redfield,"" March 1919.Philadelphia, Newman Galleries, ""Edward Redfield: A Retrospective,"" October 23 – November 30, 1968.Harrisburg, The William Penn Memorial Museum, ""A Retrospective Exhibition of the Work of the Great American Impressionist Edward Willis Redfield of Pennsylvania,"" March 31 – May 13, 1973.Doylestown, Michener Art Museum, ""Edward Redfield: Just Values and Fine Seeing,"" May 1 – December 10, 2004, no. 39.Literature:""Collection of Paintings Still Owned by Edward Redfield,"" Edward Redfield Personal Papers, December 1, 1959.""Inventory of 157 Oil on Canvas Paintings of Edward W. Redfield's Oeuvre,"" October 19, 1965. John M. W. Fletcher, Edward Willis Redfield, An American Impressionist 1869-1965: The Redfield Letters, vol. I, Lahaska, 2002, p. 205, no. 156 (and 211), illustrated.Constance Kimmerle, Edward W. Redfield: Just Values and Fine Seeing, exhibition catalogue, Michener Art Museum, 2004, pg. 85, illustrated. Lot Note:Around 1918, Edward Redfield resided in Pittsburgh and turned his attention to the squalid conditions of urban tenements, a sharp departure from the vivid depictions of the Bucks County countryside that had been the focus of his impressionist landscapes. In Overlooking Soho, Redfield portrays an area that runs along the northern shore of the Monongahela River, known nowadays as The Bluff. The uniform palette conveys the monotonous tedium of labor and the unforgiving living conditions of the tenement row. The air is thick with oppressive, opaque fumes, the blue sky barely peeking through just below the upper edge of the canvas. The gaze, as it notices the light blue shade—a distant promise of fresh air—is inexorably drawn back to the distant skyline, enveloped by the polluted air. In the foreground, the uniformity of the palette is subtly disrupted by the elemental appearance of the setting: the log pile, dirt mounts, plank path and clapboard façades evoke texture, anchoring the depiction in the raw reality of tenement life. Here, Redfield offers a candid rendering of a gritty urban environment, while also celebrating the industriousness that takes place in its midst. The painting articulates an uneasy tension between the overwhelming poverty and exhaustion, and the potential for growth and transformation that modernity represents.",https://assets.basta.app/accounts/4832eb18-f9a7-4c12-8295-871abe232696/images/d53da188-1a66-47b4-92fc-6142cd2d87ef,https://freemansauction.com/auction/6507-american-art-and-pennsylvania-impressionism/lot/119,1.0,1918.0,1918.0,original,,
2a5ce309-81cc-45e5-a90e-99df39ce4245,Artwork,Freemans,6507,2026-06-07,Off Premises,American Art and Pennsylvania Impressionists,https://freemansauction.com/auctions/6507-american-art-and-pennsylvania-impressionism,Lot 120,USD,15000.0,25000.0,8960.0,7000.0,15000.0,25000.0,8960.0,7000.0,Kenneth R. Nunamaker,1890,1957.0,The Stone House,painting,oil on canvas,,18.0,16.0,in,yes,yes,yes,,"Richard Stuart Gallery, Pipersville, Pennsylvania. Private Collection, Florida.","stone house, trees, dirt road, hills, autumn foliage, porch, outbuilding, stacked wood, landscape, rural scene",,,"Kenneth R. Nunamaker
(American, 1890-1957)
The Stone House
oil on canvas
signed K. NUNAMAKER (lower left)

16 x 18 in.
Provenance:Richard Stuart Gallery, Pipersville, Pennsylvania.Private Collection, Florida.",https://assets.basta.app/accounts/4832eb18-f9a7-4c12-8295-871abe232696/images/12a2c8c3-2e2e-4cee-b3d5-6b12abcf6cb7,https://freemansauction.com/auction/6507-american-art-and-pennsylvania-impressionism/lot/120,1.0,1901.0,2000.0,original,,
aa9c648a-aec5-47e2-ab88-637e206aab1d,Artwork,Freemans,6507,2026-06-07,Philadelphia Warehouse,American Art and Pennsylvania Impressionists,https://freemansauction.com/auctions/6507-american-art-and-pennsylvania-impressionism,Lot 121,USD,12000.0,18000.0,20480.0,16000.0,12000.0,18000.0,20480.0,16000.0,Rae Sloan Bredin,1881,1933.0,Girl With White Fan,painting,oil on canvas,,25.0,30.0,in,yes,yes,yes,,"The Artist. By descent to the present owner, Massachusetts.","girl, white fan, wicker chair, brown tones, dress, canvas, serene moment, closed eyes, beige wall, soft hues",,,"Rae Sloan Bredin
(American, 1881-1933)
Girl With White Fan, c. 1915
oil on canvas
signed R. S. Bredin (lower right); also signed and titled (on the reverse) and signed and inscribed with title (stretcher)

30 x 25 in.
Provenance:The Artist.By descent to the present owner, Massachusetts.Exhibited:Doylestown, Michener Art Museum, ""Rae Sloan Bredin: Harmony and Power,"" March 24 – June 15, 2018.Literature:Michener Art Museum, Rae Sloan Bredin: Harmony and Power, exhibition catalogue, Doylestown, 2018, pg. 36, illustrated.Lot Note: Girl with White Fan depicts a solitary moment of serenity in delicate hues of white and brown, a softness that is as textural as it is visual, an exquisitely synesthetic gesture typical of Bredin’s Impressionist practice. The fabrics of the fan and dress both bear a silky sheen, while the earthy tones of the bare wall and the fibrous pattern of the wicker chair, with its organic tonal variations, anchor the seated figure in an elemental setting, the quietude in which she rests akin to a fundamental state of being. Bredin’s gentle staccato brushwork works as visual repetition and echoes the steady breeze of the fan. Far from urgent, it suggests soothing consistency, like a rhythmic balm of tranquility. As the girl’s gaze is drifting out of the composition, she seems immersed in profound distraction, unaware of being observed. In turn, our own gaze, rather than intrusive, is compelled to discretion, let in and allowed to partake in this intimate meditation.",https://assets.basta.app/accounts/4832eb18-f9a7-4c12-8295-871abe232696/images/89a498b0-64ad-4f22-a62a-cbe8ae9e830f,https://freemansauction.com/auction/6507-american-art-and-pennsylvania-impressionism/lot/121,1.0,1915.0,1915.0,original,,
9acead18-4cfc-4fd5-be39-08989c351694,Artwork,Freemans,6507,2026-06-07,Off Premises,American Art and Pennsylvania Impressionists,https://freemansauction.com/auctions/6507-american-art-and-pennsylvania-impressionism,Lot 122,USD,20000.0,30000.0,23040.0,18000.0,20000.0,30000.0,23040.0,18000.0,Mary Elizabeth Price,1877,1965.0,Pattern of Flower and Leaf,painting,oil with silver leaf mounted to board,,24.0,19.0,in,yes,yes,yes,,"The Artist. By descent to the present owner, Massachusetts.","flower, leaf, blue flower, orange flower, green leaf, garden, nature, floral, plant, botanical",,,"Mary Elizabeth Price
(American, 1877-1965)
Pattern of Flower and Leaf
oil with silver leaf mounted to board
signed M. ELIZABETH PRICE (lower right); also signed and titled (on label affixed to reverse)

19 x 24 in.
Provenance:The Artist.By descent to the present owner, Massachusetts.",https://assets.basta.app/accounts/4832eb18-f9a7-4c12-8295-871abe232696/images/cb0d6963-a8bc-4239-b97d-b2c53af2e86f,https://freemansauction.com/auction/6507-american-art-and-pennsylvania-impressionism/lot/122,1.0,1901.0,2000.0,original,,
450817dd-af6c-4e9e-92d1-072bbe26e893,Artwork,Freemans,6507,2026-06-07,Off Premises,American Art and Pennsylvania Impressionists,https://freemansauction.com/auctions/6507-american-art-and-pennsylvania-impressionism,Lot 123,USD,5000.0,7000.0,16640.0,13000.0,5000.0,7000.0,16640.0,13000.0,Clarence Raymond Johnson,1894,1981.0,Lambertville in Spring,painting,oil on canvas,,30.0,28.0,in,no,yes,yes,,"Private Collection, Pennsylvania.","landscape, trees, church, river, hills, buildings, spring, flowers, bridge, foliage",,,"Clarence Raymond Johnson
(American, 1894-1981)
Lambertville in Spring
oil on canvas

28 x 30 in.
This lot is accompanied by a letter of opinion from John E. Ollman, Director of the Janet Fleisher Gallery (Philadelphia, Pennsylvania), which represents the Estate of Clarence Johnson. Provenance:Private Collection, Pennsylvania.",https://assets.basta.app/accounts/4832eb18-f9a7-4c12-8295-871abe232696/images/24bad862-781c-4907-b5bd-c461addbefd7,https://freemansauction.com/auction/6507-american-art-and-pennsylvania-impressionism/lot/123,1.0,1901.0,2000.0,original,,
4b0588ca-e9ad-4fe5-9d76-3ce0c5be319d,Artwork,Freemans,6507,2026-06-07,Off Premises,American Art and Pennsylvania Impressionists,https://freemansauction.com/auctions/6507-american-art-and-pennsylvania-impressionism,Lot 124,USD,10000.0,15000.0,8320.0,6500.0,10000.0,15000.0,8320.0,6500.0,Kenneth R. Nunamaker,1890,1957.0,Spring Landscape,painting,oil on canvas,,20.125,16.125,in,yes,yes,yes,,"Gratz Gallery, Doylestown, Pennsylvania. Private Collection, Pennsylvania.","landscape, trees, stream, rocks, grass, spring, nature, foliage, blue sky, green",,,"Kenneth R. Nunamaker 
(American, 1890-1957)
Spring Landscape
oil on canvas
signed K ROLLO NUNAMAKER (lower left)

16 1/8 x 20 1/8 in.
Provenance:Gratz Gallery, Doylestown, Pennsylvania.Private Collection, Pennsylvania.",https://assets.basta.app/accounts/4832eb18-f9a7-4c12-8295-871abe232696/images/72288726-212b-4d34-a80f-dc2ba8a1ef12,https://freemansauction.com/auction/6507-american-art-and-pennsylvania-impressionism/lot/124,1.0,1901.0,2000.0,original,,
bb707dae-0d5b-4690-bca9-ce66a0cdc1af,Artwork,Freemans,6507,2026-06-07,Off Premises,American Art and Pennsylvania Impressionists,https://freemansauction.com/auctions/6507-american-art-and-pennsylvania-impressionism,Lot 125,USD,10000.0,15000.0,12800.0,10000.0,10000.0,15000.0,12800.0,10000.0,John Fulton Folinsbee,1892,1972.0,River Shad Fishermen,painting,oil on canvas,,20.0,16.0,in,yes,yes,yes,,"Private Collection, Bucks County, Pennsylvania, c. 1970s. By descent to the present owner, Doylestown, Pennsylvania.","river, fishermen, trees, water, rocks, shore, landscape, clouds, sky, sand",,,"John Fulton Folinsbee
(American, 1892-1972)
River Shad Fishermen
oil on canvas
signed John Folinsbee (lower left); also titled (stretcher)

16 x 20 in.
Provenance:Private Collection, Bucks County, Pennsylvania, c. 1970s.By descent to the present owner, Doylestown, Pennsylvania.",https://assets.basta.app/accounts/4832eb18-f9a7-4c12-8295-871abe232696/images/f4d6b028-1595-4938-bdb9-a33ab40a2d7d,https://freemansauction.com/auction/6507-american-art-and-pennsylvania-impressionism/lot/125,1.0,1901.0,2000.0,original,,
754feaad-7d60-48fa-a42d-3b6860a7f5a6,Artwork,Freemans,6507,2026-06-07,Off Premises,American Art and Pennsylvania Impressionists,https://freemansauction.com/auctions/6507-american-art-and-pennsylvania-impressionism,Lot 126,USD,4000.0,6000.0,10240.0,8000.0,4000.0,6000.0,10240.0,8000.0,John Fulton Folinsbee,1892,1972.0,"Mercer Quarry, Hopewell Township, New Jersey",painting,oil on canvasboard,,14.0,10.0,in,yes,yes,yes,,"The Artist. By descent to the present owner, Massachusetts.","quarry, landscape, trees, road, clouds, hills, grass, pole, smoke, valley",,,"John Fulton Folinsbee 
(American, 1892-1972)
Mercer Quarry, Hopewell Township, New Jersey, c. 1930s
oil on canvasboard
signed John Folinsbee (lower left); also titled (on the reverse)

10 x 14 in.
Provenance:The Artist.By descent to the present owner, Massachusetts.Accessible on the John Folinsbee online Catalogue Raisonné at https://www.johnfolinsbee.org, no. 1700.",https://assets.basta.app/accounts/4832eb18-f9a7-4c12-8295-871abe232696/images/c8669acc-1a2f-4cfe-b819-bac3c154c779,https://freemansauction.com/auction/6507-american-art-and-pennsylvania-impressionism/lot/126,1.0,1930.0,1939.0,original,,
8eed2a06-8526-489a-bb60-7eb64e59f93b,Artwork,Hindman,,2026-06-07,Philadelphia,American Art and Pennsylvania Impressionists,https://freemansauction.com/auction/6507-american-art-and-pennsylvania-impressionism,Lot 1,USD,3000.0,5000.0,3000.0,2500.0,3000.0,5000.0,3000.0,2500.0,James Hope,1818,1892.0,Watkins Glen,painting,oil on canvas,,10.125,13.125,in,no,yes,yes,,"Kennedy Galleries, New York, New York.

Questroyal Fine Art, New York, New York.","waterfall, gorge, trees, rocks, sunlight, stream, landscape, nature, foliage, water",,,"Live James Hope (American, 1818-1892) (American, 1818-1892) Watkins Glen oil on canvas 13 1/8 x 10 1/8 in. Property of an Important Private Collector, New England",https://assets.basta.app/accounts/4832eb18-f9a7-4c12-8295-871abe232696/images/49b3a6ad-f650-4fe0-863d-708462a2e084?format=auto&width=1080&quality=75,https://freemansauction.com/auction/6507-american-art-and-pennsylvania-impressionism/lot/1,1.0,,,original,,
c1b808b6-46f7-4dde-b020-90104970cab5,Artwork,Hindman,,2026-06-07,Philadelphia,American Art and Pennsylvania Impressionists,https://freemansauction.com/auction/6507-american-art-and-pennsylvania-impressionism,Lot 2,USD,4000.0,6000.0,4000.0,3333.33,4000.0,6000.0,4000.0,3333.33,Edward Lamson Henry,1841,1919.0,The Mountain Stage,painting,oil on board mounted on board,,13.0,17.0,in,no,yes,yes,1881.0,"Marine Arts Galleries, Salem, Massachusetts.

Acquired directly from the above.","coach, horses, mountain, passengers, trees, sky, clouds, bridge, road, landscape",,,"Live Edward Lamson Henry (American, 1841-1919) (American, 1841-1919) The Mountain Stage , 1881 oil on board mounted on board 17 x 13 in. Property of an Important Private Collector, New England",https://assets.basta.app/accounts/4832eb18-f9a7-4c12-8295-871abe232696/images/972c444a-ad30-4e3b-a44c-99e151e37362?format=auto&width=1080&quality=75,https://freemansauction.com/auction/6507-american-art-and-pennsylvania-impressionism/lot/2,1.0,,,original,,
3218e71a-1902-4cde-b3e6-9827f03963ef,Artwork,Hindman,,2026-06-07,Philadelphia,American Art and Pennsylvania Impressionists,https://freemansauction.com/auction/6507-american-art-and-pennsylvania-impressionism,Lot 3,USD,5000.0,8000.0,5000.0,4166.67,5000.0,8000.0,5000.0,4166.67,Levi Prentice,1851,1935.0,Blue Mountain Lake,painting,oil on canvas,,20.0,12.0,in,no,yes,yes,,"The Jordan-Volpe Gallery, New York, New York.","lake, mountains, trees, water, islands, sky, clouds, autumn colors, rocks, landscape",,,"Live Levi Prentice (American, 1851-1935) (American, 1851-1935) Blue Mountain Lake oil on canvas 12 x 20 in. Property of an Important Private Collector, New England",https://assets.basta.app/accounts/4832eb18-f9a7-4c12-8295-871abe232696/images/67460e2b-27e1-4ad2-9d96-0328e7e68c76?format=auto&width=1080&quality=75,https://freemansauction.com/auction/6507-american-art-and-pennsylvania-impressionism/lot/3,1.0,,,original,,
8dcce705-ac39-49d8-97b7-6ebe6a1a6294,Artwork,Hindman,,2026-06-07,Philadelphia,American Art and Pennsylvania Impressionists,https://freemansauction.com/auction/6507-american-art-and-pennsylvania-impressionism,Lot 4,USD,3000.0,5000.0,3000.0,2500.0,3000.0,5000.0,3000.0,2500.0,Henry Pember Smith,1854,1907.0,A New England Home,painting,oil on canvas,,50.0,40.0,in,no,yes,yes,1907.0,"Coe Kerr Gallery, New York, New York (per label affixed to stretcher).","trees, house, path, water, clouds, sky, figure, ducks, landscape, outdoor",,,"Live Henry Pember Smith (American, 1854-1907) (American, 1854-1907) A New England Home oil on canvas 40 x 50 in. Property from the Estate of Richard and Annette Bloch, Kansas City, Missouri",https://assets.basta.app/accounts/4832eb18-f9a7-4c12-8295-871abe232696/images/4f04c607-cd84-45c6-9a86-da6f32153142?format=auto&width=1080&quality=75,https://freemansauction.com/auction/6507-american-art-and-pennsylvania-impressionism/lot/4,1.0,,,original,,
9e1b5856-a6c4-4f4a-b6b3-5d74b48b2689,Artwork,Hindman,,2026-06-07,Philadelphia,American Art and Pennsylvania Impressionists,https://freemansauction.com/auction/6507-american-art-and-pennsylvania-impressionism,Lot 5,USD,20000.0,30000.0,20000.0,16666.67,20000.0,30000.0,20000.0,16666.67,Asher Brown Durand,1796,1886.0,"View of the Dover Plains, New York",painting,oil on canvas,,16.25,11.0,in,no,yes,yes,1860.0,"Private Collection, Florida.

Altman/Burke Fine Art, New York, New York, c. 1989.

Private Collection, Concord, New Hampshire, November 1990-2013.

Spanierman Gallery, New York, New York.

Acquired directly from the above, 2013.

Private Collection, Massachusetts.

Exhibited:

New York, Altman/Burke Fine Art, ""The American Landscape: Paintings of the Hudson River School and Related Works,"" November 30, 1989 – January 16, 1990, p. 15, illustrated.

Boston, Vose Galleries, ""Forging a National Identity: 19th Century American Paintings, Featuring the Collection of Matthew S. and Helen M. Mickiewicz,"" May 19 – June 30, 2012, pp. 2; 9, illustrated.

Lot Note:

Asher Brown Durand’s

View of Dover Plains

encapsulates the Arcadian qualities of American landscape painting at the dawn of the Civil War, an effort to bolster the nation’s conception of itself as a virgin land full promise. Durand, arguably the father figure of the Hudson River School, used images of boundless wilderness and rustic scenery as the pristine backdrop against which to draw the national narrative in pictorial terms, emphasizing the grandeur, both geographical and spiritual, of the New World.

The Dover Plains were a recurring subject for Durand, their sweeping vistas an endless source of inspiration. He rendered the land’s topographic features in intricate detail, according to his deeply held belief that a landscape should be drawn directly from nature with realism and accuracy. Here, Durand fashioned the scene around a lofty off-centered oak towering over a pasture with grazing cows. From the tree, the eye wanders down the sloped pasture to the river flowing towards the layered horizon, the valley and mountains stretching in the distance beneath a sliver of the golden sunset and an airy sea of clouds above.","oak tree, cows, river, pasture, valley, mountains, clouds, sunset",,,"Live Asher Brown Durand (American, 1796-1886) (American, 1796-1886) View of the Dover Plains, New York , c. 1860s oil on canvas 11 x 16 1/4 in.",https://assets.basta.app/accounts/4832eb18-f9a7-4c12-8295-871abe232696/images/a859f752-9652-4f8b-a604-e42d6d7d59bf?format=auto&width=1080&quality=75,https://freemansauction.com/auction/6507-american-art-and-pennsylvania-impressionism/lot/5,1.0,,,original,,
af253764-35cf-4631-bc8b-a681ea211efe,Artwork,Hindman,,2026-06-07,Philadelphia,American Art and Pennsylvania Impressionists,https://freemansauction.com/auction/6507-american-art-and-pennsylvania-impressionism,Lot 6,USD,4000.0,6000.0,4000.0,3333.33,4000.0,6000.0,4000.0,3333.33,David Johnson,1827,1908.0,Boats on the Hudson River,painting,oil on canvas,,23.25,13.25,in,no,yes,yes,1869.0,"Clars Auction Gallery, Oakland, California.

Acquired directly from the above sale.

Private Collection, Pennsylvania.","boats, Hudson River, landscape, mountains, water, sky, trees, shore, flowers, clouds",,,"Live David Johnson (American, 1827-1908) (American, 1827-1908) Boats on the Hudson River , 1869 oil on canvas 13 1/4 x 23 1/4 in.",https://assets.basta.app/accounts/4832eb18-f9a7-4c12-8295-871abe232696/images/72712e74-45c2-4774-bbc2-75e54b7f90fa?format=auto&width=1080&quality=75,https://freemansauction.com/auction/6507-american-art-and-pennsylvania-impressionism/lot/6,1.0,,,original,,
605b8f6e-6b7a-4b2a-a687-65353e0a5564,Artwork,Hindman,,2026-06-07,Philadelphia,American Art and Pennsylvania Impressionists,https://freemansauction.com/auction/6507-american-art-and-pennsylvania-impressionism,Lot 7,USD,2000.0,3000.0,2000.0,1666.67,2000.0,3000.0,2000.0,1666.67,Lockwood de Forest,1850,1932.0,Adirondacks,painting,oil on paper,,14.0,9.625,in,no,yes,yes,1874.0,"Debra Force Fine Art, New York, New York.

Acquired directly from the above.

Private Collection, Wisconsin.","mountains, water, trees, landscape, sky, clouds, brush, logs, forest, reflection",,,"Live Lockwood de Forest (American 1850-1932) (American 1850-1932) Adirondacks , 1874 oil on paper 9 5/8 x 14 in.",https://assets.basta.app/accounts/4832eb18-f9a7-4c12-8295-871abe232696/images/4277d85d-4a47-41c8-ab09-cbe80df539e1?format=auto&width=1080&quality=75,https://freemansauction.com/auction/6507-american-art-and-pennsylvania-impressionism/lot/7,1.0,,,original,,
c3972a54-b340-45ee-aca9-003f293c46fd,Artwork,Hindman,,2026-06-07,Philadelphia,American Art and Pennsylvania Impressionists,https://freemansauction.com/auction/6507-american-art-and-pennsylvania-impressionism,Lot 8,USD,2000.0,3000.0,2000.0,1666.67,2000.0,3000.0,2000.0,1666.67,Andrew Melrose,1836,1901.0,"A Picnic on Passumpsic River, Vermont",painting,oil on canvas,,42.5,24.25,in,no,yes,yes,,"Vose Galleries, Boston, Massachusetts.","picnic, river, trees, water, figures, boat, landscape, rocks, shoreline, sky",,,"Live Andrew Melrose (American, 1836-1901) (American, 1836-1901) A Picnic on Passumpsic River, Vermont oil on canvas 24 1/4 x 42 1/2 in. Sold to benefit the United Way of Southwestern Pennsylvania 100th Anniversary Campaign",https://assets.basta.app/accounts/4832eb18-f9a7-4c12-8295-871abe232696/images/3162ddac-5ae1-45f3-bcd5-fdf7f8fb2944?format=auto&width=1080&quality=75,https://freemansauction.com/auction/6507-american-art-and-pennsylvania-impressionism/lot/8,1.0,,,original,,
34668632-d3bb-4fc4-abde-5216cbc7b3fe,Artwork,Hindman,,2026-06-07,Philadelphia,American Art and Pennsylvania Impressionists,https://freemansauction.com/auction/6507-american-art-and-pennsylvania-impressionism,Lot 9,USD,2000.0,3000.0,2000.0,1666.67,2000.0,3000.0,2000.0,1666.67,Frank Henry Shapleigh,1842,1906.0,"The Bridge at Jackson, New Hampshire",painting,oil on board,,8.0,12.0,in,no,yes,yes,1878.0,,"bridge, water, rocks, figures, trees, mountains, clouds, landscape, river, reflections",,,"Live Frank Henry Shapleigh (American, 1842-1906) (American, 1842-1906) The Bridge at Jackson, New Hampshire, 1878 oil on board 12 x 8 in. Property from a Private Estate, Palm Beach Gardens, Florida",https://assets.basta.app/accounts/4832eb18-f9a7-4c12-8295-871abe232696/images/d0671555-b699-4cdb-b9bf-0f371743346c?format=auto&width=1080&quality=75,https://freemansauction.com/auction/6507-american-art-and-pennsylvania-impressionism/lot/9,1.0,,,original,,
ed7be478-63ca-40a3-bb40-bd069bd4e62b,Artwork,Hindman,,2026-06-07,Philadelphia,American Art and Pennsylvania Impressionists,https://freemansauction.com/auction/6507-american-art-and-pennsylvania-impressionism,Lot 10,USD,3000.0,5000.0,3000.0,2500.0,3000.0,5000.0,3000.0,2500.0,Hermann Herzog,1832,1932.0,"Pastoral Landscape, Cows by Water's Edge",painting,oil on canvas,,25.125,19.125,in,no,yes,yes,1880.0,"Christie’s, New York, Sale of June 24-25, 1980, Lot 299.

Acquired directly from the above.

Brandywine Museum of Art, Chadds Ford, Pennsylvania.

Exhibited:

Chadds Ford, Brandywine Museum of Art, ""American Paintings of Hermann Herzog,"" September 11 – November 22 1992.","cows, water, landscape, trees, grass, river, pastoral, grazing, nature, American",,,"Live Hermann Herzog (American/German, 1832-1932) (American/German, 1832-1932) Pastoral Landscape, Cows by Water's Edge , c. 1880 oil on canvas 19 1/8 × 25 1/8 in.",https://assets.basta.app/accounts/4832eb18-f9a7-4c12-8295-871abe232696/images/422f602e-644c-4088-bb9c-545f2c119557?format=auto&width=1080&quality=75,https://freemansauction.com/auction/6507-american-art-and-pennsylvania-impressionism/lot/10,1.0,,,original,,
018b46bd-d2d4-44dd-a4a4-e9fc9ca7bea3,Artwork,Hindman,,2026-06-07,Philadelphia,American Art and Pennsylvania Impressionists,https://freemansauction.com/auction/6507-american-art-and-pennsylvania-impressionism,Lot 11,USD,3000.0,5000.0,3000.0,2500.0,3000.0,5000.0,3000.0,2500.0,Hermann Herzog,1832,1932.0,By Old Mill Stream,painting,oil on canvas,,22.0,28.0,in,no,yes,yes,,"The Artist.

Acquired directly from the above.

Private Collection.

Private Collection, by descent.

Gifted to the Brandywine Museum of Art, Chadds Ford, Pennsylvania, 2005.","watermill, stream, trees, landscape, figure, horse, building, cloud, stone, foliage",,,"Live Hermann Herzog (American/German, 1832-1932) (American/German, 1832-1932) By Old Mill Stream oil on canvas 28 x 22 in.",https://assets.basta.app/accounts/4832eb18-f9a7-4c12-8295-871abe232696/images/25ade804-ca84-446b-904b-e681afe3f299?format=auto&width=1080&quality=75,https://freemansauction.com/auction/6507-american-art-and-pennsylvania-impressionism/lot/11,1.0,,,original,,
c75a1d9d-c9a5-4096-be43-ad3936246216,Artwork,Hindman,,2026-06-07,Philadelphia,American Art and Pennsylvania Impressionists,https://freemansauction.com/auction/6507-american-art-and-pennsylvania-impressionism,Lot 12,USD,25000.0,40000.0,25000.0,20833.33,25000.0,40000.0,25000.0,20833.33,William Trost Richards,1833,1905.0,Sea at Cornwall,painting,oil on canvas,,38.0,25.25,in,no,yes,yes,,"Jensen Fine Arts, Brookline, Massachusetts.","sea, waves, rocks, cliffs, clouds, ocean, coastline, green, sunset, landscape",,,"Live William Trost Richards (American, 1833-1905) (American, 1833-1905) Sea at Cornwall oil on canvas 25 1/4 x 38 in. Property of an Important Private Collector, New England",https://assets.basta.app/accounts/4832eb18-f9a7-4c12-8295-871abe232696/images/4cb35922-97f9-4aa5-9b7c-d15689f5b57b?format=auto&width=1080&quality=75,https://freemansauction.com/auction/6507-american-art-and-pennsylvania-impressionism/lot/12,1.0,,,original,,
99294d30-aa75-419d-951a-0efb9d635233,Artwork,Hindman,,2026-06-07,Philadelphia,American Art and Pennsylvania Impressionists,https://freemansauction.com/auction/6507-american-art-and-pennsylvania-impressionism,Lot 13,USD,3000.0,5000.0,3000.0,2500.0,3000.0,5000.0,3000.0,2500.0,Lockwood de Forest,1850,1932.0,"Coastal Hues, California",painting,oil on board mounted on board,,14.125,9.75,in,no,yes,yes,1909.0,"The Artist.

Private Collection, Australia.

By descent in the family.

Richard York Gallery, New York, New York.

Debra Force Fine Art, New York, New York.

Acquired directly from the above.

Private Collection, Wisconsin.","coastal scene, beach, sea, mountains, sky, sand, water, horizon, sunset, California",,,"Live Lockwood de Forest (American, 1850-1932) (American, 1850-1932) Coastal Hues, California , 1909 oil on board mounted on board 9 3/4 x 14 1/8 in.",https://assets.basta.app/accounts/4832eb18-f9a7-4c12-8295-871abe232696/images/64691f3f-9782-413c-9dcc-657c00862b45?format=auto&width=1080&quality=75,https://freemansauction.com/auction/6507-american-art-and-pennsylvania-impressionism/lot/13,1.0,,,original,,
73a6d40e-5ef5-47fc-9ff2-04bc8a9762b9,Artwork,Hindman,,2026-06-07,Philadelphia,American Art and Pennsylvania Impressionists,https://freemansauction.com/auction/6507-american-art-and-pennsylvania-impressionism,Lot 14,USD,3000.0,5000.0,3000.0,2500.0,3000.0,5000.0,3000.0,2500.0,Leon Dabo,1864,1960.0,Green Seashore,painting,oil on board,,20.0,15.875,in,no,yes,yes,1917.0,"Private Collection, Florida.","seashore, water, sky, sand, figures, nature, horizon, landscape, light, tranquility",,,"Live Leon Dabo (American, 1864-1960) (American, 1864-1960) Green Seashore , 1917 oil on board 15 7/8 x 20 in.",https://assets.basta.app/accounts/4832eb18-f9a7-4c12-8295-871abe232696/images/340851b5-ccef-467d-b96c-d2eb96fbe765?format=auto&width=1080&quality=75,https://freemansauction.com/auction/6507-american-art-and-pennsylvania-impressionism/lot/14,1.0,,,original,,
a8ac1032-e256-4ab9-b3c8-2f88d76dc053,Artwork,Hindman,,2026-06-07,Philadelphia,American Art and Pennsylvania Impressionists,https://freemansauction.com/auction/6507-american-art-and-pennsylvania-impressionism,Lot 15,USD,3000.0,5000.0,3000.0,2500.0,3000.0,5000.0,3000.0,2500.0,Leon Dabo,1864,1960.0,Blue Seashore,painting,oil on board,,20.0,15.875,in,no,yes,yes,,"Private Collection, Florida.","seashore, water, horizon, figures, ocean, sky, blue, beach, waves, reflection",,,"Live Leon Dabo (American, 1864-1960) (American, 1864-1960) Blue Seashore oil on board 15 7/8 x 20 in.",https://assets.basta.app/accounts/4832eb18-f9a7-4c12-8295-871abe232696/images/01591476-4f26-4ea3-a6b1-17a904f56f9d?format=auto&width=1080&quality=75,https://freemansauction.com/auction/6507-american-art-and-pennsylvania-impressionism/lot/15,1.0,,,original,,
f9333fe0-6510-4b0b-bf23-64ea2ae7e7e9,Artwork,Hindman,,2026-06-07,Philadelphia,American Art and Pennsylvania Impressionists,https://freemansauction.com/auction/6507-american-art-and-pennsylvania-impressionism,Lot 16,USD,3000.0,5000.0,3000.0,2500.0,3000.0,5000.0,3000.0,2500.0,John Whorf,1903,1959.0,Rocky Coast,painting,oil on canvas,,29.0,23.0,in,no,yes,yes,,"Private Collection, Arizona.","rocks, waves, ocean, coastline, blue, green, water, clouds, seascape, light",,,"Live John Whorf (American, 1903-1959) (American, 1903-1959) Rocky Coast oil on canvas 23 x 29 in.",https://assets.basta.app/accounts/4832eb18-f9a7-4c12-8295-871abe232696/images/8292e810-45ee-439e-a567-5b88783dd6c6?format=auto&width=1080&quality=75,https://freemansauction.com/auction/6507-american-art-and-pennsylvania-impressionism/lot/16,1.0,,,original,,
1f919d83-e113-4bee-ac43-800458333ccf,Artwork,Hindman,,2026-06-07,Philadelphia,American Art and Pennsylvania Impressionists,https://freemansauction.com/auction/6507-american-art-and-pennsylvania-impressionism,Lot 17,USD,4000.0,6000.0,4000.0,3333.33,4000.0,6000.0,4000.0,3333.33,Frederick Judd Waugh,1861,1940.0,"Waning Day, Coast of Maine",painting,oil on board,,30.0,24.0,in,no,yes,yes,,"Private Collection, Arizona.","rocks, ocean, waves, sky, horizon, coastline, water, clouds, light, landscape",,,"Live Frederick Judd Waugh (American, 1861-1940) (American, 1861-1940) Waning Day, Coast of Maine oil on board 24 x 30 in.",https://assets.basta.app/accounts/4832eb18-f9a7-4c12-8295-871abe232696/images/83913717-732b-4723-b114-87cfc7aa80f4?format=auto&width=1080&quality=75,https://freemansauction.com/auction/6507-american-art-and-pennsylvania-impressionism/lot/17,1.0,,,original,,
58630311-1448-4f1d-97bc-a2a7d21230ba,Artwork,Hindman,,2026-06-07,Philadelphia,American Art and Pennsylvania Impressionists,https://freemansauction.com/auction/6507-american-art-and-pennsylvania-impressionism,Lot 18,USD,4000.0,6000.0,4000.0,3333.33,4000.0,6000.0,4000.0,3333.33,Frederick Judd Waugh,1861,1940.0,Sea and Rocks,painting,oil on Masonite,,30.0,25.0,in,no,yes,yes,,"Private Collection, Arizona.","sea, rocks, waves, coastline, ocean, sky, foam, cliffs, water, cloud",,,"Live Frederick Judd Waugh (American, 1861-1940) (American, 1861-1940) Sea and Rocks oil on Masonite 25 x 30 in.",https://assets.basta.app/accounts/4832eb18-f9a7-4c12-8295-871abe232696/images/c720d01a-9d5a-475e-a163-f127ed9ac45a?format=auto&width=1080&quality=75,https://freemansauction.com/auction/6507-american-art-and-pennsylvania-impressionism/lot/18,1.0,,,original,,
32b9efb5-7173-4e0c-98e1-5e4fa81f4c89,Artwork,Hindman,,2026-06-07,Philadelphia,American Art and Pennsylvania Impressionists,https://freemansauction.com/auction/6507-american-art-and-pennsylvania-impressionism,Lot 19,USD,6000.0,10000.0,6000.0,5000.0,6000.0,10000.0,6000.0,5000.0,Edward Troye,1808,1874.0,Dead Sea,painting,oil on canvas,,122.25,66.0,in,no,yes,yes,1856.0,"Alexander Campbell, founder of Bethany College, and Alexander Keene Richards.

A gift from the above.","water, lake, mountains, sky, landscape, shoreline, calm, colors, horizon, nature",,,"Live Edward Troye (American, 1808-1874) (American, 1808-1874) Dead Sea , 1856 oil on canvas 66 x 122 1/4 in. Property from Bethany College, West Virginia",https://assets.basta.app/accounts/4832eb18-f9a7-4c12-8295-871abe232696/images/59fb245e-2156-474e-a419-56e84601f0ad?format=auto&width=1080&quality=75,https://freemansauction.com/auction/6507-american-art-and-pennsylvania-impressionism/lot/19,1.0,,,original,,
f9f1c540-c805-4b08-9aee-68b43e620a68,Artwork,Hindman,,2026-06-07,Philadelphia,American Art and Pennsylvania Impressionists,https://freemansauction.com/auction/6507-american-art-and-pennsylvania-impressionism,Lot 20,USD,8000.0,12000.0,8000.0,6666.67,8000.0,12000.0,8000.0,6666.67,Edward Troye,1808,1874.0,Syrian Plowman,painting,oil on canvas mounted to aluminum,,119.25,71.125,in,no,yes,yes,1856.0,"Alexander Campbell, founder of Bethany College, and Alexander Keene Richards.

A gift from the above.","man, camel, cows, mountains, landscape, plow, rural, river, trees, sky",,,"Live Edward Troye (American, 1808-1874) (American, 1808-1874) Syrian Plowman , 1856 oil on canvas mounted to aluminum 71 1/8 x 119 1/4 in. Property from Bethany College, West Virginia",https://assets.basta.app/accounts/4832eb18-f9a7-4c12-8295-871abe232696/images/3c443afb-2223-484d-92b6-b04d412a9265?format=auto&width=1080&quality=75,https://freemansauction.com/auction/6507-american-art-and-pennsylvania-impressionism/lot/20,1.0,,,original,,
04f2552c-f05b-4194-99ba-c63e46172fd3,Artwork,Hindman,,2026-06-07,Philadelphia,American Art and Pennsylvania Impressionists,https://freemansauction.com/auction/6507-american-art-and-pennsylvania-impressionism,Lot 21,USD,6000.0,10000.0,6000.0,5000.0,6000.0,10000.0,6000.0,5000.0,Edward Troye,1808,1874.0,River Jordan at Bethabara,painting,oil on canvas mounted to panel,,66.75,44.0,in,no,yes,yes,1856.0,"Alexander Campbell, founder of Bethany College, and Alexander Keene Richards.

A gift from the above.","river, landscape, trees, water, hills, sky, rocks, sunset, plants, reflections",,,"Live Edward Troye (American, 1808-1874) (American, 1808-1874) River Jordan at Bethabara , 1856 oil on canvas mounted to panel 44 x 66 3/4 in. Property from Bethany College, West Virginia",https://assets.basta.app/accounts/4832eb18-f9a7-4c12-8295-871abe232696/images/3890e5b3-fc24-4a39-8ecd-e8d05fa5c266?format=auto&width=1080&quality=75,https://freemansauction.com/auction/6507-american-art-and-pennsylvania-impressionism/lot/21,1.0,,,original,,
f357bb11-3557-4b6a-bbfe-cf6e2f1c0d6d,Artwork,Hindman,,2026-06-07,Philadelphia,American Art and Pennsylvania Impressionists,https://freemansauction.com/auction/6507-american-art-and-pennsylvania-impressionism,Lot 22,USD,20000.0,30000.0,20000.0,16666.67,20000.0,30000.0,20000.0,16666.67,James Fairman,1826,1904.0,Mount of Olives and Mosque El Aska,painting,oil on canvas,,66.0,44.0,in,no,yes,yes,1874.0,,"mountains, mosque, landscape, sky, clouds, horizon, trees, ruins, architectural structure, sunlight",,,"Live James Fairman (American, 1826-1904) (American, 1826-1904) Mount of Olives and Mosque El Aska , 1874 oil on canvas 44 x 66 in. Property Deaccessioned from The University of Olivet Collection, Olivet, Michigan",https://assets.basta.app/accounts/4832eb18-f9a7-4c12-8295-871abe232696/images/803f253e-f211-4d4d-96f1-1890d2220f3d?format=auto&width=1080&quality=75,https://freemansauction.com/auction/6507-american-art-and-pennsylvania-impressionism/lot/22,1.0,,,original,,
7a73dc3b-cd7f-4fc5-b2f1-e853db2d2c2b,Artwork,Hindman,,2026-06-07,Philadelphia,American Art and Pennsylvania Impressionists,https://freemansauction.com/auction/6507-american-art-and-pennsylvania-impressionism,Lot 23,USD,3000.0,5000.0,3000.0,2500.0,3000.0,5000.0,3000.0,2500.0,William Merritt Chase,1849,1916.0,Children on a Path,drawing,pencil on paper,,5.875,11.125,in,no,yes,yes,,"The Artist.

Mrs. William Merritt Chase.

Helen Chase Storm, the artist's daughter.

Jackson Chase Storm, the artist's grandson.

R. H. Love Galleries, Inc., Chicago, Illinois.

Private Collection, Illinois.

Literature:

Ronald G. Pisano,

William Merritt Chase: Still Lifes, Interiors, Figures, Copies of Old Masters, and Drawings

, vol. IV, New Haven, 2009, no. 65Da, p. 182, illustrated.","children, path, trees, houses, hats, figures, landscape",,,"Live William Merritt Chase (American, 1849-1916) (American, 1849-1916) Children on a Path pencil on paper 11 1/8 x 5 7/8 in.",https://assets.basta.app/accounts/4832eb18-f9a7-4c12-8295-871abe232696/images/4c8b1836-611d-43ec-acbd-985f469bd998?format=auto&width=1080&quality=75,https://freemansauction.com/auction/6507-american-art-and-pennsylvania-impressionism/lot/23,1.0,,,original,,
0a4c3575-8ce9-4f5f-afbd-af7a786dd076,Artwork,Hindman,,2026-06-07,Philadelphia,American Art and Pennsylvania Impressionists,https://freemansauction.com/auction/6507-american-art-and-pennsylvania-impressionism,Lot 24,USD,10000.0,15000.0,10000.0,8333.33,10000.0,15000.0,10000.0,8333.33,William Merritt Chase,1849,1916.0,Portrait of George Washington Martin,painting,oil on canvas,,27.0,22.0,in,no,yes,yes,1904.0,"George Washington Martin, Martin, Tennessee, 1904.

By descent to the present owner.

Lot Note:

This portrait demonstrates both the bravura brushwork and dark palette reflecting the impact of Chase's studies in Munich as a young man. His signature, as well, captures the artist's confidence as one of the premier portrait painters in both New York and Philadelphia, where he had studios. In the first decade of the twentieth century until his death, Chase completed portraits of countless prominent figures. This work depicts George Washington Martin (1838-1913), who along with his two brothers, was instrumental in the development of the town of Martin, Tennessee. Martin is seen in his dark suit against a brown background, but Chase highlights his sitter's hair and expressive eyes through his use of light to capture the viewer's attention. The portrait exemplifies both Chase's masterful technique in depicting the varying textures and shades of black in Martin's suit and in his rendering of Martin's expressive eyes and knitted brow.","portrait, man, suit, expressive eyes, brown background, dark palette, hair, painted brushwork, chiaroscuro, 1904",,,"Live William Merritt Chase (American, 1849-1916) (American, 1849-1916) Portrait of George Washington Martin , 1904 oil on canvas 22 x 27 in. Property from the Collection of B. Martin Kizer, Tennessee",https://assets.basta.app/accounts/4832eb18-f9a7-4c12-8295-871abe232696/images/c7d9ebe1-24f3-4632-b4c3-353c7f496236?format=auto&width=1080&quality=75,https://freemansauction.com/auction/6507-american-art-and-pennsylvania-impressionism/lot/24,1.0,,,original,,
6921d4f5-3ffb-4849-a7e9-223d53449782,Artwork,Hindman,,2026-06-07,Philadelphia,American Art and Pennsylvania Impressionists,https://freemansauction.com/auction/6507-american-art-and-pennsylvania-impressionism,Lot 25,USD,6000.0,10000.0,6000.0,5000.0,6000.0,10000.0,6000.0,5000.0,William Merritt Chase,1849,1916.0,Helen (Portrait Sketch),painting,oil on panel,,9.0,11.75,in,no,yes,yes,1914.0,"The Artist.

American Art Association, New York,

The Paintings and Other Artistic Property Left by the Late William Merritt Chase, N.A.

, Sale of May 14-17, 1917, no. 171 (as

Portrait Sketch

).

Annie Traquair Lang (1885-1918), New York.

American Art Association, New York,

Estate of Annie T. Lang

, Sale of April 12, 1923, Lot 27 (as

Young Woman

).

Acquired directly from the above sale.

LeRoy Ireland (1889-1970), New York, New York and Philadelphia, Pennsylvania.

Acquired directly from the above.

Lewis J. Merritt (1848-1929), Pasadena, California.

Gifted to Hulett (Hewlett) Merritt (1872-1956), 1923, Pasadena, California, son of the above.

William E. Woodward, Pasadena, California, inherited from the above.

Christie's, New York, Sale of September 30, 1988, Lot 139.

Private Collection, Washington.

Literature:

American Art Association,

Catalogue of The Completed Pictures Studies and Sketches Left by the Late William Merritt Chase, N.A.

, New York, 1917, no. 171.

Wilbur D. Peat,

The Checklist of Known Work

, exhibition catalogue, Indianapolis, 1949 (as

A Young Woman

).

Ronald G. Pisano,

William Merritt Chase: Portraits in Oil,

vol. II, New Haven, 2006, p. 263, no. OP. 557, illustrated.

Lot Note:

According to Ronald G. Pisano, author of the catalogue raisonné on the artist, the present portrait is of Chase's daughter, Helen Velázquez Chase (1895-1965) and was executed shortly after the artist's return from teaching a summer class in Carmel-by-the-Sea, California. The monochromatic features of this painting may represent Chase's resumption of making monotypes, mainly in black or brown printer's ink, which he had first experimented with as early as the 1880s.

A notation on the verso of the artwork indicates that it was give by Chase to Annie Traquair Lang. Lang was a prized student of Chase, as well as an art teacher, whose portrait of her mentor is now included in the Metropolitan Museum of Art, New York. However, the presence of Helen's portrait in the 1917 Chase estate sale makes it more likely that Lang acquired the work at this venue. The portrait, along with several other works by Chase, were included in Lang's 1923 estate auction.","portrait, woman, sketch, dark background, black hair, oil painting, clothing, face, shoulders, emotion",,,"Live William Merritt Chase (American, 1849-1916) (American, 1849-1916) Helen (Portrait Sketch) , c. 1914 oil on panel 11 3/4 x 9 in.",https://assets.basta.app/accounts/4832eb18-f9a7-4c12-8295-871abe232696/images/dc41f4cb-9a38-44f1-8af1-3472b9b785bf?format=auto&width=1080&quality=75,https://freemansauction.com/auction/6507-american-art-and-pennsylvania-impressionism/lot/25,1.0,,,original,,
1393d5ec-aeb5-4f6a-b3e2-61c4598ada5b,Artwork,Hindman,,2026-06-07,Philadelphia,American Art and Pennsylvania Impressionists,https://freemansauction.com/auction/6507-american-art-and-pennsylvania-impressionism,Lot 26,USD,8000.0,12000.0,8000.0,6666.67,8000.0,12000.0,8000.0,6666.67,Cecilia Beaux,1855,1942.0,The Biddle Child,ceramics,oil on porcelain,,,,in,no,yes,yes,1881.0,"Private Collection, Vermont.

Lot Note:

This plate depicts a bust-length portrait of a three- to five-year-old boy, whose head is slightly cocked as he looks to his right. Posed against a plain brown stippled background, the lad is portrayed in a double-breasted black velvet jacket and a white baroque-style cavalier laced collar tied at the neck with stings and tassels. Featured as fair skinned, with a peach tint to his cheeks and lips, the boy has light brown eyebrows, dark brown eyes, a Roman nose, a square-shaped face and soft chin, and the bottom of his left ear lobe is barely visible behind his softly curled shoulder length flaxen blond hair, with bangs cut in a Dutch boy style. The boy’s face retains the soft pudginess of a young child. The artist’s portrayal is almost theatric as if the boy is on stage under a spotlight. Visible sheens of light fall across his bangs and velvet jacket. A signature and date–

E. C. Beaux 81–

are signed in black at the middle right edge on the front of the plate. The signature represents her given name: Eliza Cecilia Beaux.

On the back of the plate is a paper label with a number

#4381

, and a name,

Biddle

. Further research may prove that the number represents an exhibition. The name is presumably the last name of the child depicted on the plate. Also, on the back of the plate are three lugs or loops, attached during the making of the plate (most likely at the leather hard stage). This clever design allows the artist or manufacturer to glaze a piece in its entirety as the lugs or loops act as feet and are the only small point of contact on the kiln shelf during firing.

China painting, a fashionable craftwork for women, popularized in America by the 1876 Philadelphia Centennial Exposition, was taken up by Cecilia Beaux just a few years later. Beaux's first art teacher, Catharine Ann Drinker, translated from French into English a treatise by the noted French ceramist, Camille Piton, entitled

China Painting in America

(1878). At the time of her translation Piton was living in Philadelphia, and Drinker urged Beaux to take china painting lessons with him. The ceramist managed and taught the craft at the National Art Training School, located on the ""S.E. Cor. [of] Tenth and Walnut Streets,"" where he set up a kiln, and sold china-painting supplies –""china palettes,

putois

and Lacroix's colors."" In March 1879, for a fee of ten dollars, Beaux ""took a month's lessons in china painting"" from him. Beaux commented that she learned ""the ignoble art of over-glaze painting"" and ""quickly mastered"" the skill which she at once ""began adapting...to portraiture."" Her reputation as a china painter began in Philadelphia, before spreading to ""[m]others in the Far West."" She produced portraits on large china plates that contained ""a nearly life-sized head of a child (background, always different), full-modelling, flesh color and all, that parents nearly wept over.""

Beaux used photographs and solar prints to produce her china plates, taking measurements and notes on color, as frequently the ""golden-haired darlings"" were brought to her ""and placed as nearly as possible in the lighting of the photograph."" Beaux wrote the color scheme on the print, indicating where to include the ""most color, least color, greenish, pinkish, warm [or] cool"" colors. For the china portraits of children who were not in the Philadelphia area, she relied on just a photograph and ""a bit of ribbon the color of the boy's eyes, as well as a lock of hair.""

One of her plates was of Clara Hoopes of Philadelphia. Beaux was asked to make the plate in 1882 from an old daguerreotype taken of Clara in 1853 when she was eight years old. Five years later, in 1887, Beaux made companion portraits of Margaretta and Cooper Wood of Pittsburgh,

Pennsylvania, the daughter and son of a vice president of the Pennsylvania Railroad.

Beaux later hated these plates, believing that their commercial success was a base use of her artistic talents. Yet at the time they were painted she took sufficient pride in them to include them in local exhibitions. She eventually felt this work required little creativity or originality, and she acknowledged her plates ""with shame"" and a ""sad confession,"" hoping that some of them would wear out ""their suspending wires"" and be ""dashed to pieces."" When her autobiography,

Background with Figures

, was published in 1930, she denounced her china plates as ""the lowest depth [she] ever reached in commercial art.""

Even though Beaux dismissed the likenesses of children she painted on china plates, these somewhat formulaic and decorative portrayals from the late 1870s to the mid-1880s demonstrate an attention to detail, perspective, anatomy, as well as fabric, color and light. Beaux’s china paintings were foundational to her development as a high style portrait painter, demonstrating stylistic progression from the china plate to the canvas.

While china painting was a popular pastime for women in the late nineteenth and early twentieth centuries, and Cecilia Beaux is known to have produced numerous china paintings throughout the 1880s, existing examples of her portraits of children on china plates are now quite rare. Counting this porcelain plate of the

Biddle Child

, only six are known today. The Metropolitan Museum of Art owns

The Bruce Boy

(ca. 1879-1883) and

The Bruce Child

(1880). The remaining three are still privately owned. Two of the three previously documented plates have been on exhibition–Margaretta Wood (1887; at the Philadelphia Museum of Art, 1976) and Clara Hoopes (1882; at the National Portrait Gallery, 1995). The final known plate,

Cooper Wood

(1887) is illustrated in the Beaux files at the Pennsylvania Academy of the Fine Arts.","boy, black velvet jacket, cavalier collar, brown background, flaxen blond hair, portrait, porcelain plate, child",,,"Live Cecilia Beaux (American, 1855-1942) (American, 1855-1942) The Biddle Child , 1881 oil on porcelain diameter: 12 3/4 in.",https://assets.basta.app/accounts/4832eb18-f9a7-4c12-8295-871abe232696/images/924b4bfb-3e51-4cbc-92b3-bdba5317130f?format=auto&width=1080&quality=75,https://freemansauction.com/auction/6507-american-art-and-pennsylvania-impressionism/lot/26,1.0,,,original,,
7b6251e4-a4ac-4f94-8e98-2f252f3a180c,Artwork,Hindman,,2026-06-07,Philadelphia,American Art and Pennsylvania Impressionists,https://freemansauction.com/auction/6507-american-art-and-pennsylvania-impressionism,Lot 27,USD,8000.0,12000.0,8000.0,6666.67,8000.0,12000.0,8000.0,6666.67,Howard Chandler Christy,1872,1952.0,The Milkmaid,painting,oil on canvas,,35.0,70.0,in,no,yes,yes,1910.0,"Brunk Auctions, Asheville, North Carolina, Sale of November 18, 2018, Lot 1694.

Acquired directly from the above sale.

Private Collection, California.

Exhibited:

Daytona Beach, Museum of Arts and Sciences, ""The Genteel Tradition in American Painting,"" January 15 – March 21, 1999.","woman, milkmaid, copper container, green background, dress, apron, outdoors, foliage, standing pose, early 20th century",,,"Live Howard Chandler Christy (American, 1872-1952) (American, 1872-1952) The Milkmaid , 1910 oil on canvas 70 x 35 in.",https://assets.basta.app/accounts/4832eb18-f9a7-4c12-8295-871abe232696/images/ac566286-a32d-4e0f-a5cd-3b78f5cfbea2?format=auto&width=1080&quality=75,https://freemansauction.com/auction/6507-american-art-and-pennsylvania-impressionism/lot/27,1.0,,,original,,
f81e82f6-47d9-408d-b61d-b4ee9ccc146d,Artwork,Hindman,,2026-06-07,Philadelphia,American Art and Pennsylvania Impressionists,https://freemansauction.com/auction/6507-american-art-and-pennsylvania-impressionism,Lot 29,USD,8000.0,12000.0,8000.0,6666.67,8000.0,12000.0,8000.0,6666.67,John George Brown,1831,1913.0,Steady,painting,oil on canvas,,16.25,24.25,in,no,yes,yes,1902.0,"Galleries Maurice Sternberg, Chicago, Illinois.

Acquired directly from the above.

Private Collection, Illinois.

By descent to the present owner, Illinois.","boy, dog, red sweater, brown shoes, brown trousers, playful expression, pet, white background, sitting pose",,,"Live John George Brown (American, 1831-1913) (American, 1831-1913) Steady , c. 1902 oil on canvas 24 1/4 x 16 1/4 in.",https://assets.basta.app/accounts/4832eb18-f9a7-4c12-8295-871abe232696/images/3e1aba32-ff69-45a1-a4fa-7c9af34f5482?format=auto&width=1080&quality=75,https://freemansauction.com/auction/6507-american-art-and-pennsylvania-impressionism/lot/29,1.0,,,original,,
3536a036-0252-4b33-95d9-7bd2bf6339f4,Artwork,Hindman,,2026-06-07,Philadelphia,American Art and Pennsylvania Impressionists,https://freemansauction.com/auction/6507-american-art-and-pennsylvania-impressionism,Lot 30,USD,6000.0,8000.0,6000.0,5000.0,6000.0,8000.0,6000.0,5000.0,William Sergeant Kendall,1869,1938.0,Mrs. Hoyt and Her Sons,painting,oil on canvas,,49.0,54.0,in,no,yes,yes,1901.0,"Dr. Anson Phelps Stokes Hoyt (1897-1992), Pasadena, California.

Exhibited:

New York, Owen Gallery, ""William Sergeant Kendall, American Master,"" April 15 – June 19, 1998, n.p., fig. 8, illustrated.","woman, children, red dress, portrait, foliage, trees, sitting, outdoor, river, background",,,"Live William Sergeant Kendall (American, 1869-1938) (American, 1869-1938) Mrs. Hoyt and Her Sons , 1901 oil on canvas 54 x 49 in. Property from a Private Collection, Savannah, Georgia",https://assets.basta.app/accounts/4832eb18-f9a7-4c12-8295-871abe232696/images/f59630c3-fcbf-47e7-ad95-a82b9e112a8c?format=auto&width=1080&quality=75,https://freemansauction.com/auction/6507-american-art-and-pennsylvania-impressionism/lot/30,1.0,,,original,,
fe9f0912-f9c5-4c3d-bd41-6ba5afb4b8b1,Artwork,Hindman,,2026-06-07,Philadelphia,American Art and Pennsylvania Impressionists,https://freemansauction.com/auction/6507-american-art-and-pennsylvania-impressionism,Lot 31,USD,20000.0,30000.0,20000.0,16666.67,20000.0,30000.0,20000.0,16666.67,Daniel Ridgway Knight,1839,1924.0,A Harvest Lunch,painting,oil on canvas laid to panel,,29.0,36.5,in,no,yes,yes,,"Christie's, New York, Sale of October 28, 1983, Lot 36.

Private Collection, Running Springs, California.

Butterfields, San Francisco, Sale of December 12, 2001, Lot 5048 (as

Midday's Pause

).

Acquired directly from the above sale.

Paul J. & Patricia A. Zecchi, Colorado.

Freeman's, Philadelphia, Sale of July 21, 2020, Lot 19 (as

Midday's Pause

).

Galerie Michel, Beverly Hills, California.

Private Collection, California.

Literature:

Included in the digital catalogue raisonné of the artist's work published by Rehs Galleries, www.ridgwayknight.com, catalog no. SF1006.","woman, field, harvest, pitcher, basket, wildflowers, bread, pot, water, landscape",,,"Live Daniel Ridgway Knight (American, 1839-1924) (American, 1839-1924) A Harvest Lunch oil on canvas laid to panel 36 1/2 x 29 in.",https://assets.basta.app/accounts/4832eb18-f9a7-4c12-8295-871abe232696/images/3137f72b-49e6-44fd-897a-6c8f4937fe54?format=auto&width=1080&quality=75,https://freemansauction.com/auction/6507-american-art-and-pennsylvania-impressionism/lot/31,1.0,,,original,,
ccd9c143-c6fe-47eb-a78e-52b477f583ed,Artwork,Hindman,,2026-06-07,Philadelphia,American Art and Pennsylvania Impressionists,https://freemansauction.com/auction/6507-american-art-and-pennsylvania-impressionism,Lot 32,USD,4000.0,6000.0,4000.0,3333.33,4000.0,6000.0,4000.0,3333.33,Lee Lufkin Kaula,1865,1957.0,Midsummer Repose,painting,oil on canvas laid to board mounted to stretcher,,25.0,30.0,in,no,yes,yes,,"Private Collection, Illinois.

By descent to the present owner, Illinois.","two girls, green dress, white dress, grass, trees, nature, sunlight, childhood, outdoor scene, leisure",,,"Live Lee Lufkin Kaula (American, 1865-1957) (American, 1865-1957) Midsummer Repose oil on canvas laid to board mounted to stretcher 30 x 25 in.",https://assets.basta.app/accounts/4832eb18-f9a7-4c12-8295-871abe232696/images/58a14987-a5f8-4c2b-bfec-2eb8ff6fb99d?format=auto&width=1080&quality=75,https://freemansauction.com/auction/6507-american-art-and-pennsylvania-impressionism/lot/32,1.0,,,original,,
86606c3d-9c1a-4957-b54c-796a633c7c0c,Artwork,Hindman,,2026-06-07,Philadelphia,American Art and Pennsylvania Impressionists,https://freemansauction.com/auction/6507-american-art-and-pennsylvania-impressionism,Lot 33,USD,100000.0,150000.0,100000.0,83333.33,100000.0,150000.0,100000.0,83333.33,Childe Hassam,1859,1935.0,The Bather (The Bather I),painting,oil on canvas,,52.0,45.0,in,no,yes,yes,1904.0,"Commissioned by Charles Erskine Wood, Portland, Oregon, 1904.

By descent in the family.

Private Collection, San Francisco, California.

Gerald Peters Gallery, New York, New York, 1998.

Private Collection.

Literature:

Gerald Peters Gallery,

Defining Beauty: American Art from a Private Collection

, New York, pp. 24-25, illustrated.

Lot Essay:

The Bathers

is part of a cycle of four paintings that Childe Hassam completed in 1904 for the library of Charles Erskine Scott Wood's home in Portland, Oregon. Hassam had met Wood through their mutual friend, the artist J. Alden Weir. After Wood graduated from West Point (where he would have known Weir's father Robert, who was the art instructor there), he was sent West and in 1877 negotiated the surrender of Chief Joseph of the Nez Pearce. Frustrated with the treatment of the Native Americans, he resigned from the army to study law at Columbia University. Upon his return to Oregon, Wood continued in his pursuit of social justice and aspired to a political career, all while maintaining a successful law practice. He was also a frequently published art critic, one of the founders of the Portland Art Association, was an accomplished painter, and a patron for both his own collection and for public commissions.

Wood was an admirer of and influenced by the Arts and Crafts movement that eschewed the ornate aesthetic of the late Victorian era in favor of simple and harmonious design. Writing to Weir in 1904, he described how Hassam, ""whirled in and painted me a whole wall for my studio...It grew out of a remark of mine that I was tired of my bric-a-brac house, like a dealer's shop, and wanted to back to Greek simplicity-the whole room done as an intentional whole by one man."" (cited in H. Barbara Weinberg, Kimberly Orcutt, et. al.

Childe Hassam: American Impressionist

, New Haven, for the Metropolitan Museum of Art, 2004 (Wood to Weir, May 23, 1904, p. 199))

In March 1904 Hassam wrote to Wood that: The decoration is done-and it was with a very fine ration of ""Salmon Belles"" from Astoria Oregon that the last licks were put in...When will you want the decoration sent out to you. It will be sent rolled...It is on view perfectly by electric light. In fact I have worked on it in places at night. It will look as I want it to by electric light as daylight. I wish you could alight here and see it."" (Ibid. Hassam to Wood, March 1, 1904) That summer, Hassam traveled to Portland to install the cycle of paintings himself. All four panels depict east coast inspired landscapes are more allegorical than documentary in their intention. The present painting, along with

The Bathers

(a four-by-twelve-foot canvas now in the collection of the Memorial Art Gallery, Rochester, New York) reveal the influence of Pierre Puvis de Chavannes on Hassam's allegorical works. Here, as in the large panel, lithe, nude women bask on a sunlit shoreline. As Kimberly Orcutt has described, with their ""stylized, primitive quality, the scene suggests a Greek frieze,"" descried by Hassam as ""a class-nude and landscape."" (Ibid. p. 319)

Wood was not the only person to commission such work from Hassam. The year before, Hassam completed painted door panels for Florence Griswold's dining room in Old Lyme, Connecticut. The similar subject matter-these panels are also titled

The Bathers-

shows an increasing interest in this type of subject matter-the allegorical and the classical-within Hassam's oeuvre at this time. As early as 1902, Hassam was working on studies for the works that would comprise the Wood commission, evidenced by the small study now in the Portland Art Museum. In the first decade of the twentieth century Hassam created at least seven works titled

Bather

, showing his focused interest in compositions of neoclassical female figures at their toilette.

For the Wood commission, in addition to the paintings themselves, Hassam carefully oversaw the framing of the four mural panels, placing an order from the firm operated by Hermann Dudley Murphy, Charles Prendergast, and Walfred Thulin that would come to be known as Carrig-Rohane in 1904 for a frame in ""pattern number 2"" and another ""in the Tarbell pattern."" Both were designed by Murphy based on fifteenth-century Venetian cassetta frames.

The Bather

is the only one of the cycle of paintings that was signed by the artist and was chosen to remain in the family's possession for that reason.","water, figure, shoreline, trees, blue, nature, landscape, sunlight, woman, bather",,,"Live Childe Hassam (American, 1859-1935) (American, 1859-1935) The Bather (The Bather I) , 1904 oil on canvas 45 x 52 in.",https://assets.basta.app/accounts/4832eb18-f9a7-4c12-8295-871abe232696/images/2d6b153d-382e-4066-8207-7fea4a3b71a5?format=auto&width=1080&quality=75,https://freemansauction.com/auction/6507-american-art-and-pennsylvania-impressionism/lot/33,1.0,,,original,,
b74a195d-dd1e-4c7a-961d-c3ab445c6ee9,Artwork,Hindman,,2026-06-07,Philadelphia,American Art and Pennsylvania Impressionists,https://freemansauction.com/auction/6507-american-art-and-pennsylvania-impressionism,Lot 34,USD,10000.0,15000.0,10000.0,8333.33,10000.0,15000.0,10000.0,8333.33,Louis Comfort Tiffany,1848,1933.0,Woman by a Stream,painting,gouache and watercolor on paper laid to board,,20.875,28.875,in,no,yes,yes,1913.0,"Private Collection, Pennsylvania.

Lot Note:

Although most popularly known for his exquisite stained-glass creations, Louis Comfort Tiffany first trained and worked as a painter of landscapes, still lifes, and genre scenes in both oil and watercolor. He first studied with landscapist George Inness and then trained with Leon-Adolphe-Auguste Belly in Paris, a specialist in Middle Eastern subjects. This education, combined with an 1869 visit to Spain and North Africa with artist Samuel Colman, stirred an enduring interest in strong color. On this 1869 trip, Colman also encouraged Tiffany to make watercolor sketches for later conversion into paintings. Throughout the 1870s, Tiffany exhibited his paintings widely, and in 1877, became one of the secessionist artists, along with John La Farge and Augustus Saint-Gaudens, who rebelled against the staid National Academy of Design and formed the Society of American Artists.

By the late 1870s, Tiffany began to shift his focus to decorative arts, interiors, and glassmaking, but he never fully turned away from painting as a medium for more personal expression.

Woman by a Stream

dates from his later period and reflects Tiffany's enduring fondness for the media of both painting and decoration, as well as the fusion of the two. The present composition relates to an earlier watercolor by the artist, titled

The Bather

, c. 1910 (location unknown), which was published as an illustration in the

New York Herald

in 1910.

The Bather

was a major work that was widely exhibited and described as “exquisitely colored.” (“Chicago Sees Water Colors,”

The Christian Science Monitor

, May 18, 1911, p. 19) Signed and dated to 1913,

Woman by a Stream

appears to be a later version of

The Bather

and not a preparatory work. It is possible that the present gouache and watercolor was executed as part of the design exploration that culminated with Tiffany’s

The Bathers

, a large leaded-glass window completed c. 1914 and installed in 1915 in the living hall of the artist’s country estate, Laurelton Hall, in Oyster Bay, New York. This leaded-glass window was unfortunately lost when Laurelton Hall was destroyed by fire in 1957.","woman, stream, waterfall, rocks, water, nature, foliage, green, flowers, landscape",,,"Live Louis Comfort Tiffany (American, 1848-1933) (American, 1848-1933) Woman by a Stream , 1913 gouache and watercolor on paper laid to board 28 7/8 x 20 7/8 in.",https://assets.basta.app/accounts/4832eb18-f9a7-4c12-8295-871abe232696/images/0fa341cc-a447-4981-bdc0-7159519be613?format=auto&width=1080&quality=75,https://freemansauction.com/auction/6507-american-art-and-pennsylvania-impressionism/lot/34,1.0,,,original,,
758e90e7-17f5-4723-87aa-32f2ba126dc8,Artwork,Hindman,,2026-06-07,Philadelphia,American Art and Pennsylvania Impressionists,https://freemansauction.com/auction/6507-american-art-and-pennsylvania-impressionism,Lot 35,USD,150000.0,250000.0,150000.0,125000.0,150000.0,250000.0,150000.0,125000.0,Thomas Wilmer Dewing,1851,1938.0,The Music Lesson,painting,oil on canvas,,14.0,16.125,in,no,yes,yes,1921.0,"Milch Galleries, New York, New York, 1922.

Albert R. Jones, Kansas City, Missouri, by 1922-1957.

By descent to his daughter, Virginia Mullin, Tucson, Arizona, 1957-1988.

By descent to her husband, Ralph Mullin, 1988-1995.

By descent to his grandson, Christopher Mullin, 1995-2001.

Christie's, New York, Sale of May 23, 2001, Lot 59.

Private Collection.

Exhibited:

New York, Macbeth Gallery, October 1921.

New York, Brooklyn Society of Artists, ""Sixth Annual Exhibition,"" May 2 – 24 (as

The Lesson

).

Kansas City, Kansas City Art Museum,

The Music Lesson

, lent anonymously, n.d. (per label affixed to the frame).

Literature:

Richard Muther,

History of Modern Painting

, London, 1907, vol. 4, p. 317 (as

At the Piano

).

""New Society to Do Its Best This Year,""

American Art News

, vol. 20 (October 15, 1921), p. 1.

Elliott Daingerfield to Albert R. Jones, January 27, 1922.

Charles Ely, ""Thomas W. Dewing,""

Art in American and Elsewhere

, vol. 10 (August 1922), pp. 225-229, illustrated (as

The Piano Lesson

).

Christina Miller Cocroft, ""Thomas Wilmer Dewing: The Man and His Art,"" MA thesis, George Washington University, Washington, DC, 1971, no. 118.

Susan Hobbs,

The Art of Thomas Wilmer Dewing: Beauty Reconfigured

, New York, 1996, p. 41.

Susan Hobbs,

Thomas Wilmer Dewing, Beauty into Art: Catalogue Raisonné, Volume I

, New Haven, 2018, pp. 562-563, no. 293.

Lot Essay:

The Music Lesson

is a superb example of Thomas Wilmer Dewing's mature works. Stylistically, this painting shows the influence of Tonalism with its use of a subdued color palette and diffused light, evoking an atmosphere of quiet. In the present example, the elegant young woman is engaged directly with the viewer in the attitude of apt attention.

In 1922 Catherine Beach Ely wrote: ""In some of his methods Dewing is a modernist, yet in his choice of models and point of view he stands alone, combining the romantic and classic tradition with up–to–date technique. In his work aristocracy of feeling and modernity are married."" (C. B. Ely, “Thomas W. Dewing,""

Art in America and Elsewhere

, August 1922, p. 229) The undefined empty room, the absence of narrative, and the narrow tonal range of the palette combine to create an atmosphere of mystery. Those more Whistlerian in his technique and tone, Dewing’s interest in the works of the master Jan Vermeer (who similarly presented women in captured moments) can be clearly seen.

Kenyon Cox, a contemporary of Thomas Dewing, wrote, ""Some hundreds of years hence the historian of our time may be puzzled by Mr. Dewing's treatment of our life, and wonder if the ladies of the day usually sat in such bare rooms or wore low-cut dresses in the daytime; but what does it matter? It is a fantasy, but what a delicate one!"" (Susan Hobbs,

Beauty Reconfigured: The Art of Thomas Wilmer Dewing

, New York, 1996, p. 31)","woman, yellow dress, piano, empty room, portrait, seated, attention, light, tonalism, mystery",,,"Live Thomas Wilmer Dewing (American, 1851-1938) (American, 1851-1938) The Music Lesson , 1921 oil on canvas 16 1/8 x 14 in.",https://assets.basta.app/accounts/4832eb18-f9a7-4c12-8295-871abe232696/images/5c006c0b-c483-4759-b3d5-d0f5ff7e40e6?format=auto&width=1080&quality=75,https://freemansauction.com/auction/6507-american-art-and-pennsylvania-impressionism/lot/35,1.0,,,original,,
3756f069-fc2a-46b5-8cb6-b9ac80b90129,Artwork,Hindman,,2026-06-07,Philadelphia,American Art and Pennsylvania Impressionists,https://freemansauction.com/auction/6507-american-art-and-pennsylvania-impressionism,Lot 36,USD,6000.0,8000.0,6000.0,5000.0,6000.0,8000.0,6000.0,5000.0,Emma Fordyce MacRae,1887,1974.0,Ruth,painting,oil on board,,32.0,40.0,in,no,yes,yes,1942.0,"The Artist.

The Estate of the Artist.

By descent in the Artist's family.

Private Collection, United Kingdom.

Exhibited:

New York, National Academy of Design, April 1942.

New York, National Association of Women Artists, April 1944.

Gloucester, Cape Ann Museum, ""Emma Fordyce MacRae,"" March 1 – July 20, 2008.

Literature:

American Art Review

, April 2008, p. 68.","woman, book, necklace, table, portrait, painting, red hair, flower pot, wall, dress",,,"Live Emma Fordyce MacRae (American, 1887-1974) (American, 1887-1974) Ruth , 1942 oil on board 40 x 32 in.",https://assets.basta.app/accounts/4832eb18-f9a7-4c12-8295-871abe232696/images/10e9aac6-e84f-46d1-b027-534fd8ae4773?format=auto&width=1080&quality=75,https://freemansauction.com/auction/6507-american-art-and-pennsylvania-impressionism/lot/36,1.0,,,original,,
f79826cd-1997-4865-913e-98d6cf22d873,Artwork,Hindman,,2026-06-07,Philadelphia,American Art and Pennsylvania Impressionists,https://freemansauction.com/auction/6507-american-art-and-pennsylvania-impressionism,Lot 37,USD,3000.0,5000.0,3000.0,2500.0,3000.0,5000.0,3000.0,2500.0,Emma Fordyce MacRae,1887,1974.0,Foxgloves in Two-Handled Pot,painting,oil on canvas mounted to board,,18.0,26.0,in,no,yes,yes,,"The Artist.

The Estate of the Artist.

By descent in the Artist's family.

Private Collection, United Kingdom.","foxgloves, flowers, vase, orange lily, white flowers, green stems, black background, decorative rug, pottery, still life",,,"Live Emma Fordyce MacRae (American, 1887-1974) (American, 1887-1974) Foxgloves in Two-Handled Pot oil on canvas mounted to board 26 x 18 in.",https://assets.basta.app/accounts/4832eb18-f9a7-4c12-8295-871abe232696/images/58a07b45-bd06-4437-998e-7dd81a09b48d?format=auto&width=1080&quality=75,https://freemansauction.com/auction/6507-american-art-and-pennsylvania-impressionism/lot/37,1.0,,,original,,
131448a0-4e07-477f-9876-ec3a4ab2136d,Artwork,Hindman,,2026-06-07,Philadelphia,American Art and Pennsylvania Impressionists,https://freemansauction.com/auction/6507-american-art-and-pennsylvania-impressionism,Lot 38,USD,4000.0,6000.0,4000.0,3333.33,4000.0,6000.0,4000.0,3333.33,Emma Fordyce MacRae,1887,1974.0,Pink Lillies with Japanese Print,painting,oil on canvas mounted to board,,30.0,25.0,in,no,yes,yes,1943.0,"The Artist.

The Estate of the Artist.

By descent in the Artist's family.

Private Collection, United Kingdom.

Exhibited:

Gloucester, Gloucester Society, August 1943.

East Hampton, Guild Hall, June 1944.

Philadelphia, Woodmere Art Gallery, ""Philadelphia Ten,"" April 1945.

New York, National Arts Club, October 1947.

New York, Grand Central Art Galleries, 1948.

New York, Audubon House, March 1950.

New York, Cosmopolitan Club, n.d.

New York, Riverside Art Museum,

Artists Equity

, January 1952.","pink lilies, black vase, pink flamingo, Japanese print, decorative background, botanical elements, still life, flowers, floral arrangement, artistic figures",,,"Live Emma Fordyce MacRae (American, 1887-1974) (American, 1887-1974) Pink Lillies with Japanese Print , 1943 oil on canvas mounted to board 25 x 30 in.",https://assets.basta.app/accounts/4832eb18-f9a7-4c12-8295-871abe232696/images/7c99041f-d71b-4f0a-92d4-f87d226ad99f?format=auto&width=1080&quality=75,https://freemansauction.com/auction/6507-american-art-and-pennsylvania-impressionism/lot/38,1.0,,,original,,
51db3680-b536-40e8-9899-55594b6f87bc,Artwork,Hindman,,2026-06-07,Philadelphia,American Art and Pennsylvania Impressionists,https://freemansauction.com/auction/6507-american-art-and-pennsylvania-impressionism,Lot 39,USD,10000.0,15000.0,10000.0,8333.33,10000.0,15000.0,10000.0,8333.33,Jane Peterson,1876,1965.0,The Purple Bouquet,painting,oil on canvas,,24.125,24.125,in,no,yes,yes,,,"flowers, bouquet, pink roses, white flowers, purple flowers, vase, green leaves, dark background, still life, oil painting",,,"Live Jane Peterson (American, 1876-1965) (American, 1876-1965) The Purple Bouquet oil on canvas 24 1/8 x 24 1/8 in. Property from a Private Estate, Palm Beach Gardens, Florida",https://assets.basta.app/accounts/4832eb18-f9a7-4c12-8295-871abe232696/images/a42e7a50-791c-4975-87a1-9e1af3ea062b?format=auto&width=1080&quality=75,https://freemansauction.com/auction/6507-american-art-and-pennsylvania-impressionism/lot/39,1.0,,,original,,
fcee4568-9fa9-4983-804d-854cadf70074,Artwork,Hindman,,2026-06-07,Philadelphia,American Art and Pennsylvania Impressionists,https://freemansauction.com/auction/6507-american-art-and-pennsylvania-impressionism,Lot 40,USD,3000.0,5000.0,3000.0,2500.0,3000.0,5000.0,3000.0,2500.0,Jane Peterson,1876,1965.0,Tiger Lillies,painting,oil on canvasboard,,16.0,12.0,in,no,yes,yes,,,"tiger lilies, flowers, orange, green, leaves",,,"Live Jane Peterson (American, 1876-1965) (American, 1876-1965) Tiger Lillies oil on canvasboard 16 x 12 in. Property from a Private Estate, Palm Beach Gardens, Florida",https://assets.basta.app/accounts/4832eb18-f9a7-4c12-8295-871abe232696/images/1bfa4da8-0948-4ff3-8f77-e89585cbc347?format=auto&width=1080&quality=75,https://freemansauction.com/auction/6507-american-art-and-pennsylvania-impressionism/lot/40,1.0,,,original,,
d469030b-ba1d-4328-b966-62e8a1c551e6,Artwork,Hindman,,2026-06-07,Philadelphia,American Art and Pennsylvania Impressionists,https://freemansauction.com/auction/6507-american-art-and-pennsylvania-impressionism,Lot 41,USD,10000.0,15000.0,10000.0,8333.33,10000.0,15000.0,10000.0,8333.33,Hubert Vos,1855,1935.0,"Still Life with Chinese Sang-de-boeuf Vase, Copper Red and Famille Rose Bottle Vase, and Enameled Dragon Bowl",painting,oil on canvas,,22.0,28.0,in,no,yes,yes,1933.0,"The Estate of Mrs. Andrew I. McKee, New York.

Private Collection, a gift from the above.

Sotheby's, New York, Sale of September 17, 2016, Lot 930.

Acquired directly from the above sale.","Chinese vase, copper red vase, dragon bowl, tablecloth, flowers",,,"Live Hubert Vos (American, 1855-1935) (American, 1855-1935) Still Life with Chinese Sang-de-boeuf Vase, Copper Red and Famille Rose Bottle Vase, and Enameled Dragon Bowl , 1933 oil on canvas 28 x 22 in. Property from a Private Collection, Philadelphia, Pennsylvania",https://assets.basta.app/accounts/4832eb18-f9a7-4c12-8295-871abe232696/images/aa4c88fe-3452-4459-851b-959d6e247844?format=auto&width=1080&quality=75,https://freemansauction.com/auction/6507-american-art-and-pennsylvania-impressionism/lot/41,1.0,,,original,,
6e0b9a6d-0ea4-44fa-a409-2dcf7fc122ed,Artwork,Hindman,,2026-06-07,Philadelphia,American Art and Pennsylvania Impressionists,https://freemansauction.com/auction/6507-american-art-and-pennsylvania-impressionism,Lot 42,USD,5000.0,8000.0,5000.0,4166.67,5000.0,8000.0,5000.0,4166.67,Hovsep Pushman,1877,1966.0,"Vanishing Hope, #290",painting,oil on panel mounted to canvas,,17.5,23.25,in,no,yes,yes,1950.0,"Estate of Armand Pushman, the artist's son.

Acquired directly from the above.

Private Collection.

Sotheby's, New York, Sale of

October 6, 2017, Lot 71.

Acquired directly from the above sale.","statue, figure, vase, robe, dark background, clay, still life",,,"Live Hovsep Pushman (American, 1877-1966) (American, 1877-1966) Vanishing Hope, #290 , c. 1950 oil on panel mounted to canvas 23 1/4 x 17 1/2 in. Property from a Private Collection, Philadelphia, Pennsylvania",https://assets.basta.app/accounts/4832eb18-f9a7-4c12-8295-871abe232696/images/b639fdc9-71c6-409a-8ebf-134c461cec79?format=auto&width=1080&quality=75,https://freemansauction.com/auction/6507-american-art-and-pennsylvania-impressionism/lot/42,1.0,,,original,,
cffa9f33-d187-42a8-bb2c-fe74827fde01,Artwork,Hindman,,2026-06-07,Philadelphia,American Art and Pennsylvania Impressionists,https://freemansauction.com/auction/6507-american-art-and-pennsylvania-impressionism,Lot 43,USD,8000.0,12000.0,8000.0,6666.67,8000.0,12000.0,8000.0,6666.67,Hovsep Pushman,1877,1966.0,"Goddess of Mercy, #431",painting,oil on panel mounted to canvas,,20.5,23.5,in,no,yes,yes,1930.0,"Purchased from Lucy Ishkanian, executrix of the Pushman Estate, New York, New York, 2006.

Cantor Roughton Gallery, Dallas, Texas, New York, New York, and Los Angeles, California.

Gonda Collection, California, 2009.

Private Collection, Wisconsin.","Buddha, wooden statue, vase, dark background, still life",,,"Live Hovsep Pushman (American, 1877-1966) (American, 1877-1966) Goddess of Mercy, #431 , c. 1930 oil on panel mounted to canvas 23 1/2 x 20 1/2 in.",https://assets.basta.app/accounts/4832eb18-f9a7-4c12-8295-871abe232696/images/bf594ae0-802f-4059-9522-8d3881d619d8?format=auto&width=1080&quality=75,https://freemansauction.com/auction/6507-american-art-and-pennsylvania-impressionism/lot/43,1.0,,,original,,
13565a3e-7389-4898-a6ef-d08aeeb3eef2,Artwork,Hindman,,2026-06-07,Philadelphia,American Art and Pennsylvania Impressionists,https://freemansauction.com/auction/6507-american-art-and-pennsylvania-impressionism,Lot 44,USD,10000.0,15000.0,10000.0,8333.33,10000.0,15000.0,10000.0,8333.33,Hovsep Pushman,1877,1966.0,"My Golden Yesterdays,  #594",painting,oil on panel mounted to canvas,,20.5,24.5,in,no,yes,yes,1960.0,"The Artist.

Estate of the Artist, New York, New York.

Acquired directly from the above, 1962.

International Galleries, Chicago, Illinois.

Canton Roughton Gallery, Dallas, Texas and Los Angeles, California, c. 2008.

Lawrence Cantor, Los Angeles, California.

Private Collection, Wisconsin.","Buddha statue, vase, tassels, draped fabric, figurine",,,"Live Hovsep Pushman (American, 1877-1966) (American, 1877-1966) My Golden Yesterdays,  #594 , c. 1960 oil on panel mounted to canvas 24 1/2 x 20 1/2 in.",https://assets.basta.app/accounts/4832eb18-f9a7-4c12-8295-871abe232696/images/4a5fc6da-cb64-4795-81f9-ff7cf8867a53?format=auto&width=1080&quality=75,https://freemansauction.com/auction/6507-american-art-and-pennsylvania-impressionism/lot/44,1.0,,,original,,
2f2b2b96-dfab-46f4-bbe7-9b6e1a0f7b79,Artwork,Hindman,,2026-06-07,Philadelphia,American Art and Pennsylvania Impressionists,https://freemansauction.com/auction/6507-american-art-and-pennsylvania-impressionism,Lot 45,USD,10000.0,15000.0,10000.0,8333.33,10000.0,15000.0,10000.0,8333.33,John Frederick Peto,1854,1907.0,Ten-Dollar Bill,painting,oil on board,,9.25,6.125,in,no,yes,yes,1894.0,"Private Collection, Pennsylvania.","ten-dollar bill, United States, currency, portrait, seal, numbers, text, decoration",,,"Live John Frederick Peto (American, 1854-1907) (American, 1854-1907) Ten-Dollar Bill , after 1894 oil on board 6 1/8 x 9 1/4 in.",https://assets.basta.app/accounts/4832eb18-f9a7-4c12-8295-871abe232696/images/530b3e48-8d8a-4ad2-a64b-a935b87fa763?format=auto&width=1080&quality=75,https://freemansauction.com/auction/6507-american-art-and-pennsylvania-impressionism/lot/45,1.0,,,after,,
a6c43fc2-2581-44bc-a534-e8f758edf8a9,Artwork,Hindman,,2026-06-07,Philadelphia,American Art and Pennsylvania Impressionists,https://freemansauction.com/auction/6507-american-art-and-pennsylvania-impressionism,Lot 46,USD,25000.0,40000.0,25000.0,20833.33,25000.0,40000.0,25000.0,20833.33,Margaretta Angelica Peale,1795,1882.0,Still Life with Basket of Fruit,painting,oil on canvas laid to Masonite,,24.0,20.0,in,no,yes,yes,1795.0,"Private Collection, Wisconsin.","basket, fruit, peaches, grapes, apples, cherries, melon, leaves, vegetation, background",,,"Live Margaretta Angelica Peale (American, 1795-1882) (American, 1795-1882) Still Life with Basket of Fruit oil on canvas laid to Masonite 20 x 24 in.",https://assets.basta.app/accounts/4832eb18-f9a7-4c12-8295-871abe232696/images/97c1256f-f2f7-477d-8cb5-712c508a5a85?format=auto&width=1080&quality=75,https://freemansauction.com/auction/6507-american-art-and-pennsylvania-impressionism/lot/46,1.0,,,original,,
ec6037f6-7df9-48dd-b77b-4f95765c93ea,Artwork,Hindman,,2026-06-07,Philadelphia,American Art and Pennsylvania Impressionists,https://freemansauction.com/auction/6507-american-art-and-pennsylvania-impressionism,Lot 47,USD,5000.0,8000.0,5000.0,4166.67,5000.0,8000.0,5000.0,4166.67,Charles Morris Young,1869,1964.0,The Hunt at Pickering Creek,painting,oil on canvas,,18.125,15.125,in,no,yes,yes,1930.0,"Schwarz Gallery, Philadelphia, Pennsylvania.

Acquired directly from the above.","horse, rider, dogs, water, trees, autumn, reflections, hunt, landscape, orange leaves",,,"Live Charles Morris Young (American, 1869-1964) (American, 1869-1964) The Hunt at Pickering Creek, 1930 oil on canvas 15 1/8 x 18 1/8 in. Property from the Wetherill Family Collection, Main Line, Philadelphia and Château de Drouilly, Les Hayes, France",https://assets.basta.app/accounts/4832eb18-f9a7-4c12-8295-871abe232696/images/6415acd2-6c77-471a-aca3-d71e67a2c611?format=auto&width=1080&quality=75,https://freemansauction.com/auction/6507-american-art-and-pennsylvania-impressionism/lot/47,1.0,,,original,,
b1c450db-0d2a-41f2-866a-61bee62ca0e0,Artwork,Hindman,,2026-06-07,Philadelphia,American Art and Pennsylvania Impressionists,https://freemansauction.com/auction/6507-american-art-and-pennsylvania-impressionism,Lot 48,USD,4000.0,6000.0,4000.0,3333.33,4000.0,6000.0,4000.0,3333.33,Vaughn Flannery,1898,1955.0,"Last Horse Back, Greentree Stable Entrance, Aiken, South Carolina",painting,oil on Masonite,,28.0,20.0,in,no,yes,yes,,"Kraushaar Galleries, New York, New York.

Exhibited:

Houston, Museum of Fine Arts, n.d. (per label affixed to stretcher).","horse, stable, pathway, trees, house, clouds, garden, figures, grass",,,"Live Vaughn Flannery (American, 1898-1955) (American, 1898-1955) Last Horse Back, Greentree Stable Entrance, Aiken, South Carolina oil on Masonite 20 x 28 in. Property from the Wetherill Family Collection, Main Line, Philadelphia and Château de Drouilly, Les Hayes, France",https://assets.basta.app/accounts/4832eb18-f9a7-4c12-8295-871abe232696/images/3aa778b1-9a32-4daf-b234-5b842ff2bd93?format=auto&width=1080&quality=75,https://freemansauction.com/auction/6507-american-art-and-pennsylvania-impressionism/lot/48,1.0,,,original,,
9ee87d3a-17b3-452f-9357-f4847414a21a,Artwork,Hindman,,2026-06-07,Philadelphia,American Art and Pennsylvania Impressionists,https://freemansauction.com/auction/6507-american-art-and-pennsylvania-impressionism,Lot 49,USD,5000.0,8000.0,5000.0,4166.67,5000.0,8000.0,5000.0,4166.67,Emma Fordyce MacRae,1887,1974.0,Linda,painting,oil on canvas mounted to board,,14.125,17.125,in,no,yes,yes,,"Debra Force Fine Art, New York, New York.

Private Collection, Vermont.

Exhibited:

Boston, Boston Art Club (per label affixed to the reverse).","woman, portrait, blue background, floral dress, oil painting, red lips, smiling expression, neck, figure",,,"Live Emma Fordyce MacRae (American, 1887-1974) (American, 1887-1974) Linda oil on canvas mounted to board 17 1/8 x 14 1/8 in.",https://assets.basta.app/accounts/4832eb18-f9a7-4c12-8295-871abe232696/images/8217860f-73eb-4182-982c-7afdf583949a?format=auto&width=1080&quality=75,https://freemansauction.com/auction/6507-american-art-and-pennsylvania-impressionism/lot/49,1.0,,,original,,
56c3d553-c93d-4554-895c-5e409b2139b9,Artwork,Hindman,,2026-06-07,Philadelphia,American Art and Pennsylvania Impressionists,https://freemansauction.com/auction/6507-american-art-and-pennsylvania-impressionism,Lot 50,USD,30000.0,50000.0,30000.0,25000.0,30000.0,50000.0,30000.0,25000.0,Richard Edward Miller,1875,1943.0,Bather (Nude),painting,oil on board,,38.0,36.0,in,no,yes,yes,1930.0,"Anchorage Gallery, Provincetown, Massachusetts.

Private Collection, New York.

Sotheby's, New York, Sale of December 3, 1992, Lot 123.

Acquired directly from the above sale.

Private Collection.

Sotheby's, New York, Sale of May 24, 2000, Lot 22.

Acquired directly from the above sale.

Private Collection, Pennsylvania.

Exhibited:

Provincetown, Provincetown Art Association, ""Sixteenth Annual Exhibition of Paintings,"" July 27 – September 1, 1930, no. 9 (as

The Bather

).

Washington, D.C., Corcoran Gallery of Art, ""Twelfth Biennial Exhibition of Contemporary American Paintings,"" November 1930 – January 1931, no. 134 (illustrated in accompanying leaflet).

Worcester, Worcester Art Museum, ""American Painting Today,"" December 1, 1933 – January 15, 1934, no. 93 (as

Nude

).

Literature:

﻿(Possibly)

Art and Archaeology

XXXI, no. 1, January 1931, illustrated.","nude, woman, mirror, flowers, vase, seated, fabric, brown, muted colors, domestic interior",,,"Live Richard Edward Miller (American, 1875-1943) (American, 1875-1943) Bather (Nude) , 1930 oil on board 36 x 38 in.",https://assets.basta.app/accounts/4832eb18-f9a7-4c12-8295-871abe232696/images/db008a62-8563-4a6e-924f-51edb408e294?format=auto&width=1080&quality=75,https://freemansauction.com/auction/6507-american-art-and-pennsylvania-impressionism/lot/50,1.0,,,original,,
df3f646d-14a9-4272-a6b3-098e579e71c2,Artwork,Hindman,,2026-06-07,Philadelphia,American Art and Pennsylvania Impressionists,https://freemansauction.com/auction/6507-american-art-and-pennsylvania-impressionism,Lot 51,USD,12000.0,18000.0,12000.0,10000.0,12000.0,18000.0,12000.0,10000.0,Walt Kuhn,1880,1940.0,Seated Nude,painting,oil on canvas,,25.0,30.0,in,no,yes,yes,1933.0,"The Artist.

Estate of the Artist (Brenda Kuhn).

Acquired directly from the above, 1985.

Private Collection.

Sotheby's, Sale of March 14, 1996, Lot 151.

Acquired directly from the above sale.

Private Collection, Pennsylvania.","nude, woman, seated, oil painting, 1930s, torso, naturalism, expression, color palette, facial expression",,,"Live Walt Kuhn (American, 1880-1940) (American, 1880-1940) Seated Nude , 1933 oil on canvas 30 x 25 in.",https://assets.basta.app/accounts/4832eb18-f9a7-4c12-8295-871abe232696/images/c3769a44-9833-4091-9c0b-93b95f5aa3f6?format=auto&width=1080&quality=75,https://freemansauction.com/auction/6507-american-art-and-pennsylvania-impressionism/lot/51,1.0,,,original,,
f55357b4-174c-4f0c-be94-26827a051cd9,Artwork,Hindman,,2026-06-07,Philadelphia,American Art and Pennsylvania Impressionists,https://freemansauction.com/auction/6507-american-art-and-pennsylvania-impressionism,Lot 52,USD,6000.0,10000.0,6000.0,5000.0,6000.0,10000.0,6000.0,5000.0,Walt Kuhn,1877,1949.0,Light Blue Clown,painting,oil on canvasboard,,9.375,12.25,in,no,yes,yes,1944.0,"Kennedy Galleries, New York, New York, by 1972.

Acquired directly from the above.

Private Collection, Virginia.

Sotheby's, New York, Sale of March 16, 2023, Lot 784.

Acquired directly from the above sale.

Private Collection, New York.

Exhibited:

New York, Kennedy Galleries, ""Walt Kuhn, 1877-1949,"" March 1 – 18, 1972, n.p., no. 7, illustrated.

West Palm Beach, Eaton Fine Art, Inc., ""Small and Beautiful: The Issue of Scale,"" November 7, 1997 – January 2, 1998, p. 36, no. 45, illustrated.

Literature:

Philip Rhys Adams,

Walt Kuhn, Painter: His Life and Work,

Columbus, Ohio, 1978, p. 278, no. 558.","clown, face, oil painting, canvasboard, blue collar, neutral background, male figure, expression, portrait, 1940s",,,"Live Walt Kuhn (American, 1877-1949) (American, 1877-1949) Light Blue Clown , c. 1944 oil on canvasboard 12 1/4 x 9 3/8 in.",https://assets.basta.app/accounts/4832eb18-f9a7-4c12-8295-871abe232696/images/9ad66af9-1bae-4245-88f3-23765245a77e?format=auto&width=1080&quality=75,https://freemansauction.com/auction/6507-american-art-and-pennsylvania-impressionism/lot/52,1.0,,,original,,
83a32584-88f3-4273-86e4-0ed445803484,Artwork,Hindman,,2026-06-07,Philadelphia,American Art and Pennsylvania Impressionists,https://freemansauction.com/auction/6507-american-art-and-pennsylvania-impressionism,Lot 53,USD,40000.0,60000.0,40000.0,33333.33,40000.0,60000.0,40000.0,33333.33,Everett Shinn,1876,1953.0,Bonnie Glass,drawing,pastel on paper,,16.25,34.0,in,no,yes,yes,1915.0,"Adelson Galleries, New York, New York.

Acquired directly from the above.

Private Collection.

Lot Note:

Bonnie Glass was a beloved exhibition and vaudeville dancer who headlined various venues in New York during the first quarter of the 20th century. Born Helen Roche in 1895, she was lauded for her theatrical routines and chic style and frequently performed alongside the likes of Clifton Webb and Rudolph Valentino. By 1915, she was managing Café Montmartre, a popular club in Manhattan, where she was responsible for choreography, design of costumes and sets, as well as discovering new talent.

Immersed in the world of theatre, Everett Shinn depicted countless performance scenes and occasionally portrayed performers as well. A painter of real life, he viewed the pastel medium, with its immediate and unset quality, as better suited to render movement and energy. Far from static, his compositions display dynamic fluidity instead. It is thus no coincidence that Shinn should have favored pastel over any other medium to elicit Glass’s vibrant personality.

The long, vertical portrait presents Glass as a confident, fashionable, and mesmerizing figure. Her standing posture, head tilted and chin slightly up, compels the viewer to return her peering gaze, arguably the focal point of the composition and a vehicle for her intensely magnetic demeanor. Her outfit, an elegant wide brimmed hat and fur-edged velvet coat with supple, undulating folds, further conveys her graceful persona as a dancer, emulating one of the perfectly choreographed performances that made her famous, while also underlining her stylistic acumen. In this portrait, Shinn suggests that, as a performer, cultural icon, or artistic subject, Glass always commands an audience.","woman, hat, dress, coat, flower, portrait, standing posture, theatrical costume, fur, velvet",,,"Live Everett Shinn (American, 1876-1953) (American, 1876-1953) Bonnie Glass , 1915 pastel on paper 34 x 16 1/4 in.",https://assets.basta.app/accounts/4832eb18-f9a7-4c12-8295-871abe232696/images/599f81ab-0dd8-4a4e-b296-c2e5a93c6b3e?format=auto&width=1080&quality=75,https://freemansauction.com/auction/6507-american-art-and-pennsylvania-impressionism/lot/53,1.0,,,original,,
dc40d59c-f7f4-4883-9d58-e2868a358ea0,Artwork,Hindman,,2026-06-07,Philadelphia,American Art and Pennsylvania Impressionists,https://freemansauction.com/auction/6507-american-art-and-pennsylvania-impressionism,Lot 54,USD,6000.0,10000.0,6000.0,5000.0,6000.0,10000.0,6000.0,5000.0,Stuart Davis,1892,1964.0,"Stage Set for ""The Puritans,""",mixed media,"watercolor, gouache, and graphite on paperboard",,23.5,16.5,in,no,yes,yes,1922.0,"The Artist.

Mr. and Mrs. Ralph deGolier, Vineyard Haven, Massachusetts, c. 1923.

Mrs. Ralph deGolier, Vineyard Haven, Massachusetts.

The Downtown Gallery, New York, New York, 1966.

Edith Gregor Halpert, New York, New York.

Estate of the above.

Sotheby Parke Bernet, New York, Sale of May 16, 1973, Lot 2.

Paul F. Stiga, New York, New York.

R. H. Love Galleries, Chicago, Illinois.

Acquired directly from the above, 2000.

Private Collection, Illinois.

Literature:

Kenneth Spritz, ""Behind the Scenes: American Theatrical Design,""

American Art & Antiques

2, no. 2 (March/April 1979), p. 74, illustrated.

Andrea DiNoto, ""Collecting Stage Design–Bargains Aplenty, Paul Stiga: Portrait of a Collector,""

Connoisseur

21, no. 950 (March 1991), p. 108, illustrated.

Ani Boyajian and Mark Rutkoski,

Stuart Davis: A Catalogue Raisonné

,

Vol. 2

, New Haven, 2007, p. 523, no. 1072, illustrated.

Lot Note:

The present lot is one of five stage and costume designs that Stuart Davis made for his friend, Ralph deGolier's play,

The Puritans

.","stage set, tree, chapel, black curtain, stars, watercolor, gouache, graphite, theater design, theatrical elements, costume design",,,"Live Stuart Davis (American, 1892-1964) (American, 1892-1964) Stage Set for ""The Puritans,"" 1922 watercolor, gouache, and graphite on paperboard 16 1/2 x 23 1/2 in.",https://assets.basta.app/accounts/4832eb18-f9a7-4c12-8295-871abe232696/images/44ea5cbe-4ecb-4497-b05b-b694ea135bbc?format=auto&width=1080&quality=75,https://freemansauction.com/auction/6507-american-art-and-pennsylvania-impressionism/lot/54,1.0,,,original,,
496b323a-054e-46cc-b63f-cd67d6b78e53,Artwork,Hindman,,2026-06-07,Philadelphia,American Art and Pennsylvania Impressionists,https://freemansauction.com/auction/6507-american-art-and-pennsylvania-impressionism,Lot 55,USD,4000.0,6000.0,4000.0,3333.33,4000.0,6000.0,4000.0,3333.33,Martha Walter,1875,1976.0,Umbrellas on Bass Rocks Beach,painting,watercolor on paper,,19.25,15.5,in,no,yes,yes,,"David David Gallery, Philadelphia, Pennsylvania.

Private Collection, New York, New York.

Freeman's, Philadelphia, Sale of June 19, 2011, Lot 104.

Acquired directly from the above sale.

Private Collection, Los Angeles, California.","beach, umbrellas, people, water, sea, trees, landscape, sand, swimming suits, summer",,,"Live Martha Walter (American, 1875-1976) (American, 1875-1976) Umbrellas on Bass Rocks Beach watercolor on paper 15 1/2 x 19 1/4 in.",https://assets.basta.app/accounts/4832eb18-f9a7-4c12-8295-871abe232696/images/c20e1390-5ac8-4697-b4a1-46dfa5922ef9?format=auto&width=1080&quality=75,https://freemansauction.com/auction/6507-american-art-and-pennsylvania-impressionism/lot/55,1.0,,,original,,
4882ba3b-fdbb-46a2-8787-52ef20593868,Artwork,Hindman,,2026-06-07,Philadelphia,American Art and Pennsylvania Impressionists,https://freemansauction.com/auction/6507-american-art-and-pennsylvania-impressionism,Lot 56,USD,20000.0,30000.0,20000.0,16666.67,20000.0,30000.0,20000.0,16666.67,Martha Walter,1875,1976.0,Crowded Beach,painting,oil on board,,18.0,14.0,in,no,yes,yes,,"The Artist.

Estate of the Artist.

David David, Philadelphia, Pennsylvania.

John H. Surovek Fine Arts, Palm Beach, Florida.

Collection of John J. McDonough, Massachusetts.

Christie’s, New York, Sale of December 4, 1992, Lot 43.

Acquired directly from the above.

The Estate of Dr. Alfred Ziviello, 2014.

Thomas Colville Fine Art, New York, New York.

Private Collection, New York.

Exhibited:

Youngstown, Youngstown State University, The John J. McDonough Museum of Art, ""Inaugural Exhibition,"" October 1991 – May 1992.","beach, people, umbrellas, ocean, sand, swimsuits, sun, crowd, horizon, summer",,,Live Martha Walter (American 1875-1976) (American 1875-1976) Crowded Beach oil on board 14 x 18 in.,https://assets.basta.app/accounts/4832eb18-f9a7-4c12-8295-871abe232696/images/f5c88cbb-2369-44d2-8fea-b7b9194b4bfd?format=auto&width=1080&quality=75,https://freemansauction.com/auction/6507-american-art-and-pennsylvania-impressionism/lot/56,1.0,,,original,,
c16d7bc8-8472-43f1-88ef-9b9eb074ca4f,Artwork,Hindman,,2026-06-07,Philadelphia,American Art and Pennsylvania Impressionists,https://freemansauction.com/auction/6507-american-art-and-pennsylvania-impressionism,Lot 57,USD,2500.0,4000.0,2500.0,2083.33,2500.0,4000.0,2500.0,2083.33,Cecil Crosley Bell,1906,1970.0,Washington Square Pool,painting,oil on Masonite,,34.0,29.0,in,no,yes,yes,1951.0,"Christie's East, New York, Sale of May 21, 1996, Lot 193.

Acquired directly from the above sale.

Private Collection, Illinois.","children, adults, swimming, pool, fountain, bathing suits, water, summer, greenery, leisure",,,"Live Cecil Crosley Bell (American, 1906-1970) (American, 1906-1970) Washington Square Pool , 1951 oil on Masonite 29 x 34 in.",https://assets.basta.app/accounts/4832eb18-f9a7-4c12-8295-871abe232696/images/a57c3d5d-b836-412d-8ade-27ee40426645?format=auto&width=1080&quality=75,https://freemansauction.com/auction/6507-american-art-and-pennsylvania-impressionism/lot/57,1.0,,,original,,
62ce5deb-3474-41e7-b078-79674b003605,Artwork,Hindman,,2026-06-07,Philadelphia,American Art and Pennsylvania Impressionists,https://freemansauction.com/auction/6507-american-art-and-pennsylvania-impressionism,Lot 58,USD,20000.0,30000.0,20000.0,16666.67,20000.0,30000.0,20000.0,16666.67,Edward Henry Potthast,1857,1927.0,Picnic on the Beach,painting,watercolor and gouache on paper,,39.5,29.25,in,no,yes,yes,1910.0,"Private Collection, New Jersey.

Mary Leonhard Ran Fine Paintings, Cincinnati, Ohio.

Gerald Peters Gallery, New York, New York.

Acquired directly from the above.

Private Collection.

Exhibited:

New York, Gerald Peters Gallery, ""Edward Henry Potthast: American Impressionist

,""

May 20 – June 20, 1998.

Literature:

John Wilson,

Edward Henry Potthast: American Impressionist

, exhibition catalogue, New York, 1998, p. 69, illustrated.

Lot Note:

Populated with vacationers by the seaside,

Picnic on the Beach

, one of the largest watercolors ever produced by Potthast, corresponds to his preferred subject matter from the turn of the century until his death in 1927. Along with the vibrant colors, the expansive composition offers a snapshot of a leisurely summer day: the foreground shows an expanse of light-reflecting sand while the deep blue sky above presses the light onto the figures, who occupy the space cohesively, though engaged in disparate activities in smaller groups. The scene feels gently lively, a communal moment of cheerful relaxation.

Potthast’s authentic portrayal of commoners, of their prosaic activities outside of the tedium of work, is derived from direct experience and expressed through immediate execution. Potthast’s manner is resolutely Impressionist, with loose, spontaneous brushwork and deep swaths of color which stimulate the viewer by evoking sunlight, wind, reflections, and movement. The artist’s technical use of color is heightened by the fluidity of the medium, revealing an astute understanding of its relationship with volume, depth, and texture, and an ability to connect these qualities with ambiance and feeling. The viewer is drawn into the luminous scene, amid the crowd on the beach, made to experience the same energy.","beach, picnic, vacationers, sand, water, umbrellas, clothing, sky, sunlight, figures",,,"Live Edward Henry Potthast (American, 1857-1927) (American, 1857-1927) Picnic on the Beach , c. 1910 watercolor and gouache on paper 29 1/4 x 39 1/2 in.",https://assets.basta.app/accounts/4832eb18-f9a7-4c12-8295-871abe232696/images/a5e1c30b-5ebe-4e2a-93c5-73498e382969?format=auto&width=1080&quality=75,https://freemansauction.com/auction/6507-american-art-and-pennsylvania-impressionism/lot/58,1.0,,,original,,
6d87330f-dfe8-4a35-9081-124cff6e285c,Artwork,Hindman,,2026-06-07,Philadelphia,American Art and Pennsylvania Impressionists,https://freemansauction.com/auction/6507-american-art-and-pennsylvania-impressionism,Lot 59,USD,6000.0,10000.0,6000.0,5000.0,6000.0,10000.0,6000.0,5000.0,Harry Neyland,1877,1958.0,Furled Sails,painting,oil on canvas,,36.0,48.0,in,no,yes,yes,1921.0,,"ship, harbor, water, sails, sky, dock, people, boat, trees, buildings",,,"Live Harry Neyland (American, 1877-1958) (American, 1877-1958) Furled Sails, 1921 oil on canvas 48 x 36 in. Sold to benefit the United Way of Southwestern Pennsylvania 100th Anniversary Campaign",https://assets.basta.app/accounts/4832eb18-f9a7-4c12-8295-871abe232696/images/89258eee-9f37-481b-8ad0-404b550028bc?format=auto&width=1080&quality=75,https://freemansauction.com/auction/6507-american-art-and-pennsylvania-impressionism/lot/59,1.0,,,original,,
f9fe8ad7-8a79-4028-b70f-541f59c04e4e,Artwork,Hindman,,2026-06-07,Philadelphia,American Art and Pennsylvania Impressionists,https://freemansauction.com/auction/6507-american-art-and-pennsylvania-impressionism,Lot 60,USD,3000.0,5000.0,3000.0,2500.0,3000.0,5000.0,3000.0,2500.0,Aaron Gorson,1872,1933.0,"Moorings, Wharfside",painting,oil on canvas laid to board,,11.0,9.25,in,no,yes,yes,1933.0,"Private Collection, California.","mooring, wharf, water, boats, trees, sky, buildings, reflections, industrial, clouds",,,"Live Aaron Gorson (American, 1872-1933) (American, 1872-1933) Moorings, Wharfside oil on canvas laid to board 9 1/4 x 11 in.",https://assets.basta.app/accounts/4832eb18-f9a7-4c12-8295-871abe232696/images/d987b4f7-9a1d-4831-9207-fb1ae12a2dbf?format=auto&width=1080&quality=75,https://freemansauction.com/auction/6507-american-art-and-pennsylvania-impressionism/lot/60,1.0,,,original,,
0cf9795e-fc8d-4373-84c3-b9c041a32eda,Artwork,Hindman,,2026-06-07,Philadelphia,American Art and Pennsylvania Impressionists,https://freemansauction.com/auction/6507-american-art-and-pennsylvania-impressionism,Lot 61,USD,6000.0,10000.0,6000.0,5000.0,6000.0,10000.0,6000.0,5000.0,Jane Peterson,1876,1965.0,Waterside (New York Yacht Club),painting,oil on canvas,,18.0,24.0,in,no,yes,yes,,"Private Collection, Texas.

Exhibited:

Santa Fe, Santa Fe East, ""Five American Women Impressionists,

""

April 2 - May 12, 1982.

Santa Fe, Santa Fe East, ""An Exhibition of Paintings by American Impressionist Painters,"" July 9 – August 25, 1982.","building, water, boats, grass, sky, harbor, landscape, structures, coastal, yacht club",,,"Live Jane Peterson (American, 1876-1965) (American, 1876-1965) Waterside (New York Yacht Club) oil on canvas 24 x 18 in.",https://assets.basta.app/accounts/4832eb18-f9a7-4c12-8295-871abe232696/images/a91ab93f-9c15-4d73-a10d-9fd7b42f2f0c?format=auto&width=1080&quality=75,https://freemansauction.com/auction/6507-american-art-and-pennsylvania-impressionism/lot/61,1.0,,,original,,
8b3d81d9-6d9f-458c-9f98-b11f1a4b7b05,Artwork,Hindman,,2026-06-07,Philadelphia,American Art and Pennsylvania Impressionists,https://freemansauction.com/auction/6507-american-art-and-pennsylvania-impressionism,Lot 62,USD,3000.0,5000.0,3000.0,2500.0,3000.0,5000.0,3000.0,2500.0,Albert York,1928,2009.0,Landscape with Clouds and Bushes,painting,watercolor on paper,,12.0,10.125,in,no,yes,yes,1969.0,"Davis Galleries, New York, New York.

Private Collection, Virginia.","landscape, clouds, bushes, greenery, sky, watercolors, fields, nature, blue, green",,,"Live Albert York (American, 1928-2009) (American, 1928-2009) Landscape with Clouds and Bushes , c. 1969 watercolor on paper 10 1/8 x 12 in.",https://assets.basta.app/accounts/4832eb18-f9a7-4c12-8295-871abe232696/images/7e250aef-5212-45cd-97c4-232f7a42e1f4?format=auto&width=1080&quality=75,https://freemansauction.com/auction/6507-american-art-and-pennsylvania-impressionism/lot/62,1.0,,,original,,
fd3dbe3b-1252-4cff-a155-8bd393e32dfe,Artwork,Hindman,,2026-06-07,Philadelphia,American Art and Pennsylvania Impressionists,https://freemansauction.com/auction/6507-american-art-and-pennsylvania-impressionism,Lot 63,USD,4000.0,6000.0,4000.0,3333.33,4000.0,6000.0,4000.0,3333.33,Clark Greenwood Voorhees,1871,1933.0,Matt Rowland's Road,painting,oil on canvas,,36.0,28.0,in,no,yes,yes,1919.0,"Richard Norton Gallery, Chicago, Illinois.

Acquired directly from the above.

Private Collection, Wisconsin.

Exhibited:

New York, The National Academy of Design, ""The 94th Annual Exhibition,"" no. 90, 1919.

Washington, D.C., American Federation of Arts, n.d.","autumn, trees, stream, bridge, landscape, foliage, water, blue sky, grass, rural",,,"Live Clark Greenwood Voorhees (American, 1871-1933) (American, 1871-1933) Matt Rowland's Road , c. 1919 oil on canvas 28 x 36 in.",https://assets.basta.app/accounts/4832eb18-f9a7-4c12-8295-871abe232696/images/fa47ba7c-f248-42f9-843e-35c9d1fc49c0?format=auto&width=1080&quality=75,https://freemansauction.com/auction/6507-american-art-and-pennsylvania-impressionism/lot/63,1.0,,,original,,
d67c8016-cc32-45c2-9eab-9a8aeb6db24a,Artwork,Hindman,,2026-06-07,Philadelphia,American Art and Pennsylvania Impressionists,https://freemansauction.com/auction/6507-american-art-and-pennsylvania-impressionism,Lot 64,USD,8000.0,12000.0,8000.0,6666.67,8000.0,12000.0,8000.0,6666.67,John Fabian Carlson,1874,1945.0,Winter Landscape with Cottage,painting,oil on canvas,,34.0,24.0,in,no,yes,yes,,"Private Collection, Illinois.","winter landscape, cottage, trees, snow, pathway, dusk, forest, nature, shadows, tranquility",,,"Live John Fabian Carlson (American/Swedish, 1874-1945) (American/Swedish, 1874-1945) Winter Landscape with Cottage oil on canvas 24 x 34 in. Property from the Collection of Patricia and Michael Corbett, Kenilworth, Illinois",https://assets.basta.app/accounts/4832eb18-f9a7-4c12-8295-871abe232696/images/c1a6319e-6d2c-4723-85e6-15bd25584a14?format=auto&width=1080&quality=75,https://freemansauction.com/auction/6507-american-art-and-pennsylvania-impressionism/lot/64,1.0,,,original,,
0bbfefc1-c95b-41bc-a49e-e774c348df8f,Artwork,Hindman,,2026-06-07,Philadelphia,American Art and Pennsylvania Impressionists,https://freemansauction.com/auction/6507-american-art-and-pennsylvania-impressionism,Lot 65,USD,5000.0,8000.0,5000.0,4166.67,5000.0,8000.0,5000.0,4166.67,Aldro Thompson Hibbard,1886,1972.0,The Saw Mill,painting,oil on canvas,,40.125,36.125,in,no,yes,yes,,"Private Collection, Arizona.

Exhibited:

Tucson, Tucson Museum of Art, ""Tucson Collects,"" May 1 – June 22, 1975.","saw mill, snow, horses, logs, trees, men, cabin, smoke, winter, landscape",,,"Live Aldro Thompson Hibbard (American, 1886-1972) (American, 1886-1972) The Saw Mill oil on canvas 36 1/8 x 40 1/8 in.",https://assets.basta.app/accounts/4832eb18-f9a7-4c12-8295-871abe232696/images/755bba30-6a99-417c-b254-07ffddf9c593?format=auto&width=1080&quality=75,https://freemansauction.com/auction/6507-american-art-and-pennsylvania-impressionism/lot/65,1.0,,,original,,
10289931-1915-4b14-bd4d-50da413dcd2f,Artwork,Hindman,,2026-06-07,Philadelphia,American Art and Pennsylvania Impressionists,https://freemansauction.com/auction/6507-american-art-and-pennsylvania-impressionism,Lot 66,USD,2000.0,3000.0,2000.0,1666.67,2000.0,3000.0,2000.0,1666.67,Colin Campbell Cooper,1856,1937.0,New York Winter,painting,oil on canvasboard,,12.0,10.0,in,no,yes,yes,,"R. H. Love Galleries, Inc., Chicago, Illinois.

Acquired directly from the above.

Private Collection, Illinois.","New York, winter, oil, canvasboard, American flag, buildings, skating, river, figures, snow",,,"Live Colin Campbell Cooper (American, 1856-1937) (American, 1856-1937) New York Winter oil on canvasboard 10 x 12 in.",https://assets.basta.app/accounts/4832eb18-f9a7-4c12-8295-871abe232696/images/64ec8651-fcf5-453f-ad87-31a5da45df56?format=auto&width=1080&quality=75,https://freemansauction.com/auction/6507-american-art-and-pennsylvania-impressionism/lot/66,1.0,,,original,,
567509e2-e3e4-4d03-93a5-8de0a5c7ee7c,Artwork,Hindman,,2026-06-07,Philadelphia,American Art and Pennsylvania Impressionists,https://freemansauction.com/auction/6507-american-art-and-pennsylvania-impressionism,Lot 67,USD,4000.0,6000.0,4000.0,3333.33,4000.0,6000.0,4000.0,3333.33,Wolf Kahn,1927,2020.0,Hornig Barn II,drawing,pastel on paper,,17.375,11.625,in,no,yes,yes,2006.0,"Jerald Melberg Gallery, Charlotte, North Carolina.

Private Collection, Long Beach, California.","barn, trees, sky, landscape, building, road, greenery, roof, shadows, colors",,,"Live Wolf Kahn (American/German, 1927-2020) (American/German, 1927-2020) Hornig Barn II , 2006 pastel on paper 11 5/8 x 17 3/8 in.",https://assets.basta.app/accounts/4832eb18-f9a7-4c12-8295-871abe232696/images/9bf7de4a-be44-43af-96da-7c90bbc6cf5e?format=auto&width=1080&quality=75,https://freemansauction.com/auction/6507-american-art-and-pennsylvania-impressionism/lot/67,1.0,,,original,,
0d3610d2-fc06-40de-acff-3903ca69904b,Artwork,Hindman,,2026-06-07,Philadelphia,American Art and Pennsylvania Impressionists,https://freemansauction.com/auction/6507-american-art-and-pennsylvania-impressionism,Lot 68,USD,6000.0,8000.0,6000.0,5000.0,6000.0,8000.0,6000.0,5000.0,Andrew Wyeth,1917,2009.0,Bushel of Blueberries (from Christina's World: Paintings and Prestudies of Andrew Wyeth),painting,watercolor on paper,,13.0,10.0,in,no,yes,yes,1982.0,"Private Collection, Pennsylvania.","blueberries, basket, grass, field, watercolor, nature, landscape, rural, texture, foliage",,,"Live Andrew Wyeth (American, 1917-2009) (American, 1917-2009) Bushel of Blueberries (from Christina's World: Paintings and Prestudies of Andrew Wyeth ), 1982 watercolor on paper 10 x 13 in.",https://assets.basta.app/accounts/4832eb18-f9a7-4c12-8295-871abe232696/images/818d2184-89e1-4a0c-87e0-f9993c70a177?format=auto&width=1080&quality=75,https://freemansauction.com/auction/6507-american-art-and-pennsylvania-impressionism/lot/68,1.0,,,original,,
40f0b015-2ea5-4196-9b79-2b88109c7100,Artwork,Hindman,,2026-06-07,Philadelphia,American Art and Pennsylvania Impressionists,https://freemansauction.com/auction/6507-american-art-and-pennsylvania-impressionism,Lot 69,USD,6000.0,10000.0,6000.0,5000.0,6000.0,10000.0,6000.0,5000.0,Arthur Burdett Frost,1851,1928.0,An Outing,painting,watercolor and gouache on board,,18.0,25.75,in,no,yes,yes,,"Midwestern Galleries, Inc., Cincinnati, Ohio.

Christie's, New York, Sale of October 4, 2000.

Acquired directly from the above sale.

The Kelly Collection, Virginia.","man, woman, bicycles, trees, road, hat, clothing, gravel, landscape, feathers",,,"Live Arthur Burdett Frost (American, 1851-1928) (American, 1851-1928) An Outing watercolor and gouache on board 25 3/4 x 18 in.",https://assets.basta.app/accounts/4832eb18-f9a7-4c12-8295-871abe232696/images/7704549b-84ab-4c78-83ed-5dec8a8cd2d2?format=auto&width=1080&quality=75,https://freemansauction.com/auction/6507-american-art-and-pennsylvania-impressionism/lot/69,1.0,,,original,,
741ff130-f6ec-439a-aa4f-1f2f8cf3da48,Artwork,Hindman,,2026-06-07,Philadelphia,American Art and Pennsylvania Impressionists,https://freemansauction.com/auction/6507-american-art-and-pennsylvania-impressionism,Lot 70,USD,4000.0,6000.0,4000.0,3333.33,4000.0,6000.0,4000.0,3333.33,Howard Pyle,1853,1911.0,The Wonder Clock: The Prince Finds the Sword of Brightness,drawing,pen and ink on paper,,6.25,9.0,in,no,yes,yes,1887.0,"The Kelly Collection, Virginia.

Literature:

Howard and Katherine Pyle,

The Wonder Clock

, New York, 1887 (reprinted 1915), p. 115.

Paul Preston Davis,

Howard Pyle. His Life-His Work

, vol. 2, Wilmington, 2004, no. MBPI1562, pp. 498; 653; 681, illustrated.","prince, sword, old man, table, chair, pattern, clothing, interior, ink drawing, story",,,"Live Howard Pyle (American, 1853-1911) (American, 1853-1911) The Wonder Clock: The Prince Finds the Sword of Brightness , 1887 pen and ink on paper 9 x 6 1/4 in. (sight)",https://assets.basta.app/accounts/4832eb18-f9a7-4c12-8295-871abe232696/images/b39f1fa7-5f60-4b63-9feb-2723ba427028?format=auto&width=1080&quality=75,https://freemansauction.com/auction/6507-american-art-and-pennsylvania-impressionism/lot/70,1.0,,,original,,
8779587e-4231-4eed-ae3a-7c63335e5a7b,Artwork,Hindman,,2026-06-07,Philadelphia,American Art and Pennsylvania Impressionists,https://freemansauction.com/auction/6507-american-art-and-pennsylvania-impressionism,Lot 71,USD,10000.0,15000.0,10000.0,8333.33,10000.0,15000.0,10000.0,8333.33,Howard Pyle,1853,1911.0,Villon–The Singer Fate Fashioned to Her Liking,painting,oil on canvas,,16.25,25.5,in,no,yes,yes,1904.0,"Mrs. D. K. Este Fisher, Jr., Garrison, Maryland.

George L. Small, son of the above.

Sotheby's, New York, Sale of May 21, 2003, Lot 229.

Acquired directly from the above sale.

The Kelly Collection, Virginia.

Literature:

James Branch Cabell, ""In Necessity's Mortar,""

Harper's Monthly Magazine

, October 1904, p. 708, illustrated.

James Branch Cabell,

The Line of Love

, New York, 1905, illustrated.

Paul Preston Davis,

Howard Pyle. His Life-His Work

, vol. 2, Wilmington, 2004, no. MBPI0915, pp. 458; 667; 705, illustrated.

Lot Note:

A master of literary illustration, Howard Pyle excelled at unfolding narrative through attentive pictorial language. Here, the image becomes the purveyor of a pivotal moment in James Branch Cabell’s short story

In Necessity’s Mortar

, the making of Villon the poet. The story centers on François de Montcorbier, a bard whose doomed love for the beautiful Catherine de Vaucelles nearly causes his demise and lands him in jail. The ineluctable trials of love and life in Medieval Paris—""Fate grinned and went on with her weaving”—mold the poet into a multi-faceted figure, deserving of both pity and comeuppance, as described here:

Yonder is Paris—laughing, tragic Paris, who once had need of a singer to voice all her splendor and all her misery. Fate made the man; in necessity’s mortar she pounded his soul into the shape Fate needed. To kings’ courts she lifted him; to thieves’ hovels she thrust him down; Lutetia’s palaces and abbeys and taverns and lupanars and gutters and prisons and its very gallows—Fate dragged him past each in turn that he might make the Song of Paris. He could not have made it here in the smug Rue St-Jacques. And now the song is made, Catherine. So long as Paris endures, Francois Villon will not be forgot. Villon the singer Fate fashioned to her liking; Villon the man she has damned, body and soul.

In the painting, Villon is portrayed in a dark setting overwhelmed with deep, ominous hues ranging from red to brown, possibly a prison cell or a tavern. A manuscript in his hand, he is presented as a mature, solitary figure engrossed in poetic rumination, as if conniving against the powers that “thrust him down” with his written word. François Villon was indeed a real poet, a foundational figure of French medieval literature, and has arguably become an enduring archetype of the poet. Remembered for his run-ins with the law, he was an irreverent figure who spoke frankly and freely. Here, Pyle presents him—and by extension the archetype of the poet—as a tragically ironic figure, an eternally controversial individual only because his work in fact speaks truth to power and reveals the flaws of a society built on entrenched iniquity, perhaps the deep-seated flaws of humankind as a whole.","man, manuscript, red clothing, dark background, tavern, poetic rumination, solitary figure, immersive shadow, wooden bench, silver pitcher",,,"Live Howard Pyle (American, 1853-1911) (American, 1853-1911) Villon–The Singer Fate Fashioned to Her Liking , 1904 oil on canvas 25 1/2 x 16 1/4 in.",https://assets.basta.app/accounts/4832eb18-f9a7-4c12-8295-871abe232696/images/7cf9df21-2084-4c9a-b23a-a3a430be1353?format=auto&width=1080&quality=75,https://freemansauction.com/auction/6507-american-art-and-pennsylvania-impressionism/lot/71,1.0,,,original,,
7604f465-dea7-48f2-951a-5a964fed1a89,Artwork,Hindman,,2026-06-07,Philadelphia,American Art and Pennsylvania Impressionists,https://freemansauction.com/auction/6507-american-art-and-pennsylvania-impressionism,Lot 72,USD,4000.0,6000.0,4000.0,3333.33,4000.0,6000.0,4000.0,3333.33,Alice Barber Stephens,1858,1932.0,Fancy Dress Ball,painting,oil on canvas,,15.125,19.625,in,no,yes,yes,1899.0,"Schwarz Gallery, Philadelphia, Pennsylvania.

Acquired directly from the above, November 1994.

The Kelly Collection, Virginia.","fancy dress ball, historical costumes, women, men, children, celebration, ballroom, floral patterns, music, social gathering",,,"Live Alice Barber Stephens (American, 1858-1932) (American, 1858-1932) Fancy Dress Ball , 1899 oil on canvas 19 5/8 x 15 1/8 in.",https://assets.basta.app/accounts/4832eb18-f9a7-4c12-8295-871abe232696/images/aee03115-d2d3-401c-bcc5-a09ab09da28c?format=auto&width=1080&quality=75,https://freemansauction.com/auction/6507-american-art-and-pennsylvania-impressionism/lot/72,1.0,,,original,,
7fdfe50e-6d01-44a8-af44-6c0a3c023dce,Artwork,Hindman,,2026-06-07,Philadelphia,American Art and Pennsylvania Impressionists,https://freemansauction.com/auction/6507-american-art-and-pennsylvania-impressionism,Lot 73,USD,25000.0,40000.0,25000.0,20833.33,25000.0,40000.0,25000.0,20833.33,Sarah S. Stilwell Weber,1878,1939.0,Children’s May Day Parade (Saturday Evening Post Cover),painting,oil on board,,17.75,21.75,in,no,yes,yes,1914.0,"Private Collection, Virginia.

Literature:

The Saturday Evening Post

, Philadelphia, May 2, 1914, cover illustration.","children, May Day, flowers, parade, spring, celebration, dresses, joy, branches, smiles",,,"Live Sarah S. Stilwell Weber (American, 1878-1939) (American, 1878-1939) Children’s May Day Parade (Saturday Evening Post Cover ), 1914 oil on board 21 3/4 x 17 3/4 in.",https://assets.basta.app/accounts/4832eb18-f9a7-4c12-8295-871abe232696/images/4d2dacb4-1aab-4bdc-ae21-177b3a20e187?format=auto&width=1080&quality=75,https://freemansauction.com/auction/6507-american-art-and-pennsylvania-impressionism/lot/73,1.0,,,original,,
02a88775-81fb-4aee-bd77-3921fadd7435,Artwork,Hindman,,2026-06-07,Philadelphia,American Art and Pennsylvania Impressionists,https://freemansauction.com/auction/6507-american-art-and-pennsylvania-impressionism,Lot 74,USD,15000.0,25000.0,15000.0,12500.0,15000.0,25000.0,15000.0,12500.0,Sarah S. Stilwell Weber,1878,1939.0,Roller Skating (Saturday Evening Post Cover),painting,oil on canvas,,20.0,23.875,in,no,yes,yes,1910.0,"Private Collection, Virginia.

Literature:

The Saturday Evening Post

, Philadelphia, March 12, 1910, cover illustration.","girl, red coat, roller skates, black hat, curly hair, smiling, background, lace, gloves, standing",,,"Live Sarah S. Stilwell Weber (American, 1878-1939) (American, 1878-1939) Roller Skating (Saturday Evening Post Cover), 1910 oil on canvas 23 7/8 x 20 in.",https://assets.basta.app/accounts/4832eb18-f9a7-4c12-8295-871abe232696/images/359f7336-2a14-4e8e-84cf-ed5e288da6ff?format=auto&width=1080&quality=75,https://freemansauction.com/auction/6507-american-art-and-pennsylvania-impressionism/lot/74,1.0,,,original,,
91885e27-6297-4224-92fb-8d1ac0d646d8,Artwork,Hindman,,2026-06-07,Philadelphia,American Art and Pennsylvania Impressionists,https://freemansauction.com/auction/6507-american-art-and-pennsylvania-impressionism,Lot 76,USD,5000.0,7000.0,5000.0,4166.67,5000.0,7000.0,5000.0,4166.67,Robert Henri,1865,1929.0,"Saint-Germain-des-Prés, Paris",painting,oil on panel,,3.75,6.0,in,no,yes,yes,,"Robert Bijou Fine Art, Petaluma, California.

Acquired directly from the above.

Private Collection, California.","tower, street, figures, building, light post, urban scene, Paris, evening, architecture, crowd",,,"Live Robert Henri (American, 1865-1929) (American, 1865-1929) Saint-Germain-des-Prés, Paris oil on panel 6 x 3 3/4 in.",https://assets.basta.app/accounts/4832eb18-f9a7-4c12-8295-871abe232696/images/e24cf017-276f-41f2-9143-db49a2217416?format=auto&width=1080&quality=75,https://freemansauction.com/auction/6507-american-art-and-pennsylvania-impressionism/lot/76,1.0,,,original,,
e48ceba0-2819-4250-b22d-9d922b3af3a2,Artwork,Hindman,,2026-06-07,Philadelphia,American Art and Pennsylvania Impressionists,https://freemansauction.com/auction/6507-american-art-and-pennsylvania-impressionism,Lot 77,USD,15000.0,25000.0,15000.0,12500.0,15000.0,25000.0,15000.0,12500.0,Reginald Marsh,1898,1954.0,Frolicking on the Beach; with Figure Studies (A Double-Sided Work),painting,tempera on Masonite,,30.0,24.0,in,no,yes,yes,1952.0,"Sotheby's, New York, Sale of May 24, 1989, Lot 230A.

Acquired directly from the above sale.

Private Collection, New York.","beach, figures, swimming, nude, stormy sky, movement, group, male, female, athletic",,,"Live Reginald Marsh (American, 1898-1954) (American, 1898-1954) Frolicking on the Beach ; with Figure Studies (A Double-Sided Work), 1952 tempera on Masonite 24 x 30 in.",https://assets.basta.app/accounts/4832eb18-f9a7-4c12-8295-871abe232696/images/4caade68-aafa-4a6e-b612-d9dc331de7a3?format=auto&width=1080&quality=75,https://freemansauction.com/auction/6507-american-art-and-pennsylvania-impressionism/lot/77,1.0,,,original,,
12cd61d0-edda-426b-a18a-dee4db84cb26,Artwork,Hindman,,2026-06-07,Philadelphia,American Art and Pennsylvania Impressionists,https://freemansauction.com/auction/6507-american-art-and-pennsylvania-impressionism,Lot 78,USD,10000.0,15000.0,10000.0,8333.33,10000.0,15000.0,10000.0,8333.33,William Glackens,1870,1938.0,"Bathers, Walker’s Pond (New Hampshire)",painting,oil on canvas laid to board,,16.0,12.0,in,no,yes,yes,1922.0,,"bathers, pond, mountains, trees, water, boat, landscape, summer, figures, sand",,,"Live William Glackens (American, 1870-1938) (American, 1870-1938) Bathers, Walker’s Pond (New Hampshire), c. 1922 oil on canvas laid to board 12 x 16 in. The Collection of Dr. Richard J. and Eva Wattenmaker, Pennsylvania",https://assets.basta.app/accounts/4832eb18-f9a7-4c12-8295-871abe232696/images/dc1a8d40-a586-474b-b4b5-c514272003f2?format=auto&width=1080&quality=75,https://freemansauction.com/auction/6507-american-art-and-pennsylvania-impressionism/lot/78,1.0,,,original,,
48537940-2107-4d4b-b164-d7d6167c5e97,Artwork,Hindman,,2026-06-07,Philadelphia,American Art and Pennsylvania Impressionists,https://freemansauction.com/auction/6507-american-art-and-pennsylvania-impressionism,Lot 79,USD,40000.0,60000.0,40000.0,33333.33,40000.0,60000.0,40000.0,33333.33,William Glackens,1870,1938.0,The Yellow Dress,painting,oil on canvas,,26.0,32.0,in,no,yes,yes,,"Surovek Gallery, Palm Beach, Florida.

Acquired directly from the above.

Private Collection.

To the present owner by bequest.

Lot Note:

The yellow dress is a recurring motif in William Glackens’s later works, often called his “Renoir” period. The garment is a metonymy for modern womanhood, defined by independence and a high sense of fashion. But beyond the obvious reference to the material culture of the Roaring Twenties,

The Yellow Dress

also exemplifies a pivotal shift in Glackens’ career towards the sensuousness of paint and the art form derived from it.

In

The Yellow Dress

, Glackens’s later colorist style is evident with warm tonal variations of yellow and red, interspersed by bursts of green and blue. The yellow dress elegantly wraps the figure and is subtly echoed in her hat, reminiscent of a halo. The indistinct background, even as it suggests drapery and possibly an exterior, recalibrates the focus on the woman, her figure a stark line splitting the painting diagonally across. Her seated posture is relaxed but her piercing gaze and crossed arms exude confidence. She is not meeting the viewer’s eyes, but seems to know she is being contemplated, almost dismissive of our presence. She is at the center of the composition, and at the center of our unrequited attention.","woman, yellow dress, hat, seated posture, confident gaze, warm colors, red background, green accents, blue bursts, diagonal composition",,,"Live William Glackens (American, 1870-1938) (American, 1870-1938) The Yellow Dress oil on canvas 32 x 26 in.",https://assets.basta.app/accounts/4832eb18-f9a7-4c12-8295-871abe232696/images/787a6aea-ff24-4596-a78d-594dc8b43c5f?format=auto&width=1080&quality=75,https://freemansauction.com/auction/6507-american-art-and-pennsylvania-impressionism/lot/79,1.0,,,original,,
ffc37426-653e-483d-a88f-9912b58d5633,Artwork,Hindman,,2026-06-07,Philadelphia,American Art and Pennsylvania Impressionists,https://freemansauction.com/auction/6507-american-art-and-pennsylvania-impressionism,Lot 80,USD,70000.0,90000.0,70000.0,58333.33,70000.0,90000.0,70000.0,58333.33,Gaston Lachaise,1882,1935.0,Garden Figure (Second State),sculpture,bronze with dark brown patina on stone base,,,77.5,in,no,yes,yes,1935.0,"Lachaise Foundation, Boston, Massachusetts.

Robert Schoelkopf Gallery, New York, by 1973.

Acquired directly from the above, 1984.

Private Collection, New York.

By descent to the present owner.

Exhibited:

New York, Robert Schoelkopf Gallery, ""Gaston Lachaise,"" October 20 – November 29, 1973 (extended to December 6), 1973.

Roslyn, The Nassau County Museum of Art, ""Monuments and Monoliths: A Metamorphosis,"" September 24 – December 3, 1978, p. 4 (illustrated, p. 7).

New York, Seventh Regiment Armory, Cheim & Read, Art Dealers Association of America: The Art Show, ""Gaston Lachaise and Louise Bourgeois: A Juxtaposition,"" March 5 – 9, 2014, n.p. (illustrated frontispiece and n.p.).

New York, Christie’s, ""Rockefeller Center and the Rise of Modernism in the Metropolis,"" January 17 – February 25, 2015.

Literature:

James R. Mellow, “Lachaise Nude Sculptures Displayed,""

New York Times

, October 27, 1973, p. 27 (referenced).

Gerald Nordland,

Gaston Lachaise, The Man and His Work

, New York, 1974, p. 55 (the first state of

Garden Figure

referenced), p. 161, the present cast referenced (as first shown at the Robert Schoelkopf Gallery in 1973).

Salander-O'Reilly Galleries & Meredith Long Gallery,

Gaston Lachaise: Sculpture

, exhibition catalogue, New York, 1991, pp. 78–79, 84, no. 35 (another example illustrated).

Louise Bourgeois, ""Obsession,""

Artforum

, vol. 30, no. 8, April 1992, p. 87 (another example illustrated).

Galerie Gerald Piltzer,

Gaston Lachaise Sculptures,

exhibition catalogue, Paris, 1992, pp. 25, 60, no. 25 (another example illustrated).

Sam Hunter,

Lachaise

, New York, 1993, pp. 214–19, 245 (another example illustrated).

Salander-O’Reilly Galleries,

Gaston Lachaise, The Monumental Sculpture,

exhibition catalogue, New York, 1994, n.p. (another example illustrated).

Donald L. Strong, “Gaston Lachaise,

Garden Figure

,""

Masterworks of American Painting and Sculpture from the Smith College Museum of Art,

New York, 1999, pp. 170, 257, no. 10, 257-58n.11, fig. 48 (the plaster model and the present example referenced; the plaster model illustrated).

Virginia Budny, “Gaston Lachaise,

Garden Figure (1935)

,""

Maine Moderns: Art in Seguinland, 1900-1940

, exhibition catalogue, New Haven and Portland, Maine, 2011, p. 112n.1 (this example referenced).

Lot Essay:

Gaston Lachaise’s six-foot-tall

Garden

Figure

(second state) [LF 137] represents a mature, lightly-draped nude woman as a stately, modern-day fertility goddess. Calmly displaying her voluptuous body, while placing her hands on her abdomen and right breast to indicate her generative and nurturing roles, she evokes a pastoral mood of abundance and tranquility. Lachaise developed the full-scale model for the statue from an earlier version,

Garden Figure

(first state) [LF 175]. Both versions were created by him in 1935, at the height of his fame, shortly after the closure of his retrospective at the Museum of Modern Art in New York City—the first show awarded by that museum to an American sculptor.

The nude in the first version of

Garden Figure

is posed exactly as in the second version, although she is younger and thinner. According to Lachaise’s widow, Isabel Dutaud Nagle (1872-1957), writing in about 1938, this earlier statue was based on a thirteen-inch-tall plaster statuette created during the period between 1906 and 1917, and then reworked in 1935 as a “study” for the statue. Both statues of

Garden Figure

were ultimately inspired by Isabel, Lachaise’s muse, whom he met in about 1903 and married in 1917. Yet they reflect the remarkable changes in her physical appearance over the span of several decades. The youthful appearance of the nude in the first version doubtless corresponds to that of the early statuette, whereas the matronly appearance of the second version points to her appearance, at age sixty-three, in 1935. Both versions exhibit the visual language of ideal form and meaning that Lachaise had been taught in his youth. However, the second version displays his own marked tendency, especially later in his career, to enlarge parts of the body of an ideal figure to imply an enormous inner power and potential.

For the second version of

Garden Figure

, Lachaise worked with a plaster cast of the first version. He retained the same overall pose, facial features, drapery, lower part of the body, and integral base. Eliminating the nude’s long, loosely worn hair (signifying informality or girlhood), he added clay to expand the forms of her torso and thighs. With these changes, the nude appears significantly older and heavier, and endowed with an extraordinary authority and power. This technique for ‘developing’ a sculpture, unusual in America at that time, was practiced by Lachaise throughout his career, and was probably acquired in Paris, where he was both trained and briefly employed before immigrating to America in January 1906. Now, in addition to the nude’s symbolic gestures, her remarkable body, articulated with his masterful understanding of sculptural form, communicates her symbolic import as a source of abiding stability and harmony between humankind and the natural order.

According to Lachaise’s widow, this second version of

Garden Figure

is unfinished. How he intended to develop it further is unknown. The molds of the full-scale model left in his studio were discovered in 1970, and at the instance of the Lachaise Foundation (which has overseen the artist’s estate since 1963), a plaster cast was released from the molds by workers at the Modern Art Foundry, New York City. Afterwards, the Foundation authorized an edition of eight bronze casts of this version, and two have thus far been cast by the Modern Art Foundry. The production of the present cast, in 1973, was supervised by New York City dealer Robert Schoelkopf. The second cast, made in 1991, is unlocated.","nude woman, sculpture, bronze, garden figure, stone base, fertility goddess, voluptuous body, drapery, authority, natural order",,,"Live Gaston Lachaise (American/French, 1882-1935) (American/French, 1882-1935) Garden Figure (Second State) [LF 137], 1935 bronze with dark brown patina on stone base height: 77 1/2 in. Property from a Private New York City Family Collection",https://assets.basta.app/accounts/4832eb18-f9a7-4c12-8295-871abe232696/images/0e9c4a17-9303-4466-8005-1f6b201a1697?format=auto&width=1080&quality=75,https://freemansauction.com/auction/6507-american-art-and-pennsylvania-impressionism/lot/80,1.0,,,original,,
2930f536-f3f9-40f0-af09-4f1bbcd0d18d,Artwork,Hindman,,2026-06-07,Philadelphia,American Art and Pennsylvania Impressionists,https://freemansauction.com/auction/6507-american-art-and-pennsylvania-impressionism,Lot 81,USD,60000.0,80000.0,60000.0,50000.0,60000.0,80000.0,60000.0,50000.0,Gaston Lachaise,1882,1935.0,Relief-Woman (Second State),sculpture,bronze with brown verdigris patina,,,86.0,in,no,yes,yes,1934.0,"Lachaise Foundation, Boston, Massachusetts.

Robert Schoelkopf Gallery, New York, New York.

Acquired directly from the above, October 1975.

Private Collection, New York.

By descent to the present owner.

Exhibited:

Greenvale, Long Island, New York, Long Island University, C. W. Post Art Gallery, ""The Long Island Art Collectors’ Exhibition: Modern Masterpieces and Contemporary Art from Long Island Art Collections,"" October 24 – November 23, 1975, n.p., referenced.

Literature:

The Museum of Modern Art,

Gaston Lachaise: Retrospective Exhibition

, exhibition catalogue, New York, 1935, p. 28, no. 58 (plaster model illustrated).

Winslow Ames, “Gaston Lachaise, 1882-1935,”

Parnassus

, vol. 8, no. 4, April 1936, p. 41 (plaster model referenced).

Robert Schoelkopf Gallery,

Gaston Lachaise: Sculpture and Drawings

, exhibition catalogue, New York, 1973, n.p. (plaster model illustrated as

Woman

).

Advertisement, Robert Schoelkopf Gallery,

Art in America,

vol. 62, no. 3, May/June 1974, p. 100 (plaster model illustrated).

Gerald Nordland,

Gaston Lachaise: The Man and His Work,

New York, 1974, p. 125, 126, fig. 63 (plaster model illustrated).

Salander-O’Reilly Galleries,

Gaston Lachaise (1882

–

1935): The Monumental Sculpture

, exhibition catalogue, New York, 1994, no. 4 (model incorrectly dated c. 1930-1936, another example illustrated as

Bas Relief Woman

).

Anne Barclay Morgan, “Gaston Lachaise: The Monumental Sculpture,”

American Art Review

, vol. 7, no. 5, October/November 1995, p. 120 (another example illustrated).

Salander-O’Reilly Galleries,

Gaston Lachaise [1882

–

1935]: Reliefs

, exhibition catalogue, New York, 1999, n.p., no. 8 (another example illustrated as

Bas Relief Woman

).

Deborah Emont Scott, Martin L. Friedman,

Modern Sculpture at the Nelson-Atkins Museum of Art: An Anniversary Celebration

, Kansas City, Missouri, 1999, p. 11 (another example illustrated as

Bas Relief Woman

).

Art + Architecture: The Ebsworth Collection + Residence

, San Francisco, 2006, n.p. (another example illustrated).

Nelson

-

Atkins Museum of Art: A Handbook of the Collection

, Kansas City, Missouri, 2008, p. 180, fig. 82 (another example illustrated as

Bas-Relief Woman

).

Gerald Peters Gallery,

Gaston Lachaise: A Modern Epic Vision

, Santa Fe, 2012, pl. 35 (another example illustrated as

Relief (Woman)

[LF 128]).

Virginia Budny,

Gaston Lachaise: For the Love of Woman

, exhibition catalogue, New York, 2016, pp. 8, 10-11, 38-40, fig. 14 (interior of waste mold of the first state of the relief illustrated; Lachaise’s drawing of his projected revisions on a photograph of the interior of the waste mold illustrated; another example illustrated (as

Figure of a Woman [Relief-Woman]

) [LF 128]).

Lot Essay:

Gaston Lachaise’s large

Relief-Woman

[LF 128], which represents an open-handed, inviting, goddess-like nude resembling his wife, Isabel Duteau (or Dutaud) (1872-1957), was developed in two distinct, well-documented stages, the first in 1925 and the second in 1934. Having created the first stage of the full-scale model before the fall of 1925, he considered that version to be unfinished and expressed his intention to cast the model in bronze when it was completed. He likely envisioned the large relief as a decorative architectural element comparable to the 68-inch-tall reliefs of winged nude personifications of the Four Seasons, for the exterior of Welles Bosworth’s residence in Matinecock, Long Island, that he had carried out two years earlier. Lachaise’s

Relief-Woman

is the first heroic relief that he himself initiated, with the aim of finding a suitable buyer. He likely envisioned the work as a way to express, in the elevated language of those reliefs, his wife’s notable hospitality and generosity in the form of the serene, middle-aged nude.

Lachaise created the plaster model for the first stage of the low relief by carving the composition into a painted slab of plaster. The nude at this stage of the relief exhibits the idiosyncratic, mature figure type that he had introduced to the public in his first exhibition, in 1918, and that was ultimately both inspired by Isabel’s voluptuous body and disciplined by an implicit geometry. The substantial nude in this first version of the relief advances on tiptoes (signifying her elevated state), her head slightly tilted to the side (indicating receptivity), her right arm akimbo (indicating steadfastness), her left arm and hand extended in a warm, welcoming gesture, and her body framed by voluminous drapery.

In 1934, Lachaise again worked on the relief. On August 3, he wrote to his wife: “I have begun to work again—nearly finished the bas relief—the large one in plaster—It’s definitely turning into a good thing—tranquil and generous” (Gaston Lachaise Collection, Yale Collection of American Literature, Beinecke Rare Book and Manuscript Library). In the final version of the relief [LF 128], the arrangement of the woman’s hair is fuller; her body is even more robust than in the first version (reflecting the treatment of ideal nudes he introduced in 1928-1930); her large hands are given even greater importance; and the drapery is more plentiful. In these ways, the original nude has been endowed with an impressive monumentality, in what is almost an apotheosis. The result is an altogether more expansive and masterful composition.

The second state of the relief was first cast in bronze after the Lachaise Foundation, established in 1963, issued a projected edition of eight numbered Estate bronze casts. Five, including the present example (the first), were made for the Foundation between 1975 and 2012 by the Modern Art Foundry, New York. The second (1993) is owned by the Nelson-Atkins Museum of Art, Kansas City, Missouri. And the fourth (2003) is owned by Museum of Fine Arts, Boston. The sixth (2012), selectively gilt, is owned by the Lachaise Foundation.","woman, nude, relief, bronze, sculpture, drapery, figure, patina, inviting gesture, goddess-like",,,"Live Gaston Lachaise (American/French, 1882-1935) (American/French, 1882-1935) Relief-Woman (Second State) [LF 128], 1934 bronze with brown verdigris patina height: 86 in. Property from a Private New York City Family Collection",https://assets.basta.app/accounts/4832eb18-f9a7-4c12-8295-871abe232696/images/4416265a-632a-4e09-882a-f36bc94ff27d?format=auto&width=1080&quality=75,https://freemansauction.com/auction/6507-american-art-and-pennsylvania-impressionism/lot/81,1.0,,,original,,
3e34c862-7d09-41cb-96d3-4ba3eea52d87,Artwork,Hindman,,2026-06-07,Philadelphia,American Art and Pennsylvania Impressionists,https://freemansauction.com/auction/6507-american-art-and-pennsylvania-impressionism,Lot 82,USD,10000.0,15000.0,10000.0,8333.33,10000.0,15000.0,10000.0,8333.33,Charles Henry Alston,1907,1977.0,Musician (Clarinet Player),sculpture,bronze with dark brown patina,,,25.0,in,no,yes,yes,,"(Probably) National Black Fine Art Show, Puck Building, New York, New York.

Private Collection, Maryland.","musician, clarinet player, bronze sculpture, figure, dark brown patina, height 25 in.",,,"Live Charles Henry Alston (American, 1907-1977) (American, 1907-1977) Musician (Clarinet Player) bronze with dark brown patina height (with base): 25 in.",https://assets.basta.app/accounts/4832eb18-f9a7-4c12-8295-871abe232696/images/f790b2ae-93f8-4ab2-8ade-45cb66558858?format=auto&width=1080&quality=75,https://freemansauction.com/auction/6507-american-art-and-pennsylvania-impressionism/lot/82,1.0,,,original,,
c0a9edaf-81e0-4482-a4ce-35d1be5efacc,Artwork,Hindman,,2026-06-07,Philadelphia,American Art and Pennsylvania Impressionists,https://freemansauction.com/auction/6507-american-art-and-pennsylvania-impressionism,Lot 83,USD,20000.0,30000.0,20000.0,16666.67,20000.0,30000.0,20000.0,16666.67,Charles Henry Alston,1907,1977.0,Untitled (Portrait of a Boy),painting,oil on canvas,,16.0,20.0,in,no,yes,no,1940.0,"The Artist.

Estate of the Artist.

Bill Hodges Gallery, New York, New York.

Acquired directly from the above, 2005.

Private Collection, Maryland.","boy, portrait, blue shirt, expression, rocking chair, indoor, seated, facial expression, arm, legs",,,"Live Charles Henry Alston (American, 1907-1977) (American, 1907-1977) Untitled (Portrait of a Boy) , c. 1940-50 oil on canvas 20 x 16 in.",https://assets.basta.app/accounts/4832eb18-f9a7-4c12-8295-871abe232696/images/5b9ff4a3-81e6-4fcc-bf83-82b3d7747b99?format=auto&width=1080&quality=75,https://freemansauction.com/auction/6507-american-art-and-pennsylvania-impressionism/lot/83,1.0,,,original,,
a0ac120c-e8af-46d1-9638-b6eb71042000,Artwork,Hindman,,2026-06-07,Philadelphia,American Art and Pennsylvania Impressionists,https://freemansauction.com/auction/6507-american-art-and-pennsylvania-impressionism,Lot 84,USD,10000.0,15000.0,10000.0,8333.33,10000.0,15000.0,10000.0,8333.33,Charles Henry Alston,1907,1977.0,Musician (Saxophone Player),sculpture,bronze with dark brown patina,,,23.0,in,no,yes,yes,,"(Probably) National Black Fine Art Show, Puck Building, New York, New York,

Private Collection, Maryland.","musician,saxophone,bronze,figure,sculpture,dark brown patina,man,base,music",,,"Live Charles Henry Alston (American, 1907-1977) (American, 1907-1977) Musician (Saxophone Player) bronze with dark brown patina height (with base): 23 in.",https://assets.basta.app/accounts/4832eb18-f9a7-4c12-8295-871abe232696/images/c199856c-d2c8-4e4b-8a8f-ee20ccfba990?format=auto&width=1080&quality=75,https://freemansauction.com/auction/6507-american-art-and-pennsylvania-impressionism/lot/84,1.0,,,original,,
28b57f14-3d38-43e2-889d-3ca45bbb7e26,Artwork,Hindman,,2026-06-07,Philadelphia,American Art and Pennsylvania Impressionists,https://freemansauction.com/auction/6507-american-art-and-pennsylvania-impressionism,Lot 85,USD,2000.0,3000.0,2000.0,1666.67,2000.0,3000.0,2000.0,1666.67,Marion Greenwood,1909,1970.0,"Carnival at Kripplebush, New York",painting,oil on canvas,,34.0,26.25,in,no,yes,yes,1943.0,"R. H. Love Galleries, Chicago, Illinois.

Acquired directly from the above.

Private Collection, Illinois.","carnival, night, people, flags, house, lights, children, crowd, performance, food",,,"Live Marion Greenwood (American, 1909-1970) (American, 1909-1970) Carnival at Kripplebush, New York , c. 1943 oil on canvas 26 1/4 x 34 in.",https://assets.basta.app/accounts/4832eb18-f9a7-4c12-8295-871abe232696/images/fb435f17-b099-4ddd-9a6e-cc840a5c25eb?format=auto&width=1080&quality=75,https://freemansauction.com/auction/6507-american-art-and-pennsylvania-impressionism/lot/85,1.0,,,original,,
415e7476-8e65-498e-9963-e621937c0831,Artwork,Hindman,,2026-06-07,Philadelphia,American Art and Pennsylvania Impressionists,https://freemansauction.com/auction/6507-american-art-and-pennsylvania-impressionism,Lot 86,USD,2000.0,3000.0,2000.0,1666.67,2000.0,3000.0,2000.0,1666.67,Molly Luce,1896,1986.0,Adam and Eve,painting,oil on canvas,,27.5,22.25,in,no,yes,yes,1940.0,,"farm, garden, man, woman, animals, vegetables, flowers, tree, house, landscape",,,"Live Molly Luce (American, 1896-1986) (American, 1896-1986) Adam and Eve , 1940 oil on canvas 22 1/4 x 27 1/2 in. Property from the Estate of Gary Grimes, Pittsburgh, Pennsylvania",https://assets.basta.app/accounts/4832eb18-f9a7-4c12-8295-871abe232696/images/6b18e4da-ef60-4396-a543-f66073bd03f1?format=auto&width=1080&quality=75,https://freemansauction.com/auction/6507-american-art-and-pennsylvania-impressionism/lot/86,1.0,,,original,,
29255bbd-7f03-4a24-8e07-3c329c656ca3,Artwork,Hindman,,2026-06-07,Philadelphia,American Art and Pennsylvania Impressionists,https://freemansauction.com/auction/6507-american-art-and-pennsylvania-impressionism,Lot 87,USD,3000.0,5000.0,3000.0,2500.0,3000.0,5000.0,3000.0,2500.0,John Winters,1904,1983.0,Train Platform (Chicago El),painting,gouache on paper,,24.25,19.0,in,no,yes,yes,1935.0,"The Artist.

Estate of the Artist, Springfield, Pennsylvania.

Freeman's, Philadelphia, Sale of June 16, 2020, Lot 92.

Acquired directly from the above sale.

Private Collection, California.","train platform, people, cityscape, benches, signs, buildings, pigeons, umbrellas, coats, hats",,,"Live John Winters (American, 1904-1983) (American, 1904-1983) Train Platform (Chicago El) , 1935 gouache on paper 19 x 24 1/4 in.",https://assets.basta.app/accounts/4832eb18-f9a7-4c12-8295-871abe232696/images/98969aac-e22b-4f38-82b2-e672fb0e730d?format=auto&width=1080&quality=75,https://freemansauction.com/auction/6507-american-art-and-pennsylvania-impressionism/lot/87,1.0,,,original,,
1e66eeb3-56ac-4ed3-96c4-14b87c3a5229,Artwork,Hindman,,2026-06-07,Philadelphia,American Art and Pennsylvania Impressionists,https://freemansauction.com/auction/6507-american-art-and-pennsylvania-impressionism,Lot 88,USD,4000.0,6000.0,4000.0,3333.33,4000.0,6000.0,4000.0,3333.33,John Grabach,1886,1981.0,Chess,painting,oil on canvas,,36.0,30.0,in,no,yes,yes,,"Radann Gallery, New York, New York.

Acquired directly from the above.

Private Collection, New York.","chess, men, woman, game, table, bottles, suits, glasses, strategy, intensity",,,"Live John Grabach (American, 1886-1981) (American, 1886-1981) Chess oil on canvas 30 x 36 in.",https://assets.basta.app/accounts/4832eb18-f9a7-4c12-8295-871abe232696/images/9cd8651a-6d48-4ba0-abc4-cb10aaac406a?format=auto&width=1080&quality=75,https://freemansauction.com/auction/6507-american-art-and-pennsylvania-impressionism/lot/88,1.0,,,original,,
06cac078-9d66-409e-b141-48bcf75ec183,Artwork,Hindman,,2026-06-07,Philadelphia,American Art and Pennsylvania Impressionists,https://freemansauction.com/auction/6507-american-art-and-pennsylvania-impressionism,Lot 89,USD,10000.0,15000.0,10000.0,8333.33,10000.0,15000.0,10000.0,8333.33,John Grabach,1886,1981.0,Every Man's Home Is His Castle,painting,oil on canvas,,42.0,36.0,in,no,yes,yes,,"Sotheby's, New York, Sale of May 24, 1989, Lot 184.

Acquired directly from the above sale.

Private Collection, New York.","men, building, horses, street, clothesline, snow, figures, balconies, cityscape, clouds",,,"Live John Grabach (American, 1886-1981) (American, 1886-1981) Every Man's Home Is His Castle oil on canvas 36 x 42 in.",https://assets.basta.app/accounts/4832eb18-f9a7-4c12-8295-871abe232696/images/a680522e-df5e-4a85-a69d-6e2d22e08740?format=auto&width=1080&quality=75,https://freemansauction.com/auction/6507-american-art-and-pennsylvania-impressionism/lot/89,1.0,,,original,,
d60d71f4-0656-4c27-a411-f098344ab373,Artwork,Hindman,,2026-06-07,Philadelphia,American Art and Pennsylvania Impressionists,https://freemansauction.com/auction/6507-american-art-and-pennsylvania-impressionism,Lot 90,USD,15000.0,25000.0,15000.0,12500.0,15000.0,25000.0,15000.0,12500.0,Jack Levine,1915,2010.0,The Patriarch of Moscow on a Visit to Jerusalem,painting,oil on canvas,,96.0,84.0,in,no,yes,yes,1975.0,"Kennedy Galleries, New York, New York.

Thyssen-Bornemisza National Museum, by 1978.

Sotheby's, New York, Sale of March 14, 1996, Lot 176.

Acquired directly from the above sale.

Private Collection, Pennsylvania.

Exhibited:

New York, Kennedy Galleries, ""Jack Levine Recent Work"", November 8 − 29, 1975, n.p., no. 12, illustrated.

New York, The Jewish Museum, ""Jack Levine Retrospective"", 1978 − 1980, pp. 24; 26; 50; 57 no. 80, illustrated (traveling to Norton Gallery and School of Art, West Palm Beach; Brooks Memorial Art Gallery, Memphis; Montgomery Museum of Fine Arts, Montgomery; Portland Art Museum, Portland; Minnesota Museum of Art, St. Paul).

Baltimore, The Baltimore Museum of Art, ""American Masters: The Thyssen-Bornemisza Collection,"" 1984-1986, no. 98 (traveling to Detroit Institute of Art, Detroit; Denver Art Museum, Denver; Marion Koogler McNay Art Institute, San Antonio; IBM Gallery of Arts and Sciences, New York; San Diego Museum of Art, San Diego; Society of the Four Arts, Palm Beach; New Orleans Museum of Art, New Orleans).

Literature:

American Masters: The Thyssen-Bornemisza Collection

, 1984, pp. 22, 124, 169, illustrated.

Stephen Robert Frankel, ed.,

Jack Levine

, New York, 1989, pp. 119-121, illustrated.

Lot Note:

Jack Levine has consistently defied categorization. Doggedly attached to the figurative at a time when abstraction came to dominate American Art, he nonetheless rejected outright realism in favor of directness with a critical edge. Distortion became his preferred pictorial vehicle for satire, yielding an aesthetic heavy with social commentary, dark humor, and a relentless desire to probe humanity’s liminal promise and undeniable shortcomings.

Influenced by German expressionism and his family’s Jewish immigrant experience, Levine used slashed brushwork and a dull palette, at times interspersed by harsh, glaring flashes of color, to fill his paintings with a deep sense of angst. He was a prominent member of the Boston Expressionist movement, which started in the 1930s but really prospered in the 1950s all the way through the 1970s.

The Patriarch of Moscow on a Visit to Jerusalem

was executed in 1975, at the apex of his career. With its monumental size, crowded composition, and humorous twists, the work is arguably the epitome of Levine’s artistic practice.

In

The Patriarch

, distortion is unmistakable. In a reversal of the Mannerist method, which typically distorts bodies through aggrandizing and elongation, Levine’s figures instead appear disproportionately shaped in a stocky way, lacking refined features. In fact, the entire scene, crowded, stifling, resembles a mass of indistinct bodies shrouded in ponderous garb, emphasizing function over personality. The facial expressions are puzzling in a comical way: mouths gaping or frowning, eyes wide open or crossed, the figures appear confused or transfixed.

Only the central figure, the Patriarch, escapes the conformity of the scene. Facing forward, his right hand blithely gesturing benediction, he seems to be directly addressing the viewer, conveniently shielded by the aviator goggles covering his eyes. Though less farcical than the rest of the crowd, his cavalier posture is still rendered with humor, an inadequate performance for the solemnity usually associated with his position. Levine’s irreverence, signaling a distaste for religious power, is acerbic because it satirizes a very real individual, Patriarch Pimen, who led the Russian Orthodox Church from 1971 until 1990.

In a 1975 interview with the New York Times, Levine said that “editorial utterance is part of self-expression,” an acknowledgment that there is an agenda behind his artistic output, often propelled by a desire to pinpoint and ridicule power and the corrupted or unethical behaviors that derive from it. As an “editorial” artist, Levine actively employs his medium as a meaningful element, a self-consciousness that only adds gusto to the already provocative subtext inherent in his compositions.","patriarch, ceremony, crowd, religious figures, traditional garments, Jerusalem, expressionism, humor, distortion, social commentary",,,"Live Jack Levine (American, 1915-2010) (American, 1915-2010) The Patriarch of Moscow on a Visit to Jerusalem, 1975 oil on canvas 84 x 96 in.",https://assets.basta.app/accounts/4832eb18-f9a7-4c12-8295-871abe232696/images/2d4e008a-7c53-468b-a0a2-92e4aca038de?format=auto&width=1080&quality=75,https://freemansauction.com/auction/6507-american-art-and-pennsylvania-impressionism/lot/90,1.0,,,original,,
a21e4cec-e147-499b-ba94-63baa30e4cb5,Artwork,Hindman,,2026-06-07,Philadelphia,American Art and Pennsylvania Impressionists,https://freemansauction.com/auction/6507-american-art-and-pennsylvania-impressionism,Lot 91,USD,2000.0,3000.0,2000.0,1666.67,2000.0,3000.0,2000.0,1666.67,Eugene Savage,1883,1978.0,"The Everglades, Moss and Orchids",painting,oil on canvas mounted to Masonite,,12.625,14.625,in,no,yes,yes,1953.0,"The Artist.

Gene Crawford, the artist's grandson.

Acquired directly from the above.

Private Collection, Connecticut.

Lot Note:

Conceived during his visits to Florida from the 1930s onward, Eugene Savage's

Everglades

(or

Seminole

) series combines a stylized, Regionalist aesthetic with Cubo-Surrealist undertones to document the vanishing wetlands and the daily life of the Seminole tribe. These vibrant compositions emphasize the delicate, symbiotic relationship between the indigenous population and their environment, serving as both cultural record and an early visual plea for ecological preservation.","Everglades, orchids, palms, indigenous figure, wildlife, surrealism, wetlands, landscape, foliage, vegetation",,,"Live Eugene Savage (American, 1883-1978) (American, 1883-1978) The Everglades, Moss and Orchids , 1953 oil on canvas mounted to Masonite 14 5/8 x 12 5/8 in.",https://assets.basta.app/accounts/4832eb18-f9a7-4c12-8295-871abe232696/images/7e4190eb-9f42-42c2-b99c-ae94e54f6e1b?format=auto&width=1080&quality=75,https://freemansauction.com/auction/6507-american-art-and-pennsylvania-impressionism/lot/91,1.0,,,original,,
6737ebf5-5987-4816-89f2-c93ac55f2fd0,Artwork,Hindman,,2026-06-07,Philadelphia,American Art and Pennsylvania Impressionists,https://freemansauction.com/auction/6507-american-art-and-pennsylvania-impressionism,Lot 92,USD,30000.0,50000.0,30000.0,25000.0,30000.0,50000.0,30000.0,25000.0,Peter Blume,1906,1992.0,Recollection of the Flood,painting,oil on canvas,,54.0,48.0,in,no,yes,yes,1967.0,"Coe Kerr Gallery, New York, New York, by 1976.

Terry Dintenfass Gallery, New York, New York, by 1980.

Acquired directly from the above, April 1987.

Private Collection, New York.

Exhibited:

New York, Bernard Danenberg Galleries, Inc., ""Peter Blume:

Recollection of the Flood

and Related Works,"" March 30 – April 18, 1970.

Chicago, Museum of Contemporary Art,

""Peter Blume: A Retrospective Exhibition,"" January 10 - February 29, 1976.

New York, Terry Dintenfass Gallery, ""Peter Blume, From the Metamorphoses: Recent Paintings and Drawings,"" March 8 – 28, 1980.

New Britain, Connecticut, The New Britain Museum of American Art, ""Peter Blume: Paintings, Drawings and Sculpture Since 1964,"" October 3 – November 14, 1982, n.p., no. 31, illustrated.

Washington Depot, Connecticut, Anna Howard Gallery, ""Peter Blume,"" April 1991.

Philadelphia, Pennsylvania Academy of the Arts,

Peter Blume: Nature and Metamorphoses

, November 14, 2014 – April 5, 2015 (traveling to Wadsworth Atheneum, Hartford, July 3 – September 20, 2015).

Literature:

Bernard Danenberg Galleries, Inc.,

Peter Blume: Recollection of the Flood and Related Works

, exhibition catalogue, New York, 1970, no. 1, cover illustration.

A Retrospective Exhibition

, exhibition catalogue, Museum of Contemporary Art, Chicago, 1976, n.p., illustrated.

Jeanne Silverthorne, ""Peter Blume,""

Artforum

, Vol. 18, No. 10, Summer 1980, p. 81.

Terry Dintenfass Gallery,

Peter Blume, From the Metamorphoses: Recent Paintings and Drawings

, exhibition catalogue, New York, 1980, no. 8, illustrated.

William Zimmer, ""Painter Known for 30's Works, Still Explores Epic Themes,""

New York Times

, April 21, 1991, p. 124.

Peter Blume: Nature and Metamorphosis

, exhibition catalogue, Philadelphia, 2014, no. 162, p. 287, illustrated.

Lot Note:

Peter Blume permeated his paintings with a sense of incongruity, a key tenet of the magic realist movement to which he subscribed throughout his decades long career, starting in the 1930s. Spatial inconsistencies, enigmatic figures, and jarring color schemes often disturb our cognitive reflexes, throwing us in a puzzling state, all the more unsettling that the discordant elements are hard to pinpoint exactly. In

Recollection of the Flood

(1967-69), a mature work later in the artist’s career, this sense of disquiet is activated in nearly imperceptible ways.

The painting obeys a triangular structure, guiding the eye along opposed diagonal lines shooting upwards to tacitly intersect just below the upper edge of the composition, a metaphorical culmination of the artistic endeavor—both Blume’s and that of the portrayed painters—blending the border between creator and creation. The diagonals, most obvious in the slanted postures of the painters and the related shadow, are neatly repeated throughout the painting via the open window, the legs of the sleeping child, the cross braces of the scaffolding, the drawing board held by one of the painters, and the wings of the angels in the mural. Yet, while the reverberation of diagonals provides formal uniformity, the slightly different directions they follow—the open window-pane, for instance, is not quite parallel with the cross braces—yields a dizzying effect.

The unsettling undertones of the painting also emanate from the source of light. The scene is bathed in natural sunlight, evidently from the window distributing a gentle brightness throughout the room, in stark contrast to the dark recesses not exposed to it along the leftmost edge, surrounding the luminous opening. While the interplay of light and shade appears concordant and is visually pleasing, the light source itself is distressing, as the window shows a moody, leaden sky, at odds with the bright softness inside the room.

What Blume created here is a climate of underlying anxiety filled with quarreling emotions—ease and discomfort, serenity and apprehension. Is the sense of doom looming, or is it receding? It is impossible to know. Instead, the painting’s significance resides in its lingering. Blume executed this painting shortly after the Arno flood of 1966 in Florence, Italy, which resulted in immense loss of human life and catastrophic destruction of cultural heritage. The painting’s construction and its focus on human design recall the aesthetics of the Quattrocento, and function as a celebration of Florence and its enduring artistic legacy.

The upward movement of the composition also suggests collective elevation in the face of hardship, a metaphorical rise above the flood waters. But it also serves as a larger commentary on human suffering and salvation with subtle allusions to the Holocaust—the star of David formed by the two triangles hanging below the window—woven into the narrative of the painting, a heaviness that persists even as humanity carries on. Perhaps most compellingly, the anthropomorphic gourds strewn about the floor, akin to dead bodies, mirror the sullen, exhausted figures sitting behind them, images of humankind left bereft and wretched.

But the motif of the gourd, a reference to the biblical story of Jonah, who finds temporary shelter under a soon-to-decay gourd vine, symbolizes both hope and despair. It embodies the irreconcilable tension between abundance and loss, implying that they are not mutually exclusive. Rather, triumph over death is a perpetual struggle, always contingent on the impermanence of earthly comforts. In

Recollection of the Flood

, Blume promotes artistic and formal prowess as an existential pursuit, one that all at once wards off oblivion and remains forever fraught, as the ominous sky outside the window aptly reminds us.","human figures, angels, gourd, window, mural, artists, child, colors, easel, room",,,"Live Peter Blume (American, 1906-1992) (American, 1906-1992) Recollection of the Flood , 1967-69 oil on canvas 48 x 54 in.",https://assets.basta.app/accounts/4832eb18-f9a7-4c12-8295-871abe232696/images/3daf7c8d-f070-484a-900b-4db562dbddc4?format=auto&width=1080&quality=75,https://freemansauction.com/auction/6507-american-art-and-pennsylvania-impressionism/lot/92,1.0,,,original,,
81602786-042b-4ef5-95a3-53178f242873,Artwork,Hindman,,2026-06-07,Philadelphia,American Art and Pennsylvania Impressionists,https://freemansauction.com/auction/6507-american-art-and-pennsylvania-impressionism,Lot 94,USD,40000.0,60000.0,40000.0,33333.33,40000.0,60000.0,40000.0,33333.33,Charles Sheeler,1883,1965.0,Zinnias,drawing,gouache and pencil on paper,,10.0,15.0,in,no,yes,yes,1918.0,"Daniel Gallery, New York, New York.

Ferdinand Howald, New York and Columbus, Ohio, 1919.

Columbus Museum of Art, Columbus, Ohio, a gift from the above, 1931.

Private Collection, New York.

Christie's, New York, Sale of December 7, 1984, Lot 326.

Acquired directly from the above sale.

Private Collection.

Exhibited:

(Probably) New York, Gallery of Living Art, ""Opening Exhibition

"",

December 13, 1927 – January 25, 1928.

(Probably) Columbus, Columbus Gallery of Fine Arts, ""Inaugural Exhibition

"",

January – February 1931, no. 218.

(Probably) Dayton, Dayton Art Institute, ""Paintings by Charles Sheeler

"",

November – December 1944.

(Probably) New York, American Federation of Arts; Dayton, Dayton Art Institute, ""Early Twentieth Century American Water Colors,"" September 1948 – May 1949.

(Probably) New York, American Federation of Arts, ""Adventure in Collecting,

""

October 1958 – October 1960, no. 39 (traveling to Wells College, Aurora; Andrew Dickson White Museum, Ithaca; Antioch College, Yellow Springs; Charles and Emma Frye Art Museum, Seattle; J.B. Speed Museum, Louisville; Time Life Reception Center, New York; Brooks Memorial Art Gallery, Memphis; Art Center, Miami Beach; John Jacob Astor House, Newport; Slater Memorial Museum, Norwich; Watkins Institute, Nashville; New Britain Museum of Art, New Britain; Quincy Art Club, Quincy; Georgia Technical Institute, Atlanta; Pensacola Art Center, Pensacola; Southwestern University, Georgetown; Art Gallery, Victoria; University of Oregon Museum of Art, Eugene; Tacoma Art League, Tacoma; Eastern Illinois University, Charleston).

St. Petersburg, Museum of Fine Arts, ""The Howald Collection

,""

April 19 – May 18, 1968.

New York, Wildenstein & Co., Inc., ""The Ferdinand Howald Collection,"" May – July 1970.

New York, Gerald Peters Gallery, ""Georgia O’Keeffe and Other Modernists,"" October 29 – December 18, 2009.

Literature:

L. Dochterman,

The Stylistic Development of the Work of Charles Sheeler

, vol. 1, Ph.D. dissertation, University of Iowa, pp. 27, 217, no. 18.069, illustrated.

M. Tucker,

American Paintings in the Ferdinand Howald Collection,

Columbus, 1969, p. 102, no. 162.

Constance Kimmerle,

Elsie Driggs: The Quick and the Classical,

exhibition catalogue, Philadelphia, 2008, p. 25, fig. 10, illustrated.

Carol Troyen and Erica E. Hirshler,

Charles Sheeler: Paintings and Drawings,

exhibition catalogue, Boston, p. 70, fig. a, illustrated.

Lot Note:

Zinnias

(1918) is an early work by seminal American Modernist Charles Sheeler, whose Precisionist and Realist architectural vistas of modern industrial America remain influential to this day. Here, Sheeler turns his attention to the domestic realm, already employing impeccable form and line towards impactful visual composition.

The still life consists of a single object: the lean, elongated vase hosting the three zinnias soaring out of the vessel’s mouth, prolonging the sharp vertical axis that traverses the painting at its core, crossed in the lower half of the painting by the horizontal plane of the table against the backdrop. The minimalist, grid-like arrangement anticipates Sheeler’s sophisticated precisionist method, which in this case elevates the mundane to essential form.

Yet, just as purity of form apparently dominates the crisp aesthetic, the lines and contours prove whimsical enough to imbue the still life with a playful texture. The high contrast between the vase and the background is slightly attenuated by the deeper tones of the vegetal subject, as well the stems’ capricious curves and the roundly shaped blooms and leaves, an exaggerated continuation of the sinuous outline of the vessel itself. In fact, its body’s verticality, while seemingly intact, is finally aborted as the eye follows the arcs formed by the two stems as they reach for conflicting directions, a visual slant that disrupts the neat, rigid structure previously observed.","zinnias, vase, leaves, table, background, flowers, colors",,,"Live Charles Sheeler (American, 1883-1965) (American, 1883-1965) Zinnias , 1918 gouache and pencil on paper 15 x 10 in.",https://assets.basta.app/accounts/4832eb18-f9a7-4c12-8295-871abe232696/images/ff12a792-d08d-4635-aed3-ff53d9e45067?format=auto&width=1080&quality=75,https://freemansauction.com/auction/6507-american-art-and-pennsylvania-impressionism/lot/94,1.0,,,original,,
3335d65f-4e19-4275-931d-0f13f5b90140,Artwork,Hindman,,2026-06-07,Philadelphia,American Art and Pennsylvania Impressionists,https://freemansauction.com/auction/6507-american-art-and-pennsylvania-impressionism,Lot 95,USD,40000.0,60000.0,40000.0,33333.33,40000.0,60000.0,40000.0,33333.33,Morgan Russell,1889,1953.0,Synchronized Abstraction,painting,oil on canvas,,6.625,9.75,in,no,yes,yes,1913.0,"Salander-O'Reilly Galleries Inc., New York, New York.

Gerald Peters Gallery, New York, New York.

Private Collection.

Lot Note:

Along with Stanton McDonald-Wright, Morgan Russell founded Synchromism around 1913, an aesthetic breakthrough that effectively launched abstraction as the purview of American Art. Though short-lived, it is a conceptual and formalist precursor to the Abstract Expressionist and Color Field movements of the mid-century. Giving preeminence to color and form as independent subjects, as opposed to mere conduits for expression, Synchromism establishes a literal approach to painting, one that makes the process an integral part of the visual output.

In

Synchronized Abstraction

(1913), Russell demonstrates the primary tenet of Synchromism, which is to employ color to create space, not simply to fill it. In a manner reminiscent of a musical score, color, far from mere enhancement, endows the painting with rhythm and works as the guiding factor behind the composition. The palette presents neatly scaled hues that interact harmoniously, an organic and dynamic orchestration evincing a vivid emotional response from the viewer.","color, abstract shapes, blue, pink, black, purple, white, canvas, non-representational, geometric arrangement",,,"Live Morgan Russell (American, 1889-1953) (American, 1889-1953) Synchronized Abstraction , 1913 oil on canvas 9 3/4 x 6 5/8 in.",https://assets.basta.app/accounts/4832eb18-f9a7-4c12-8295-871abe232696/images/3e434011-23f1-453a-b543-6e21b0f7282d?format=auto&width=1080&quality=75,https://freemansauction.com/auction/6507-american-art-and-pennsylvania-impressionism/lot/95,1.0,,,original,,
69c8d0f5-f9b8-40b5-8ac3-7660ee60d53b,Artwork,Hindman,,2026-06-07,Philadelphia,American Art and Pennsylvania Impressionists,https://freemansauction.com/auction/6507-american-art-and-pennsylvania-impressionism,Lot 96,USD,60000.0,100000.0,60000.0,50000.0,60000.0,100000.0,60000.0,50000.0,Jamie Wyeth,1946,,Raven Pair - Portrait,mixed media,mixed media on board,,20.125,15.875,in,no,yes,yes,1998.0,"James Graham & Sons, New York, New York.

Acquired directly from the above.

Private Collection, Pennsylvania.

Exhibited:

Rockland, The Wyeth Center at the Farnsworth Art Museum, ""Gulls, Ravens and a Vulture: The Ornithological Paintings of James Wyeth,"" June 26 – October 10, 2005, p. 66, fig. 57, illustrated.

Lot Note:

Immensely indebted to the narrative art of his grandfather N. C. and the realist aesthetic of his father Andrew, Jamie Wyeth has nonetheless crafted a pictorial language wholly his own, one that renders the world around him not simply as it appears but reaches its primal core with an eerily disquieting effect.

For

Raven Pair

(1998), Wyeth was likely inspired by the January 1998 snowstorm that blanketed Maine, his long-time home state, bringing the area to a standstill. The work consists of two black birds occupying the lower half of the composition, as if slowly but confidently passing through, against a uniform icy white backdrop. The birds are portrayed half-length, showcasing their long, sharp beaks, intensely alert eyes, and scapular feathers, their wings rendered shoulder-like. The ravens look determined as they seem to march across the canvas, as if on a mysterious quest, unfazed by the bitter cold around them. As they are subtly anthropomorphized, unsettling elements seep through the apparent realism.

The haunting atmosphere of the scene is also conveyed by the stark contrast between the bright, abstract wintry conditions and the dark, detailed bodies of the birds. The work is shrouded in a sense of brooding and foreboding, an ominous feeling typically associated with the figure of the raven. The birds’ stance, at once avian-like and uncannily human, commands the composition, compelling the viewer into an all-absorbing interaction with nature, abolishing the familiar distance between the observed and the observer.","ravens,birds,black,beaks,feathers,snow,white,icy,eyes,landscape",,,"Live Jamie Wyeth (American, b. 1946) (American, b. 1946) Raven Pair - Portrait , 1998 mixed media on board 15 7/8 x 20 1/8 in.",https://assets.basta.app/accounts/4832eb18-f9a7-4c12-8295-871abe232696/images/1302a576-2205-419b-b6e1-0df7e2d6b114?format=auto&width=1080&quality=75,https://freemansauction.com/auction/6507-american-art-and-pennsylvania-impressionism/lot/96,1.0,,,original,,
7a3aa0e3-8cc2-4d61-8605-4591f5c3c6db,Artwork,Hindman,,2026-06-07,Philadelphia,American Art and Pennsylvania Impressionists,https://freemansauction.com/auction/6507-american-art-and-pennsylvania-impressionism,Lot 97,USD,2500.0,4000.0,2500.0,2083.33,2500.0,4000.0,2500.0,2083.33,Charles Burchfield,1893,1967.0,Skunk Cabbage,drawing,pencil and conté crayon on paper,,15.75,10.875,in,no,yes,yes,1950.0,"Sid Deutsch Gallery, Inc., New York, New York.

Acquired directly from the above, 1978.

Private Collection, New York.

By descent to the present owner.

Exhibited:

(Possibly) New York, Sid Deutsch Gallery, November 2 – 20, 1977 (as

Skunk Cabbage

).","skunk cabbage, water, reflections, trees, landscape, flower, plant, vegetation, nature, pencil drawing",,,"Live Charles Burchfield (American, 1893-1967) (American, 1893-1967) Skunk Cabbage , 1950 pencil and conté crayon on paper 10 7/8 x 15 3/4 in. Property from a Private Delaware Collection",https://assets.basta.app/accounts/4832eb18-f9a7-4c12-8295-871abe232696/images/1b9b8fc7-7e6e-4089-859f-36aa05ec51bf?format=auto&width=1080&quality=75,https://freemansauction.com/auction/6507-american-art-and-pennsylvania-impressionism/lot/97,1.0,,,original,,
e0da32b6-c213-41ea-8436-9164869a08bd,Artwork,Hindman,,2026-06-07,Philadelphia,American Art and Pennsylvania Impressionists,https://freemansauction.com/auction/6507-american-art-and-pennsylvania-impressionism,Lot 98,USD,8000.0,12000.0,8000.0,6666.67,8000.0,12000.0,8000.0,6666.67,Paul Cadmus,1904,1999.0,Enzo #2,drawing,watercolor and pencil on paper,,9.5,12.5,in,no,yes,yes,1951.0,"Collection of Mr. and Mrs. Jared French.

Paul Cadmus and Jon Anderson, c. 1998.

DC Moore Gallery, New York, New York.

Acquired directly from the above, 2005.

Exhibited:

New York, DC Moore Gallery, ""Paul Cadmus: 90 Years of Drawing,"" May 5-Jun 19, 1998.

New Orleans, Arthur Roger Gallery, ""Paul Cadmus,"" January 10 – February 22, 2004.

Literature:

Una Johnson, ""Paul Cadmus/Prints and Drawings,"" The Brooklyn Museum, 1968. p. 18, no. 40, illustrated.

Guy Davenport, ""The Drawings of Paul Cadmus"" New York, 1989, p. 51, illustrated.","portrait, man, head, eyes, hair, facial expression, clothing, drawing, pencil, watercolor",,,"Live Paul Cadmus (American, 1904-1999) (American, 1904-1999) Enzo #2 , 1951 watercolor and pencil on paper 12 1/2 x 9 1/2 in. Property from a Private Collection, Oak Park, Illinois",https://assets.basta.app/accounts/4832eb18-f9a7-4c12-8295-871abe232696/images/e38070bc-6a7f-45c7-9160-849295be3a98?format=auto&width=1080&quality=75,https://freemansauction.com/auction/6507-american-art-and-pennsylvania-impressionism/lot/98,1.0,,,original,,
08043ce2-6fb9-4b0f-91b9-77d834334d0f,Artwork,Hindman,,2026-06-07,Philadelphia,American Art and Pennsylvania Impressionists,https://freemansauction.com/auction/6507-american-art-and-pennsylvania-impressionism,Lot 99,USD,2000.0,3000.0,2000.0,1666.67,2000.0,3000.0,2000.0,1666.67,Elsie Driggs,1898,1992.0,Spinning Stones,mixed media,"pastel, watercolor, collage and pencil on paper mounted to board",,36.0,23.75,in,no,yes,yes,,"The Artist.

Estate of the Artist.

Acquired directly from the above.

Private Collection, New Jersey.

Lot Note:

Following her 1935 marriage to abstract painter Lee Gatch and the subsequent birth of their daughter, Merriman, Elsie Driggs underwent an artistic and lifestyle shift during the 1940s in Lambertville, New Jersey. Subordinating her career as a pioneering female Precisionist to nurture her family and support her husband's professional life, Driggs found herself working amid reduced circumstances in a house that initially lacked running water. Despite domestic pressures and a primitive setting, the stark, industrial oil paintings of her youth gave way to intimate watercolors and an exploration of the collage technique. In her ""cut and paste"" approach, arguably employed to its greatest effect in Lambertville (and in the present lot), Driggs utilized mixed-media overlays to piece together whimsical, texturally complex forms. This innovative work not only mirrored the fractured, resource-strained realities of wartime domesticity but also established an artistic dialogue with Gatch's developing abstraction, marking a significant turning point in her career.","figures, stripes, colors, collages, shapes",,,"Live Elsie Driggs (American, 1898-1992) (American, 1898-1992) Spinning Stones pastel, watercolor, collage and pencil on paper mounted to board 23 3/4 x 36 in.",https://assets.basta.app/accounts/4832eb18-f9a7-4c12-8295-871abe232696/images/9f1586c3-3992-49ef-869d-a36c50cf23b4?format=auto&width=1080&quality=75,https://freemansauction.com/auction/6507-american-art-and-pennsylvania-impressionism/lot/99,1.0,,,original,,
1e418a2f-6408-4be6-8042-df9850932132,Artwork,Hindman,,2026-06-07,Philadelphia,American Art and Pennsylvania Impressionists,https://freemansauction.com/auction/6507-american-art-and-pennsylvania-impressionism,Lot 100,USD,12000.0,18000.0,12000.0,10000.0,12000.0,18000.0,12000.0,10000.0,Milton Avery,1885,1965.0,Untitled (Black Horse),painting,oil on board,,13.25,7.375,in,no,yes,no,1956.0,"(Possibly) Rudolph Galleries, Woodstock, New York and Coral Gables, Florida.

Private Collection, New York.","black horse, rider, brown background, oil painting, 1956",,,"Live Milton Avery (American, 1885-1965) (American, 1885-1965) Untitled (Black Horse) , 1956 oil on board 7 3/8 x 13 1/4 in.",https://assets.basta.app/accounts/4832eb18-f9a7-4c12-8295-871abe232696/images/bbb82c73-e905-44f1-a4bf-a263bd6f7171?format=auto&width=1080&quality=75,https://freemansauction.com/auction/6507-american-art-and-pennsylvania-impressionism/lot/100,1.0,,,original,,
edb4916f-3940-4d1c-8a79-85ddaa6fa4a4,Artwork,Hindman,,2026-06-07,Philadelphia,American Art and Pennsylvania Impressionists,https://freemansauction.com/auction/6507-american-art-and-pennsylvania-impressionism,Lot 101,USD,10000.0,15000.0,10000.0,8333.33,10000.0,15000.0,10000.0,8333.33,Milton Avery,1885,1965.0,Untitled (Nude with Fan),mixed media,"mixed media, flobrush, and oil crayon on paperboard",,15.5,18.5,in,no,yes,no,1957.0,"(Possibly) Rudolph Galleries, Woodstock, New York and Coral Gables, Florida.

Private Collection, New York.","nude, woman, fan, brown hair, profile, back, mixed media, drawing, paperboard, orange",,,"Live Milton Avery (American, 1885-1965) (American, 1885-1965) Untitled (Nude with Fan) , 1957 mixed media, flobrush, and oil crayon on paperboard 18 1/2 x 15 1/2 in.",https://assets.basta.app/accounts/4832eb18-f9a7-4c12-8295-871abe232696/images/98e9c4be-39fb-4386-9c7a-b07466bd265e?format=auto&width=1080&quality=75,https://freemansauction.com/auction/6507-american-art-and-pennsylvania-impressionism/lot/101,1.0,,,original,,
2de3925b-c943-4870-b7e8-75e04878fa8d,Artwork,Hindman,,2026-06-07,Philadelphia,American Art and Pennsylvania Impressionists,https://freemansauction.com/auction/6507-american-art-and-pennsylvania-impressionism,Lot 102,USD,10000.0,15000.0,10000.0,8333.33,10000.0,15000.0,10000.0,8333.33,Milton Avery,1885,1965.0,Diving Platform,painting,oil on board,,8.5,4.5,in,no,yes,yes,1955.0,"(Possibly) Rudolph Galleries, Woodstock, New York and Coral Gables, Florida.

Private Collection, New York.","diving platform, figures, water, reflections, brown tones, sky, standing figure, horizontal lines, structure, abstraction",,,"Live Milton Avery (American, 1885-1965) (American, 1885-1965) Diving Platform , 1955 oil on board 4 1/2 x 8 1/2 in.",https://assets.basta.app/accounts/4832eb18-f9a7-4c12-8295-871abe232696/images/0e58caf4-30ac-46d4-bd00-db80e162cb73?format=auto&width=1080&quality=75,https://freemansauction.com/auction/6507-american-art-and-pennsylvania-impressionism/lot/102,1.0,,,original,,
51ae61cb-9419-47b4-ae8c-6a877ce4b72b,Artwork,Hindman,,2026-06-07,Philadelphia,American Art and Pennsylvania Impressionists,https://freemansauction.com/auction/6507-american-art-and-pennsylvania-impressionism,Lot 103,USD,8000.0,12000.0,8000.0,6666.67,8000.0,12000.0,8000.0,6666.67,Doris Lee,1905,1983.0,Ribbon Dance,painting,oil on canvas,,45.5,49.5,in,no,yes,yes,1960.0,"The Artist.

Estate of the Artist.

Private Collection, New York.","dancers, abstract figures, red arcs, blue circle, brown background, skirt, arms raised, geometric shapes",,,"Live Doris Lee (American, 1905-1983) (American, 1905-1983) Ribbon Dance , c. 1960 oil on canvas 49 1/2 x 45 1/2 in.",https://assets.basta.app/accounts/4832eb18-f9a7-4c12-8295-871abe232696/images/97ddbdbf-6c05-4a78-ac0a-b1c9c5bd69d4?format=auto&width=1080&quality=75,https://freemansauction.com/auction/6507-american-art-and-pennsylvania-impressionism/lot/103,1.0,,,original,,
11197ed7-4b51-42d0-8098-8dd42a7a03a0,Artwork,Hindman,,2026-06-07,Philadelphia,American Art and Pennsylvania Impressionists,https://freemansauction.com/auction/6507-american-art-and-pennsylvania-impressionism,Lot 104,USD,3000.0,5000.0,3000.0,2500.0,3000.0,5000.0,3000.0,2500.0,John Storrs,1885,1956.0,Abstract IV,painting,oil on board,,12.0,18.0,in,no,yes,yes,1934.0,"The Artist.

Downtown Gallery, New York, New York.

Private Collection.

Robert Schoelkopf Gallery, Ltd., New York, New York.

Acquired directly from the above, June 1988.

Private Collection, New York.","abstract, geometric shapes, bold colors, blue background, orange, teal, white, red, yellow, contours",,,"Live John Storrs (American, 1885-1956) (American, 1885-1956) Abstract IV , 1934 oil on board 18 x 12 in.",https://assets.basta.app/accounts/4832eb18-f9a7-4c12-8295-871abe232696/images/714bf31a-a31c-47b7-b51b-5fcd6f81a99f?format=auto&width=1080&quality=75,https://freemansauction.com/auction/6507-american-art-and-pennsylvania-impressionism/lot/104,1.0,,,original,,
e4bf1938-03d1-4410-903d-0049bbb878c5,Artwork,Hindman,,2026-06-07,Philadelphia,American Art and Pennsylvania Impressionists,https://freemansauction.com/auction/6507-american-art-and-pennsylvania-impressionism,Lot 105,USD,20000.0,30000.0,20000.0,16666.67,20000.0,30000.0,20000.0,16666.67,Lynne Drexler,1928,1999.0,Blue Swirl,painting,oil on canvas,,20.0,30.0,in,no,yes,yes,1991.0,"Private Collection, Virginia.","pitcher, beads, fruit, flowers, blue, orange, yellow, green, abstract, still life",,,"Live Lynne Drexler (American, 1928-1999) (American, 1928-1999) Blue Swirl , 1991 oil on canvas 30 x 20 in.",https://assets.basta.app/accounts/4832eb18-f9a7-4c12-8295-871abe232696/images/4ef4de2f-b6f2-41e9-8b48-6eeec7932ad9?format=auto&width=1080&quality=75,https://freemansauction.com/auction/6507-american-art-and-pennsylvania-impressionism/lot/105,1.0,,,original,,
93ad49bd-1cc5-4bbb-91b6-bfce00706177,Artwork,Hindman,,2026-06-07,Philadelphia,American Art and Pennsylvania Impressionists,https://freemansauction.com/auction/6507-american-art-and-pennsylvania-impressionism,Lot 106,USD,2000.0,3000.0,2000.0,1666.67,2000.0,3000.0,2000.0,1666.67,Amos Ferguson,1920,2009.0,Untitled,painting,enamel on paperboard,,9.0,12.75,in,no,yes,no,1966.0,"Galerie Bonheur, St. Louis, Missouri.

Private Collection, Colorado.","three women, yellow dress, green dots, black hair, surprised expressions, abstract background, enamel on paperboard",,,"Live Amos Ferguson (Bahamian, 1920-2009) (Bahamian, 1920-2009) Untitled , 1966 enamel on paperboard 12 3/4 x 9 in.",https://assets.basta.app/accounts/4832eb18-f9a7-4c12-8295-871abe232696/images/a8672047-8c81-484a-911e-25edcfb86055?format=auto&width=1080&quality=75,https://freemansauction.com/auction/6507-american-art-and-pennsylvania-impressionism/lot/106,1.0,,,original,,
739f3e98-9d7d-4472-8b07-b33c368a76f1,Artwork,Hindman,,2026-06-07,Philadelphia,American Art and Pennsylvania Impressionists,https://freemansauction.com/auction/6507-american-art-and-pennsylvania-impressionism,Lot 107,USD,15000.0,25000.0,15000.0,12500.0,15000.0,25000.0,15000.0,12500.0,Orville Bulman,1904,1978.0,Tiene,painting,oil on canvas,,30.0,16.0,in,no,yes,yes,1973.0,"Hammer Galleries, New York, New York.

Private Estate, New York.

Acquired directly from the above.

Private Collection, New York.","boat, figures, umbrellas, water, tiger, child, fish, landscape, color, patterns",,,"Live Orville Bulman (American, 1904-1978) (American, 1904-1978) Tiene , 1973 oil on canvas 16 x 30 in.",https://assets.basta.app/accounts/4832eb18-f9a7-4c12-8295-871abe232696/images/b235a4c3-9c49-4942-a8e4-31ec7943c51f?format=auto&width=1080&quality=75,https://freemansauction.com/auction/6507-american-art-and-pennsylvania-impressionism/lot/107,1.0,,,original,,
0e9f0f05-f271-4ee6-ad0d-df0eb0565db0,Artwork,Hindman,,2026-06-07,Philadelphia,American Art and Pennsylvania Impressionists,https://freemansauction.com/auction/6507-american-art-and-pennsylvania-impressionism,Lot 108,USD,2000.0,3000.0,2000.0,1666.67,2000.0,3000.0,2000.0,1666.67,Amos Ferguson,1920,2009.0,Untitled,painting,enamel on paperboard,,9.0,12.75,in,no,yes,no,1960.0,"(Probably) Galerie Bonheur, St. Louis, Missouri.

Private Collection, Colorado.","three figures, woman, green dress, polka dots, beads, surprised expressions",,,"Live Amos Ferguson (Bahamian, 1920-2009) (Bahamian, 1920-2009) Untitled , c. 1960s enamel on paperboard 12 3/4 x 9 in.",https://assets.basta.app/accounts/4832eb18-f9a7-4c12-8295-871abe232696/images/b5893adc-6a6b-49e4-b635-a00f6292a415?format=auto&width=1080&quality=75,https://freemansauction.com/auction/6507-american-art-and-pennsylvania-impressionism/lot/108,1.0,,,original,,
1f180d6e-e489-4cbb-9906-dba9694a912f,Artwork,Hindman,,2026-06-07,Philadelphia,American Art and Pennsylvania Impressionists,https://freemansauction.com/auction/6507-american-art-and-pennsylvania-impressionism,Lot 109,USD,4000.0,6000.0,4000.0,3333.33,4000.0,6000.0,4000.0,3333.33,Fred Wagner,1861,1940.0,"The Waterfront, New York",painting,oil on canvas,,30.0,25.0,in,no,yes,yes,,"R. H. Love Galleries, Chicago, Illinois.

Acquired directly from the above.

Private Collection, Illinois.

Exhibited:

Chicago, R. H. Love Galleries, ""American Winter Scenes of Yesteryear,"" December 14, 1996 - February 8, 1997.","waterfront, New York, buildings, boats, ice, skyline, water, snow, clouds, urban",,,"Live Fred Wagner (American, 1861-1940) (American, 1861-1940) The Waterfront, New York oil on canvas 25 x 30 in.",https://assets.basta.app/accounts/4832eb18-f9a7-4c12-8295-871abe232696/images/58aa2ead-317d-481a-8b12-4644b4b36556?format=auto&width=1080&quality=75,https://freemansauction.com/auction/6507-american-art-and-pennsylvania-impressionism/lot/109,1.0,,,original,,
ddc2b37e-7eea-4b85-bf05-839ee4464d94,Artwork,Hindman,,2026-06-07,Philadelphia,American Art and Pennsylvania Impressionists,https://freemansauction.com/auction/6507-american-art-and-pennsylvania-impressionism,Lot 110,USD,80000.0,120000.0,80000.0,66666.67,80000.0,120000.0,80000.0,66666.67,Edward Willis Redfield,1869,1965.0,The End of the Island,painting,oil on canvas,,32.0,26.0,in,no,yes,yes,1920.0,"Richard Stuart Gallery, Pipersville, Pennsylvania.

Private Collection, Pennsylvania.

Literature:

James M. Altermann,

New Hope for American Art

, Lambertville, 2005, illustrated.","river, snow, trees, landscape, winter, water, shoreline, vegetation, hills, atmosphere",,,"Live Edward Willis Redfield (American, 1869-1965) (American, 1869-1965) The End of the Island , c. 1920 oil on canvas 26 x 32 in.",https://assets.basta.app/accounts/4832eb18-f9a7-4c12-8295-871abe232696/images/d0d82af6-39d2-4cb6-ba1f-77bc85809375?format=auto&width=1080&quality=75,https://freemansauction.com/auction/6507-american-art-and-pennsylvania-impressionism/lot/110,1.0,,,original,,
0df2cc97-b4cb-4feb-9ea2-fc35698f78f4,Artwork,Hindman,,2026-06-07,Philadelphia,American Art and Pennsylvania Impressionists,https://freemansauction.com/auction/6507-american-art-and-pennsylvania-impressionism,Lot 111,USD,5000.0,8000.0,5000.0,4166.67,5000.0,8000.0,5000.0,4166.67,Arthur Meltzer,1893,1989.0,Once a Barn,painting,oil on canvas,,24.0,20.0,in,no,yes,yes,,"The Artist.

Acquired directly from the above.

Private Collection, Pennsylvania.

James D. Julia, Inc., Fairfield, Sale of August 24, 2016, Lot 1183.

Acquired directly from the above sale.","snow, tree, stone, winter, landscape, field, ruins, bushes, hills, sky",,,"Live Arthur Meltzer (American, 1893-1989) (American, 1893-1989) Once a Barn oil on canvas 20 x 24 in. Property from a Private Collection, Philadelphia, Pennsylvania",https://assets.basta.app/accounts/4832eb18-f9a7-4c12-8295-871abe232696/images/5e9691e0-f23d-4921-94ee-0abc25160a25?format=auto&width=1080&quality=75,https://freemansauction.com/auction/6507-american-art-and-pennsylvania-impressionism/lot/111,1.0,,,original,,
fd8b081c-5bf0-472c-a274-a32f0c0ff291,Artwork,Hindman,,2026-06-07,Philadelphia,American Art and Pennsylvania Impressionists,https://freemansauction.com/auction/6507-american-art-and-pennsylvania-impressionism,Lot 112,USD,4000.0,6000.0,4000.0,3333.33,4000.0,6000.0,4000.0,3333.33,Walter Emerson Baum,1884,1956.0,"Winter, Pennsylvania",painting,oil on canvas,,30.0,25.0,in,no,yes,yes,,"Dr. James Weres, Coplay, Pennsylvania.

Private Collection, Georgia.

Exhibited:

St. Augustine, St. Augustine Art Association, n.d.","winter, landscape, snow, trees, house, sky, road, water, mountains, clouds",,,"Live Walter Emerson Baum (American, 1884-1956) (American, 1884-1956) Winter, Pennsylvania oil on canvas 25 x 30 in.",https://assets.basta.app/accounts/4832eb18-f9a7-4c12-8295-871abe232696/images/86dcd8f5-3905-4689-845b-a456a534f544?format=auto&width=1080&quality=75,https://freemansauction.com/auction/6507-american-art-and-pennsylvania-impressionism/lot/112,1.0,,,original,,
b2466b96-3da2-492c-bd49-2a87d4357369,Artwork,Hindman,,2026-06-07,Philadelphia,American Art and Pennsylvania Impressionists,https://freemansauction.com/auction/6507-american-art-and-pennsylvania-impressionism,Lot 113,USD,40000.0,60000.0,40000.0,33333.33,40000.0,60000.0,40000.0,33333.33,Walter Emerson Baum,1884,1956.0,Late Afternoon,painting,oil on canvas,,40.0,32.0,in,no,yes,yes,1933.0,"Jim Bishop Auction, Belvidere, New Jersey, c. 1978.

Acquired directly from the above sale.

Angela Gross Folk, New Jersey.

The Estate of Angela Gross Folk, New Jersey.

By descent to the present owner, New Jersey.

Exhibited:

Allentown, Allentown Art Museum, ""The Pennsylvania School of Landscape Painting,"" September 16 – November 26, 1984 (traveling to the Corcoran Gallery, Washington, D.C.; Westmoreland Museum of Art, Greensburg; and the Brandywine Museum of Art, Doylestown).

Literature:

Thomas C. Folk,

The Pennsylvania School of Landscape Painting: An Original American Impressionism

, exhibition catalogue, Allentown, p. xxxii, pl. 20, illustrated.

Martha Young Hutson-Saxton,

Walter Emerson Baum 1884-1956

, Souderton, 1996, p. 73, Illustrated.

Thomas C. Folk,

The Pennsylvania Impressionists

, with a Forward by James A. Michener, Cranbury, 1997, pl. 42, illustrated.

Lot Note:

Late Afternoon

(1933), a visual combination of local color with a breathtaking sense of wilderness, is arguably one of Walter Baum’s most accomplished winter scenes. The artist’s painterly rendition, recalling the bravado of Edward Redfield with its fast, muscly brushwork, endows the scene with texture and depth, the heavy snow and tumultuous flow of the river almost palpable. The painting is structured around the vertical line formed by the path and, further, the body of water, which leads the gaze up towards the far-reaching horizon, intersecting, in the middle tier of the composition, with the sprawling wooded hills as they spread horizontally beyond and over the hamlet, emphasizing the locus of community, the focal point of the painting.

In

Late Afternoon

, the local is embedded within the vastness of the landscape. The lone figure, treading along a snowy path that cuts through his village but continues on towards the winding river and the confines of the broader Bucks County countryside, anchors the sweeping pictorial narrative of the land in the realm of the familiar. Similarly, the detailed stone façade on the right side of the composition compels the eye to dwell, as it contrasts with the fuzzy, homogenous mass of the forests in the middle ground, conveying the charm and comfort of the community, even as the wide expanse surrounding it suggests its remoteness.

Fittingly, the painting initially belonged to esteemed collector, Angela Gross Folk, and was one of her very first fine art acquisitions. Angela long championed Baum along with all of the Pennsylvania Impressionists and proved instrumental, through her collecting, in giving the group their identity as a cohesive school of painting. She appreciated the deep attachment to the region and affection for the locales of Bucks County that bound all of these artists together, despite their varying approaches to aesthetics. Married to Dr. Gross, whom she met working as his medical stenographer for a number of years in Hoboken, NJ, the couple eventually relocated to Bernardsville, NJ, where they began attending auctions and house sales. Quickly, they acquired several artworks, including the present lot, with intention and a keen eye for underappreciated masterpieces by regional painters.","village, winter, snow, river, figures, houses, trees, landscape, path, hills",,,"Live Walter Emerson Baum (American, 1884-1956) (American, 1884-1956) Late Afternoon , 1933 oil on canvas 32 x 40 in.",https://assets.basta.app/accounts/4832eb18-f9a7-4c12-8295-871abe232696/images/79eff7a5-d40c-4804-a5d9-9f8b267613d9?format=auto&width=1080&quality=75,https://freemansauction.com/auction/6507-american-art-and-pennsylvania-impressionism/lot/113,1.0,,,original,,
aec54f33-3140-4e46-addd-04a242dacf44,Artwork,Hindman,,2026-06-07,Philadelphia,American Art and Pennsylvania Impressionists,https://freemansauction.com/auction/6507-american-art-and-pennsylvania-impressionism,Lot 114,USD,8000.0,12000.0,8000.0,6666.67,8000.0,12000.0,8000.0,6666.67,Roy Cleveland Nuse,1885,1975.0,Winter Village,painting,oil on canvas,,22.0,20.0,in,no,yes,yes,1942.0,"The Artist.

By descent to the present owner, Pennsylvania.","winter, village, snow, trees, houses, landscape, hills, sky, clouds, river",,,"Live Roy Cleveland Nuse (American, 1885-1975) (American, 1885-1975) Winter Village , 1942 oil on canvas 20 x 22 in.",https://assets.basta.app/accounts/4832eb18-f9a7-4c12-8295-871abe232696/images/2451a953-da6b-4a25-a892-7cefb318715e?format=auto&width=1080&quality=75,https://freemansauction.com/auction/6507-american-art-and-pennsylvania-impressionism/lot/114,1.0,,,original,,
dc6f9bc7-23b4-43f1-a303-412ff3e707fd,Artwork,Hindman,,2026-06-07,Philadelphia,American Art and Pennsylvania Impressionists,https://freemansauction.com/auction/6507-american-art-and-pennsylvania-impressionism,Lot 115,USD,8000.0,12000.0,8000.0,6666.67,8000.0,12000.0,8000.0,6666.67,Roy Cleveland Nuse,1885,1975.0,In the Garden,painting,oil on board,,15.75,20.0,in,no,yes,yes,1925.0,"The Artist.

By descent to the present owner, Pennsylvania.","children, garden, flowers, red dress, yellow outfit, blue shirt, grass, sunlight, nature, pink blooms",,,"Live Roy Cleveland Nuse (American, 1885-1975) (American, 1885-1975) In the Garden , 1925 oil on board 20 x 15 3/4 in.",https://assets.basta.app/accounts/4832eb18-f9a7-4c12-8295-871abe232696/images/aa7a64a0-a7fc-4483-af27-f4a0d51d7e68?format=auto&width=1080&quality=75,https://freemansauction.com/auction/6507-american-art-and-pennsylvania-impressionism/lot/115,1.0,,,original,,
9d8c252e-325f-41fe-ae80-2a17876b371e,Artwork,Hindman,,2026-06-07,Philadelphia,American Art and Pennsylvania Impressionists,https://freemansauction.com/auction/6507-american-art-and-pennsylvania-impressionism,Lot 116,USD,5000.0,8000.0,5000.0,4166.67,5000.0,8000.0,5000.0,4166.67,Harry Leith-Ross,1886,1973.0,The Wittenburg,painting,oil on canvas laid to board,,15.5,12.0,in,no,yes,yes,,"Private Collection, Ontario, Canada.","landscape, mountains, houses, trees, fields, sky, rural, spring, colors, patterns",,,"Live Harry Leith-Ross (American, 1886-1973) (American, 1886-1973) The Wittenburg oil on canvas laid to board 12 x 15 1/2 in.",https://assets.basta.app/accounts/4832eb18-f9a7-4c12-8295-871abe232696/images/471e8214-70ac-407b-8e79-f0ae7691e117?format=auto&width=1080&quality=75,https://freemansauction.com/auction/6507-american-art-and-pennsylvania-impressionism/lot/116,1.0,,,original,,
8140ded2-8220-42b2-8c84-150204f9c66c,Artwork,Hindman,,2026-06-07,Philadelphia,American Art and Pennsylvania Impressionists,https://freemansauction.com/auction/6507-american-art-and-pennsylvania-impressionism,Lot 117,USD,3000.0,5000.0,3000.0,2500.0,3000.0,5000.0,3000.0,2500.0,Harry Leith-Ross,1886,1973.0,"Art Students League Summer School, Woodstock, New York,",painting,oil on board,,10.25,8.25,in,no,yes,yes,1916.0,"Private Collection, California.","tree, people, umbrellas, landscape, mountains, grass, sky, clouds, summer",,,"Live Harry Leith-Ross (American, 1886-1973) (American, 1886-1973) Art Students League Summer School, Woodstock, New York, 1916 oil on board 8 1/4 x 10 1/4 in.",https://assets.basta.app/accounts/4832eb18-f9a7-4c12-8295-871abe232696/images/9c235a14-2b66-4f3d-a613-6c9ecfcf428a?format=auto&width=1080&quality=75,https://freemansauction.com/auction/6507-american-art-and-pennsylvania-impressionism/lot/117,1.0,,,original,,
4f8734a8-94be-4e5d-b1c7-cf4dfbc86f30,Artwork,Hindman,,2026-06-07,Philadelphia,American Art and Pennsylvania Impressionists,https://freemansauction.com/auction/6507-american-art-and-pennsylvania-impressionism,Lot 118,USD,10000.0,15000.0,10000.0,8333.33,10000.0,15000.0,10000.0,8333.33,Kenneth R. Nunamaker,1890,1957.0,November,painting,oil on canvasboard,,19.75,15.75,in,no,yes,yes,,"Newman Galleries, Philadelphia, Pennsylvania.

Acquired directly from the above.

Private Collection, Massachusetts.","houses, trees, landscape, orange building, blue roof, autumn colors, architecture, foliage, sky, rural setting",,,"Live Kenneth R. Nunamaker (American, 1890-1957) (American, 1890-1957) November oil on canvasboard 15 3/4 x 19 3/4 in.",https://assets.basta.app/accounts/4832eb18-f9a7-4c12-8295-871abe232696/images/7120b5d3-41a8-4f5e-a741-a47f042f99cb?format=auto&width=1080&quality=75,https://freemansauction.com/auction/6507-american-art-and-pennsylvania-impressionism/lot/118,1.0,,,original,,
03c5552d-78e8-4c8e-877f-ee3befc016c1,Artwork,Hindman,,2026-06-07,Philadelphia,American Art and Pennsylvania Impressionists,https://freemansauction.com/auction/6507-american-art-and-pennsylvania-impressionism,Lot 119,USD,100000.0,150000.0,100000.0,83333.33,100000.0,150000.0,100000.0,83333.33,Edward Willis Redfield,1869,1965.0,"Overlooking Soho, Pittsburgh",painting,oil on canvas,,32.0,26.0,in,no,yes,yes,1918.0,"The Artist.

Estate of the Artist.

Private Collection, Pittsburgh, Pennsylvania, by 1975.

By descent to the present owner, New York.

Exhibited:

Washington, D.C., The Corcoran Gallery of Art, ""Exhibition of Paintings by Edward W. Redfield and Edmund C. Tarbell,"" April 25 – May 21, 1918.

Lincoln, The Nebraska Art Association (University of Nebraska Art Gallery), ""Edward Redfield,"" March 1919.

Philadelphia, Newman Galleries, ""Edward Redfield: A Retrospective,"" October 23 – November 30, 1968.

Harrisburg, The William Penn Memorial Museum, ""A Retrospective Exhibition of the Work of the Great American Impressionist Edward Willis Redfield of Pennsylvania,"" March 31 – May 13, 1973.

Doylestown, Michener Art Museum, ""Edward Redfield: Just Values and Fine Seeing,"" May 1 – December 10, 2004, no. 39.

Literature:

""Collection of Paintings Still Owned by Edward Redfield,""

Edward Redfield Personal Papers

, December 1, 1959.

""Inventory of 157 Oil on Canvas Paintings of Edward W. Redfield's

Oeuvre

,"" October 19, 1965.

John M. W. Fletcher,

Edward Willis Redfield, An American Impressionist 1869-1965: The Redfield Letters

, vol. I, Lahaska, 2002, p. 205, no. 156 (and 211), illustrated.

Constance Kimmerle,

Edward W. Redfield: Just Values and Fine Seeing

, exhibition catalogue, Michener Art Museum, 2004, pg. 85, illustrated.

Lot Note:

Around 1918, Edward Redfield resided in Pittsburgh and turned his attention to the squalid conditions of urban tenements, a sharp departure from the vivid depictions of the Bucks County countryside that had been the focus of his impressionist landscapes. In

Overlooking Soho

, Redfield portrays an area that runs along the northern shore of the Monongahela River, known nowadays as The Bluff.

The uniform palette conveys the monotonous tedium of labor and the unforgiving living conditions of the tenement row. The air is thick with oppressive, opaque fumes, the blue sky barely peeking through just below the upper edge of the canvas. The gaze, as it notices the light blue shade—a distant promise of fresh air—is inexorably drawn back to the distant skyline, enveloped by the polluted air.

In the foreground, the uniformity of the palette is subtly disrupted by the elemental appearance of the setting: the log pile, dirt mounts, plank path and clapboard façades evoke texture, anchoring the depiction in the raw reality of tenement life. Here, Redfield offers a candid rendering of a gritty urban environment, while also celebrating the industriousness that takes place in its midst. The painting articulates an uneasy tension between the overwhelming poverty and exhaustion, and the potential for growth and transformation that modernity represents.","urban tenement, dirt mound, log pile, clapboard houses, smoky sky, wooden path, figures, city skyline, impoverished landscape, muted colors",,,"Live Edward Willis Redfield (American, 1869-1965) (American, 1869-1965) Overlooking Soho, Pittsburgh , 1918 oil on canvas 26 x 32 in.",https://assets.basta.app/accounts/4832eb18-f9a7-4c12-8295-871abe232696/images/d53da188-1a66-47b4-92fc-6142cd2d87ef?format=auto&width=1080&quality=75,https://freemansauction.com/auction/6507-american-art-and-pennsylvania-impressionism/lot/119,1.0,,,original,,
411b6455-904b-4504-8b26-29af57ba75a9,Artwork,Hindman,,2026-06-07,Philadelphia,American Art and Pennsylvania Impressionists,https://freemansauction.com/auction/6507-american-art-and-pennsylvania-impressionism,Lot 120,USD,15000.0,25000.0,15000.0,12500.0,15000.0,25000.0,15000.0,12500.0,Kenneth R. Nunamaker,1890,1957.0,The Stone House,painting,oil on canvas,,18.0,16.0,in,no,yes,yes,,"Richard Stuart Gallery, Pipersville, Pennsylvania.

Private Collection, Florida.","stone house, trees, dirt road, mountains, autumn landscape, wooden shed, porch, bare branches, rocks, leaves",,,"Live Kenneth R. Nunamaker (American, 1890-1957) (American, 1890-1957) The Stone House oil on canvas 16 x 18 in.",https://assets.basta.app/accounts/4832eb18-f9a7-4c12-8295-871abe232696/images/12a2c8c3-2e2e-4cee-b3d5-6b12abcf6cb7?format=auto&width=1080&quality=75,https://freemansauction.com/auction/6507-american-art-and-pennsylvania-impressionism/lot/120,1.0,,,original,,
84d2b242-ec45-41fe-bc42-066b239a785b,Artwork,Hindman,,2026-06-07,Philadelphia,American Art and Pennsylvania Impressionists,https://freemansauction.com/auction/6507-american-art-and-pennsylvania-impressionism,Lot 121,USD,12000.0,18000.0,12000.0,10000.0,12000.0,18000.0,12000.0,10000.0,Rae Sloan Bredin,1881,1933.0,Girl With White Fan,painting,oil on canvas,,25.0,30.0,in,no,yes,yes,1915.0,"The Artist.

By descent to the present owner, Massachusetts.

Exhibited:

Doylestown, Michener Art Museum, ""Rae Sloan Bredin: Harmony and Power,"" March 24 – June 15, 2018.

Literature:

Michener Art Museum,

Rae Sloan Bredin: Harmony and Power

, exhibition catalogue, Doylestown, 2018, pg. 36, illustrated.

Lot Note:

Girl with White Fan

depicts a solitary moment of serenity in delicate hues of white and brown, a softness that is as textural as it is visual, an exquisitely synesthetic gesture typical of Bredin’s Impressionist practice. The fabrics of the fan and dress both bear a silky sheen, while the earthy tones of the bare wall and the fibrous pattern of the wicker chair, with its organic tonal variations, anchor the seated figure in an elemental setting, the quietude in which she rests akin to a fundamental state of being.

Bredin’s gentle staccato brushwork works as visual repetition and echoes the steady breeze of the fan. Far from urgent, it suggests soothing consistency, like a rhythmic balm of tranquility. As the girl’s gaze is drifting out of the composition, she seems immersed in profound distraction, unaware of being observed. In turn, our own gaze, rather than intrusive, is compelled to discretion, let in and allowed to partake in this intimate meditation.","girl, white fan, seated figure, wicker chair, soft hues, oil painting, Impressionism, serene moment, textured fabric, intimate composition",,,"Live Rae Sloan Bredin (American, 1881-1933) (American, 1881-1933) Girl With White Fan , c. 1915 oil on canvas 30 x 25 in.",https://assets.basta.app/accounts/4832eb18-f9a7-4c12-8295-871abe232696/images/89a498b0-64ad-4f22-a62a-cbe8ae9e830f?format=auto&width=1080&quality=75,https://freemansauction.com/auction/6507-american-art-and-pennsylvania-impressionism/lot/121,1.0,,,original,,
3aecc7cb-58b0-4313-ad02-29f0ae4c4a16,Artwork,Hindman,,2026-06-07,Philadelphia,American Art and Pennsylvania Impressionists,https://freemansauction.com/auction/6507-american-art-and-pennsylvania-impressionism,Lot 122,USD,20000.0,30000.0,20000.0,16666.67,20000.0,30000.0,20000.0,16666.67,Mary Elizabeth Price,1877,1965.0,Pattern of Flower and Leaf,painting,oil with silver leaf mounted to board,,24.0,19.0,in,no,yes,yes,,"The Artist.

By descent to the present owner, Massachusetts.","flowers, leaves, colors, patterns, blossoms, greenery, petals, orange, blue, silver",,,"Live Mary Elizabeth Price (American, 1877-1965) (American, 1877-1965) Pattern of Flower and Leaf oil with silver leaf mounted to board 19 x 24 in.",https://assets.basta.app/accounts/4832eb18-f9a7-4c12-8295-871abe232696/images/cb0d6963-a8bc-4239-b97d-b2c53af2e86f?format=auto&width=1080&quality=75,https://freemansauction.com/auction/6507-american-art-and-pennsylvania-impressionism/lot/122,1.0,,,original,,
36329b0d-f351-4038-aa46-94218c4f6e27,Artwork,Hindman,,2026-06-07,Philadelphia,American Art and Pennsylvania Impressionists,https://freemansauction.com/auction/6507-american-art-and-pennsylvania-impressionism,Lot 123,USD,5000.0,7000.0,5000.0,4166.67,5000.0,7000.0,5000.0,4166.67,Clarence Raymond Johnson,1894,1981.0,Lambertville in Spring,painting,oil on canvas,,30.0,28.0,in,no,yes,yes,,"Private Collection, Pennsylvania.","landscape, village, trees, church, hills, spring, bridge, water, houses, reflections",,,"Live Clarence Raymond Johnson (American, 1894-1981) (American, 1894-1981) Lambertville in Spring oil on canvas 28 x 30 in.",https://assets.basta.app/accounts/4832eb18-f9a7-4c12-8295-871abe232696/images/24bad862-781c-4907-b5bd-c461addbefd7?format=auto&width=1080&quality=75,https://freemansauction.com/auction/6507-american-art-and-pennsylvania-impressionism/lot/123,1.0,,,original,,
81b63e5b-7214-49fd-b67c-8cbdde545894,Artwork,Hindman,,2026-06-07,Philadelphia,American Art and Pennsylvania Impressionists,https://freemansauction.com/auction/6507-american-art-and-pennsylvania-impressionism,Lot 124,USD,10000.0,15000.0,10000.0,8333.33,10000.0,15000.0,10000.0,8333.33,Kenneth R. Nunamaker,1890,1957.0,Spring Landscape,painting,oil on canvas,,20.125,16.125,in,no,yes,yes,,"Gratz Gallery, Doylestown, Pennsylvania.

Private Collection, Pennsylvania.","landscape, trees, stream, rocks, greenery, spring, foliage, sunlight, blue sky",,,"Live Kenneth R. Nunamaker (American, 1890-1957) (American, 1890-1957) Spring Landscape oil on canvas 16 1/8 x 20 1/8 in.",https://assets.basta.app/accounts/4832eb18-f9a7-4c12-8295-871abe232696/images/72288726-212b-4d34-a80f-dc2ba8a1ef12?format=auto&width=1080&quality=75,https://freemansauction.com/auction/6507-american-art-and-pennsylvania-impressionism/lot/124,1.0,,,original,,
45b9d08f-9612-4441-bd4c-2513194c721b,Artwork,Hindman,,2026-06-07,Philadelphia,American Art and Pennsylvania Impressionists,https://freemansauction.com/auction/6507-american-art-and-pennsylvania-impressionism,Lot 125,USD,10000.0,15000.0,10000.0,8333.33,10000.0,15000.0,10000.0,8333.33,John Fulton Folinsbee,1892,1972.0,River Shad Fishermen,painting,oil on canvas,,20.0,16.0,in,no,yes,yes,,"Private Collection, Bucks County, Pennsylvania, c. 1970s.

By descent to the present owner, Doylestown, Pennsylvania.","river, fishermen, trees, water, shoreline, rocks, landscape, clouds, boat, grass",,,"Live John Fulton Folinsbee (American, 1892-1972) (American, 1892-1972) River Shad Fishermen oil on canvas 16 x 20 in.",https://assets.basta.app/accounts/4832eb18-f9a7-4c12-8295-871abe232696/images/f4d6b028-1595-4938-bdb9-a33ab40a2d7d?format=auto&width=1080&quality=75,https://freemansauction.com/auction/6507-american-art-and-pennsylvania-impressionism/lot/125,1.0,,,original,,
ac6bf7b8-5d16-4d46-948e-91454a676c82,Artwork,Hindman,,2026-06-07,Philadelphia,American Art and Pennsylvania Impressionists,https://freemansauction.com/auction/6507-american-art-and-pennsylvania-impressionism,Lot 126,USD,4000.0,6000.0,4000.0,3333.33,4000.0,6000.0,4000.0,3333.33,John Fulton Folinsbee,1892,1972.0,"Mercer Quarry, Hopewell Township, New Jersey",painting,oil on canvasboard,,14.0,10.0,in,no,yes,yes,1930.0,"The Artist.

By descent to the present owner, Massachusetts.

Accessible on the John Folinsbee online Catalogue Raisonné at https://www.johnfolinsbee.org, no. 1700.","quarry, landscape, trees, road, hills, sky, grass, clouds, rural",,,"Live John Fulton Folinsbee (American, 1892-1972) (American, 1892-1972) Mercer Quarry, Hopewell Township, New Jersey, c. 1930s oil on canvasboard 10 x 14 in.",https://assets.basta.app/accounts/4832eb18-f9a7-4c12-8295-871abe232696/images/c8669acc-1a2f-4cfe-b819-bac3c154c779?format=auto&width=1080&quality=75,https://freemansauction.com/auction/6507-american-art-and-pennsylvania-impressionism/lot/126,1.0,,,original,,
28d108a8-eb69-4496-87ff-14894c063059,Art,Sotheby's,HK1689,2025-12-12,Hong Kong,Arcade Sale | Hong Kong ,https://www.sothebys.com/en/buy/auction/2025/arcade-sale-hong-kong-3?lotFilter=AllLots,Lot 6901,HKD,400000.0,600000.0,48260.0,40216.67,51229.95,76844.92,6180.89,5150.74,Liu Wei,1972.0,,Liu Wei 劉韡 | Landscape Series (in 5 parts) 風景（五張一組）,photographs,gelatin silver prints,,627.5,310.0,cm,yes,yes,yes,2004.0,"CourtYard Gallery, BeijingSotheby's, Hong Kong, 31 March 2019, Lot 619Acquired from the above by the present owner
----------------------------------------------
åäº¬ï¼ååèç«å»é¦æ¸¯ï¼èå¯æ¯ï¼2019å¹´3æ31æ¥ï¼æåç·¨è619ç¾èèè³¼èªä¸è¿°ä¾æº","nude, human figures, body parts, backs, skin, landscape, contemporary photography, gelatin silver print, edition, 2004",,,"Liu Wei b. 1972 each signed in Chinese and Pinyin, titled, datedÂ  and numbered gelatin silver prints each: 310 by 125.5 cm. 122 by 49â in. overall: 310Â by 627.5 cm. 122 by 247 in. Executed in 2004, this work is number 3 from an edition of 5. ---------------------------------------------- åé¡ b. 1972 é¢¨æ¯ï¼ä¸çµäºå¼µï¼ æ¬¾è­ åé¡ï¼Liu Weiï¼Landscapeï¼3/5ï¼ 2004 ï¼æ¯å¹ä½åèé¢ï¼ éé¹½ç¸ç´å°å· æ¯å¹ï¼310 x 125.5 å¬åï¼122 x 49â è±å¯¸ æ´é«ï¼310Â x 627.5 å¬åï¼122 x 247 è±å¯¸ çæ¸ 3/5 2004å¹´ä½ï¼æ­¤ä½åå±5ç",https://sothebys-md.brightspotcdn.com/dims4/default/cbdeb40/2147483647/strip/true/crop/21118x10422+0+0/resize/4096x2021!/quality/90/?url=http%3A%2F%2Fsothebys-brightspot.s3.amazonaws.com%2Fmedia-desk%2Fb7%2F97%2F80ca1ec74c9f948142dffdfca1e5%2F127hk0857-b5268.jpg,https://www.sothebys.com/en/buy/auction/2025/arcade-sale-hong-kong-3/liu-wei-liu-wei-landscape-series-in-5-parts-feng,,,,,sold,yes
665fea18-15fb-48e0-8d3e-29a2af991227,Art,Sotheby's,HK1689,2025-12-12,Hong Kong,Arcade Sale | Hong Kong ,https://www.sothebys.com/en/buy/auction/2025/arcade-sale-hong-kong-3?lotFilter=AllLots,Lot 6902,HKD,30000.0,50000.0,12700.0,10583.33,3842.25,6403.74,1626.55,1355.46,Matthew Stone,1982.0,,Matthew Stone 馬修 · 斯通 | Looking For My Friend 在尋找我的朋友,mixed media,digital print and acrylic on linen,,90.0,120.0,cm,no,yes,yes,2016.0,"The Hole, New YorkSotheby's, Hong Kong, 1 March 2023, Lot 1196Acquired from the above by the present owner
----------------------------------------------
ç´ç´ï¼The Hole ç«å»é¦æ¸¯ï¼èå¯æ¯ï¼2023å¹´3æ1æ¥ï¼æåç·¨è1196ç¾èèè³¼èªä¸è¿°ä¾æº","face, portrait, abstract, paint strokes, colors, linen, expression, profile, contemporary, modern",,,Matthew Stone b. 1982 digital print and acrylic on linen 120 by 90 cm.Â Â  47Â¼ by 35â in.Â  Executed in 2016. ---------------------------------------------- é¦¬ä¿® Â· æ¯é 1982å¹´ç å¨å°æ¾æçæå å£ååæ¸ä½å°å·äºéº»å¸ 120 x 90 å¬å 47Â¼ x 35â è±å¯¸ 2016å¹´ä½,https://sothebys-md.brightspotcdn.com/dims4/default/f6b863c/2147483647/strip/true/crop/7263x9704+0+0/resize/4096x5473!/quality/90/?url=http%3A%2F%2Fsothebys-brightspot.s3.amazonaws.com%2Fmedia-desk%2Fcc%2F2c%2F09f4e1f249b5b4eb7035b94fa251%2Fhk1308-cgyfy-t3-01.jpg,https://www.sothebys.com/en/buy/auction/2025/arcade-sale-hong-kong-3/matthew-stone-ma-xiu-si-tong-looking-for-my-friend,,,,,sold,yes
8d30499b-9a96-47bd-9681-948dbfeb76a1,Art,Sotheby's,HK1689,2025-12-12,Hong Kong,Arcade Sale | Hong Kong ,https://www.sothebys.com/en/buy/auction/2025/arcade-sale-hong-kong-3?lotFilter=AllLots,Lot 6903,HKD,10000.0,20000.0,4445.0,3704.17,1280.75,2561.5,569.29,474.41,Wang Huaiqing,1944.0,,Six tables (六張桌子),prints,lithograph on paper,,89.0,75.8,cm,yes,yes,yes,1993.0,"Anna Ning Fine Art, Hong KongPrivate Collection (acquired from the above)Bonhams, Hong Kong, 15-17 March 2022, lot 56 (consigned by the above)Private Collection, Asia (acquired from the above)Sotheby's, Hong Kong, 23 November 2023, lot 2062 (consigned by the above)Acquired from the above by the present owner 
----------------------------------------------
é¦æ¸¯ï¼Anna Ning Fine Artç§äººæ¶èï¼è³¼èªä¸è¿°ä¾æºï¼é¦æ¸¯ï¼é¦æ¼¢æ¯ï¼2022å¹´3æ15è³17æ¥ï¼æåç·¨è56ï¼å§è¨èªä¸è¿°ä¾æºï¼äºæ´²ï¼ç§äººæ¶èï¼è³¼èªä¸è¿°ä¾æºï¼é¦æ¸¯ï¼èå¯æ¯ï¼2023å¹´11æ23æ¥ï¼æåç·¨è2062ï¼å§æèªä¸è¿°ä¾æºï¼ç¾èèè³¼èªä¸è¿°ä¾æº","abstract, geometric shapes, black lines, grey background, texture, vertical elements, horizontal elements, light blue band, muted colors",,,"Wang Huaiqing b.1944 signed çæ·æ¶ and numberedÂ  Â (upper right) lithograph on paper 75.8 by 89 cm. 29 â by 35 in. Executed in 1993, this work is number 14 from an edition of 50. ---------------------------------------------- çæ·æ¶ 1944å¹´ç å­å¼µæ¡å­ çæ·æ¶ï¼14/50ï¼å³ä¸ï¼ ç³æ¿çç« 75.8 x 89 å¬å 29â x 35 è±å¯¸ 1993å¹´ä½ 14/50 æ­¤ä½åå±50ç",https://sothebys-md.brightspotcdn.com/dims4/default/9ebc100/2147483647/strip/true/crop/9075x7798+0+0/resize/4096x3520!/quality/90/?url=http%3A%2F%2Fsothebys-brightspot.s3.amazonaws.com%2Fmedia-desk%2F23%2Ff4%2F05d8d31048f0aee040f9f113734a%2Fhk1370-cvqsk-t3-01.jpg,https://www.sothebys.com/en/buy/auction/2025/arcade-sale-hong-kong-3/wang-huaiqing-wang-huai-qing-six-tables-liu-zhang,,,,,sold,yes
34f38d79-6b48-498e-a0b1-3e0fce1ab78d,Art,Sotheby's,HK1689,2025-12-12,Hong Kong,Arcade Sale | Hong Kong ,https://www.sothebys.com/en/buy/auction/2025/arcade-sale-hong-kong-3?lotFilter=AllLots,Lot 6904,HKD,40000.0,60000.0,22860.0,19050.0,5122.99,7684.49,2927.79,2439.83,Tomoo Gokita,1969.0,,Untitled,mixed media,acrylic gouache on photograph,,8.6,13.5,cm,yes,yes,no,2018.0,"Taka Ishii Gallery, Hong KongSotheby's, Hong Kong, 24 February 2024, Lot 2038Acquired from the above by the present owner
-----------------------------------------
é¦æ¸¯ï¼Taka Ishii ç«å»é¦æ¸¯ï¼èå¯æ¯ï¼2024å¹´2æ24æ¥ï¼æåç·¨è2038 ç¾èèè³¼èªä¸è¿°ä¾æº","portrait, woman's head, black paint, white paint, vintage photograph",,,Tomoo Gokita b. 1969 signed and datedÂ  on the reverse acrylic gouache on photograph 13.5 by 8.6 cm. 5Â¼ by 3â in. Executed in 2018. ---------------------------------------- äºæ¨ç°æºå¤® 1969å¹´ç ç¡é¡ æ¬¾è­ èè¡å®¶ç°½åï¼2018ï¼ä½åèé¢ï¼ å£ååæ°´ç²ç¸ç 13.5 x 8.6 å¬å 5Â¼ x 3â è±å¯¸ 2018å¹´ä½,https://sothebys-md.brightspotcdn.com/dims4/default/972da6b/2147483647/strip/true/crop/1519x2400+0+0/resize/4096x6472!/quality/90/?url=http%3A%2F%2Fsothebys-brightspot.s3.amazonaws.com%2Fmedia-desk%2Fc6%2Fce%2F03621f9c4b4d8d94edb0986e8a08%2Fhk1507-cxdhw-cs-1-temp.jpg,https://www.sothebys.com/en/buy/auction/2025/arcade-sale-hong-kong-3/tomoo-gokita-wu-mu-tian-zhi-yang-untitled-wu-ti,,,,,sold,yes
15d15239-a26c-40cd-8c57-411c4ccab6ca,Art,Sotheby's,HK1689,2025-12-12,Hong Kong,Arcade Sale | Hong Kong ,https://www.sothebys.com/en/buy/auction/2025/arcade-sale-hong-kong-3?lotFilter=AllLots,Lot 6905,HKD,60000.0,80000.0,57150.0,47625.0,7684.49,10245.99,7319.48,6099.57,N/A,,,N/A,sculpture,ceramic,,,,N/A,yes,yes,yes,,"China House of Arts, New York, prior to 2000.A New York private collection.
ä¾æºï¼China House of Artsï¼ç´ç´ï¼2000å¹´å ç´ç´ç§äººæ¶è","horses, sculptures, ceramic, standing horse, rearing horse, pottery, traditional art, decorative art, Asian art, galloping",,,Unless marked with an \,https://sothebys-md.brightspotcdn.com/dims4/default/e3d917d/2147483647/strip/true/crop/3938x3937+0+0/resize/4096x4095!/quality/90/?url=http%3A%2F%2Fsothebys-brightspot.s3.amazonaws.com%2Fmedia-desk%2F4b%2F28%2Fb5cca12f450fa475e5798b022294%2Fhk1667-c2774-t2-01.jpg,https://www.sothebys.com/en/buy/auction/2025/arcade-sale-hong-kong-3/a-pair-of-painted-pottery-figures-of-horses-tang,,,,,sold,yes
d98a7453-0704-4c19-b88d-f971e54b7832,Art,Sotheby's,HK1689,2025-12-12,Hong Kong,Arcade Sale | Hong Kong ,https://www.sothebys.com/en/buy/auction/2025/arcade-sale-hong-kong-3?lotFilter=AllLots,Lot 6906,HKD,100000.0,150000.0,63500.0,52916.67,12807.49,19211.23,8132.75,6777.3,N/A,,,"A large blue and white ‘hundred deer’ jardinière, Ming dynasty, Wanli period 明萬曆 青花百鹿缸",ceramics,porcelain,,43.0,34.5,cm,no,yes,yes,,"Sotheby's Hong Kong, 25th May 2022, lot 457.
ä¾æºï¼é¦æ¸¯èå¯æ¯2022å¹´5æ25æ¥ï¼ç·¨è457","jardinière, deer, trees, clouds, mountains, landscape, blue, white, Ming dynasty, Wanli period",,,"A large blue and white âhundred deerâ jardiniÃ¨re, Ming dynasty, Wanli period æè¬æ éè±ç¾é¹¿ç¼¸ w. 43 cm, h. 34.5 cm",https://sothebys-md.brightspotcdn.com/dims4/default/b6717c6/2147483647/strip/true/crop/5359x5359+0+0/resize/4096x4096!/quality/90/?url=http%3A%2F%2Fsothebys-brightspot.s3.amazonaws.com%2Fmedia-desk%2F34%2Feb%2F312779d84893a23953371bd08e32%2Fhk1667-c5kf3-1-bi.jpg,https://www.sothebys.com/en/buy/auction/2025/arcade-sale-hong-kong-3/a-large-blue-and-white-hundred-deer-jardiniere,,,,,sold,yes
1a16cbee-e74b-4f34-9f5d-8167e3c1e21c,Art,Sotheby's,HK1689,2025-12-12,Hong Kong,Arcade Sale | Hong Kong ,https://www.sothebys.com/en/buy/auction/2025/arcade-sale-hong-kong-3?lotFilter=AllLots,Lot 6907,HKD,50000.0,70000.0,6985.0,5820.83,6403.74,8965.24,894.6,745.5,N/A,,,"A pair of yumu horseshoe-back low armchairs, quanyi",furniture,yumu (elm wood),87.3,66.4,71.5,cm,no,yes,yes,,"A Hong Kong private collection.Sotheby's Hong Kong, 1st June 2023, lot 484.
ä¾æºï¼é¦æ¸¯ç§äººæ¶èé¦æ¸¯èå¯æ¯2023å¹´6æ1æ¥ï¼ç·¨è484","pair of chairs, yumu wood, low armchairs, horseshoe-back design",,,"A pair of yumu horseshoe-back low armchairs, æ¦æ¨ç®åæ¤ä¸å° each 71.5 by 66.4 by 87.3 cm",https://sothebys-md.brightspotcdn.com/dims4/default/7c423cf/2147483647/strip/true/crop/9840x8652+0+0/resize/4096x3601!/quality/90/?url=http%3A%2F%2Fsothebys-brightspot.s3.amazonaws.com%2Fmedia-desk%2F7d%2F8d%2Fe43f0b1a43888120a5abae4bca23%2Fhk1330-c9sby-t3-01.jpg,https://www.sothebys.com/en/buy/auction/2025/arcade-sale-hong-kong-3/a-pair-of-yumu-horseshoe-back-low-armchairs-quanyi,,,,,sold,yes
553632a5-3c0f-4240-b119-9b5dd56c2eea,Art,Sotheby's,N11752,2025-10-22,New York,Prints & Photographs Part I,https://www.sothebys.com/en/buy/auction/2025/prints-photographs-part-i?lotFilter=AllLots,Lot 52,USD,140000.0,180000.0,317500.0,264583.33,140000.0,180000.0,317500.0,264583.33,Andy Warhol,1928,1987.0,Marilyn Monroe (Marilyn) (Feldman & Schellmann II.28),prints,screenprint in colors on wove paper,,38.0,38.0,in,yes,yes,yes,1967,,"Marilyn Monroe, colorful, portrait, hair, lips, face, makeup, pop art, pink background",1.0,,"Andy Warhol 1928 - 1987 signed in pencil on the verso and stamp-numbered screenprint in colors on wove paper sheet approx.: 38 by 38 in. (91.4 by 91.4 cm.) Executed in 1967, this impression is number 222 from the edition of 250 plus 26 artist's proofs lettered A-Z, published by Factory Additions.",https://sothebys-md.brightspotcdn.com/dims4/default/934143d/2147483647/strip/true/crop/1998x2000+0+0/resize/4096x4100!/quality/90/?url=http%3A%2F%2Fsothebys-brightspot.s3.amazonaws.com%2Fmedia-desk%2Fwebnative%2Fimages%2Feb%2F85%2F76ce46ef4106a4f30e4dab7264ab%2Fn11752-dfw8d-bi-t1-07-a.jpg,https://www.sothebys.com/en/buy/auction/2025/prints-photographs-part-i/marilyn-monroe-marilyn-feldman-schellmann-ii-28,,,,,sold,yes
ea65c4e4-a465-4d99-8d9e-bb4b1575b0e7,Art,Sotheby's,N11752,2025-10-22,New York,Prints & Photographs Part I,https://www.sothebys.com/en/buy/auction/2025/prints-photographs-part-i?lotFilter=AllLots,Lot 53,USD,200000.0,300000.0,355600.0,296333.33,200000.0,300000.0,355600.0,296333.33,Andy Warhol,1928,1987.0,Marilyn Monroe (Marilyn) (Feldman & Schellmann II.31),prints,screenprint in colors on wove paper,,36.0,36.0,in,yes,yes,yes,1967,,"Marilyn Monroe, portrait, bright colors, pink background, blonde hair, makeup, smiling face, artistic representation",1.0,,"Andy Warhol 1928 - 1987 signed in pencil on the verso and stamp-numbered screenprint in colors on wove paper sheet approx.: 36 by 36 in. (91.4 by 91.4 cm.) Executed in 1967, this impression is number 222 from the edition of 250 plus 26 artist's proofs lettered A-Z, published by Factory Additions.",https://sothebys-md.brightspotcdn.com/dims4/default/67a201d/2147483647/strip/true/crop/2000x1998+0+0/resize/4096x4092!/quality/90/?url=http%3A%2F%2Fsothebys-brightspot.s3.amazonaws.com%2Fmedia-desk%2Fwebnative%2Fimages%2Fea%2F3f%2Fbfd9013743d6b5ba74e103d9312d%2Fn11752-dfw8g-bi-t1-10-a.jpg,https://www.sothebys.com/en/buy/auction/2025/prints-photographs-part-i/marilyn-monroe-marilyn-feldman-schellmann-ii-31,,,,,sold,yes
1f16166b-4541-4190-a884-c6ae1f7ad833,Art,Sotheby's,N11752,2025-10-22,New York,Prints & Photographs Part I,https://www.sothebys.com/en/buy/auction/2025/prints-photographs-part-i?lotFilter=AllLots,Lot 54,USD,180000.0,220000.0,444500.0,370416.67,180000.0,220000.0,444500.0,370416.67,Andy Warhol,1928,1987.0,"Superman, from Myths (Feldman & Shellmann II.260)",prints,screenprint in colors with diamond dust on Lenox Museum Board,,38.0,38.0,in,yes,yes,yes,1981,,"Superman, comic book character, blue suit, red cape, fists, action pose, black background",1.0,,"Andy Warhol 1928 - 1987 , from signed in pencil and inscribed screenprint in colors with diamond dust on Lenox Museum Board sheet approx.: 38 by 38 in. (96.5 by 96.5 cm.) Executed in 1981, this impression is one of five printer's proofs aside from the numbered edition of 200 plus 30 artist's proofs, with the blindstamp of the printer, Rupert Jasen Smith, published by Ronald Feldman Fine Arts, Inc., and with their inkstamp on the verso.",https://sothebys-md.brightspotcdn.com/dims4/default/8724b44/2147483647/strip/true/crop/4646x4640+0+0/resize/4096x4091!/quality/90/?url=http%3A%2F%2Fsothebys-brightspot.s3.amazonaws.com%2Fmedia-desk%2F7d%2F8e%2Fb54274ba4eb3ae2b51000689b9b8%2Fn11752-dftpm-bi-t1-08-a.jpg,https://www.sothebys.com/en/buy/auction/2025/prints-photographs-part-i/superman-from-myths-feldman-shellmann-ii-260,,,,,sold,yes
2c11b7c0-a56e-49e8-b404-0201733aeeab,Art,Sotheby's,N11752,2025-10-22,New York,Prints & Photographs Part I,https://www.sothebys.com/en/buy/auction/2025/prints-photographs-part-i?lotFilter=AllLots,Lot 55,USD,150000.0,250000.0,241300.0,201083.33,150000.0,250000.0,241300.0,201083.33,Andy Warhol,1928,1987.0,"Mickey Mouse, from Myths (Feldman & Schellmann II.265)",prints,screenprint in colors with diamond dust on Lenox Museum Board,,38.0,38.0,in,yes,yes,yes,1981,,"Mickey Mouse, character, cartoon, animated figure, black background, white color, red lips, lines, illustration, smile",1.0,,"Andy Warhol 1928 - 1987 , from signed in pencil and inscribed screenprint in colors with diamond dust on Lenox Museum Board sheet approx.: 38 by 38 in. (96.5 by 96.5 cm.) Executed in 1981, this impression is one of 30 artist's proofs aside from the numbered edition of 200, with the blindstamp of the printer, Rupert Jasen Smith, published by Ronald Feldman.",https://sothebys-md.brightspotcdn.com/dims4/default/c908964/2147483647/strip/true/crop/2000x1996+0+0/resize/4096x4088!/quality/90/?url=http%3A%2F%2Fsothebys-brightspot.s3.amazonaws.com%2Fmedia-desk%2Fwebnative%2Fimages%2F1f%2F63%2F364625034d69b850590f0497fd46%2Fn11752-dftr2-bi-t1-11-a.jpg,https://www.sothebys.com/en/buy/auction/2025/prints-photographs-part-i/mickey-mouse-from-myths-feldman-schellmann-ii-265,,,,,sold,yes
a269cf63-8f07-4a73-ac84-e290c1f81fe6,Art,Sotheby's,HK1689,2025-12-12,Hong Kong,Arcade Sale | Hong Kong ,https://www.sothebys.com/en/buy/auction/2025/arcade-sale-hong-kong-3?lotFilter=AllLots,Lot 6901,HKD,400000.0,600000.0,1.0,0.8300000000000001,51229.95,76844.92,0.13,0.11,Liu Wei,1972.0,,Liu Wei 劉韡 | Landscape Series (in 5 parts) 風景（五張一組）,photographs,gelatin silver prints,,627.5,310.0,cm,yes,yes,yes,2004.0,"CourtYard Gallery, BeijingSotheby's, Hong Kong, 31 March 2019, Lot 619Acquired from the above by the present owner
----------------------------------------------
åäº¬ï¼ååèç«å»é¦æ¸¯ï¼èå¯æ¯ï¼2019å¹´3æ31æ¥ï¼æåç·¨è619ç¾èèè³¼èªä¸è¿°ä¾æº","nude figures, backs, skin, texture, body parts, human form, black and white, landscape, fog",,,"Liu Wei b. 1972 each signed in Chinese and Pinyin, titled, datedÂ  and numbered gelatin silver prints each: 310 by 125.5 cm. 122 by 49â in. overall: 310Â by 627.5 cm. 122 by 247 in. Executed in 2004, this work is number 3 from an edition of 5. ---------------------------------------------- åé¡ b. 1972 é¢¨æ¯ï¼ä¸çµäºå¼µï¼ æ¬¾è­ åé¡ï¼Liu Weiï¼Landscapeï¼3/5ï¼ 2004 ï¼æ¯å¹ä½åèé¢ï¼ éé¹½ç¸ç´å°å· æ¯å¹ï¼310 x 125.5 å¬åï¼122 x 49â è±å¯¸ æ´é«ï¼310Â x 627.5 å¬åï¼122 x 247 è±å¯¸ çæ¸ 3/5 2004å¹´ä½ï¼æ­¤ä½åå±5ç",https://sothebys-md.brightspotcdn.com/dims4/default/cbdeb40/2147483647/strip/true/crop/21118x10422+0+0/resize/4096x2021!/quality/90/?url=http%3A%2F%2Fsothebys-brightspot.s3.amazonaws.com%2Fmedia-desk%2Fb7%2F97%2F80ca1ec74c9f948142dffdfca1e5%2F127hk0857-b5268.jpg,https://www.sothebys.com/en/buy/auction/2025/arcade-sale-hong-kong-3/liu-wei-liu-wei-landscape-series-in-5-parts-feng,,,,,sold,yes
f4f8a0a5-edeb-4d56-b676-e914e41f3414,Art,Sotheby's,HK1689,2025-12-12,Hong Kong,Arcade Sale | Hong Kong ,https://www.sothebys.com/en/buy/auction/2025/arcade-sale-hong-kong-3?lotFilter=AllLots,Lot 6902,HKD,30000.0,50000.0,3000.0,2500.0,3842.25,6403.74,384.22,320.19,Matthew Stone,1982.0,,Matthew Stone 馬修 · 斯通 | Looking For My Friend 在尋找我的朋友,mixed media,digital print and acrylic on linen,,90.0,120.0,cm,no,yes,yes,2016.0,"The Hole, New YorkSotheby's, Hong Kong, 1 March 2023, Lot 1196Acquired from the above by the present owner
----------------------------------------------
ç´ç´ï¼The Hole ç«å»é¦æ¸¯ï¼èå¯æ¯ï¼2023å¹´3æ1æ¥ï¼æåç·¨è1196ç¾èèè³¼èªä¸è¿°ä¾æº","profile, face, abstract, colorful, portrait, human figure, paint strokes, linen, facial features, expression",,,Matthew Stone b. 1982 digital print and acrylic on linen 120 by 90 cm.Â Â  47Â¼ by 35â in.Â  Executed in 2016. ---------------------------------------------- é¦¬ä¿® Â· æ¯é 1982å¹´ç å¨å°æ¾æçæå å£ååæ¸ä½å°å·äºéº»å¸ 120 x 90 å¬å 47Â¼ x 35â è±å¯¸ 2016å¹´ä½,https://sothebys-md.brightspotcdn.com/dims4/default/f6b863c/2147483647/strip/true/crop/7263x9704+0+0/resize/4096x5473!/quality/90/?url=http%3A%2F%2Fsothebys-brightspot.s3.amazonaws.com%2Fmedia-desk%2Fcc%2F2c%2F09f4e1f249b5b4eb7035b94fa251%2Fhk1308-cgyfy-t3-01.jpg,https://www.sothebys.com/en/buy/auction/2025/arcade-sale-hong-kong-3/matthew-stone-ma-xiu-si-tong-looking-for-my-friend,,,,,sold,yes
7663ac87-1aec-4a62-9cc0-9cbfb1e5a16c,Art,Sotheby's,HK1689,2025-12-12,Hong Kong,Arcade Sale | Hong Kong ,https://www.sothebys.com/en/buy/auction/2025/arcade-sale-hong-kong-3?lotFilter=AllLots,Lot 6903,HKD,10000.0,20000.0,1.0,0.8300000000000001,1280.75,2561.5,0.13,0.11,Wang Huaiqing,1944.0,,Six tables (六張桌子),prints,lithograph on paper,,89.0,75.8,cm,yes,yes,yes,1993.0,"Anna Ning Fine Art, Hong KongPrivate Collection (acquired from the above)Bonhams, Hong Kong, 15-17 March 2022, lot 56 (consigned by the above)Private Collection, Asia (acquired from the above)Sotheby's, Hong Kong, 23 November 2023, lot 2062 (consigned by the above)Acquired from the above by the present owner 
----------------------------------------------
é¦æ¸¯ï¼Anna Ning Fine Artç§äººæ¶èï¼è³¼èªä¸è¿°ä¾æºï¼é¦æ¸¯ï¼é¦æ¼¢æ¯ï¼2022å¹´3æ15è³17æ¥ï¼æåç·¨è56ï¼å§è¨èªä¸è¿°ä¾æºï¼äºæ´²ï¼ç§äººæ¶èï¼è³¼èªä¸è¿°ä¾æºï¼é¦æ¸¯ï¼èå¯æ¯ï¼2023å¹´11æ23æ¥ï¼æåç·¨è2062ï¼å§æèªä¸è¿°ä¾æºï¼ç¾èèè³¼èªä¸è¿°ä¾æº","abstract, black shapes, light blue band, textured background, vertical lines, minimalism, grey tones, geometric composition",,,"Wang Huaiqing b.1944 signed çæ·æ¶ and numberedÂ  Â (upper right) lithograph on paper 75.8 by 89 cm. 29 â by 35 in. Executed in 1993, this work is number 14 from an edition of 50. ---------------------------------------------- çæ·æ¶ 1944å¹´ç å­å¼µæ¡å­ çæ·æ¶ï¼14/50ï¼å³ä¸ï¼ ç³æ¿çç« 75.8 x 89 å¬å 29â x 35 è±å¯¸ 1993å¹´ä½ 14/50 æ­¤ä½åå±50ç",https://sothebys-md.brightspotcdn.com/dims4/default/9ebc100/2147483647/strip/true/crop/9075x7798+0+0/resize/4096x3520!/quality/90/?url=http%3A%2F%2Fsothebys-brightspot.s3.amazonaws.com%2Fmedia-desk%2F23%2Ff4%2F05d8d31048f0aee040f9f113734a%2Fhk1370-cvqsk-t3-01.jpg,https://www.sothebys.com/en/buy/auction/2025/arcade-sale-hong-kong-3/wang-huaiqing-wang-huai-qing-six-tables-liu-zhang,,,,,sold,yes
d2122147-9586-456e-982c-a7c8ee2bfffc,Art,Sotheby's,HK1689,2025-12-12,Hong Kong,Arcade Sale | Hong Kong ,https://www.sothebys.com/en/buy/auction/2025/arcade-sale-hong-kong-3?lotFilter=AllLots,Lot 6904,HKD,40000.0,60000.0,8000.0,6666.67,5122.99,7684.49,1024.6,853.83,Tomoo Gokita,1969.0,,Untitled,mixed media,acrylic gouache on photograph,,8.6,13.5,cm,yes,yes,no,2018.0,"Taka Ishii Gallery, Hong KongSotheby's, Hong Kong, 24 February 2024, Lot 2038Acquired from the above by the present owner
-----------------------------------------
é¦æ¸¯ï¼Taka Ishii ç«å»é¦æ¸¯ï¼èå¯æ¯ï¼2024å¹´2æ24æ¥ï¼æåç·¨è2038 ç¾èèè³¼èªä¸è¿°ä¾æº","woman, portrait, pearls, black paint, white paint, vintage photograph, designer dress, hairstyle, obscured face, acrylic",,,Tomoo Gokita b. 1969 signed and datedÂ  on the reverse acrylic gouache on photograph 13.5 by 8.6 cm. 5Â¼ by 3â in. Executed in 2018. ---------------------------------------- äºæ¨ç°æºå¤® 1969å¹´ç ç¡é¡ æ¬¾è­ èè¡å®¶ç°½åï¼2018ï¼ä½åèé¢ï¼ å£ååæ°´ç²ç¸ç 13.5 x 8.6 å¬å 5Â¼ x 3â è±å¯¸ 2018å¹´ä½,https://sothebys-md.brightspotcdn.com/dims4/default/972da6b/2147483647/strip/true/crop/1519x2400+0+0/resize/4096x6472!/quality/90/?url=http%3A%2F%2Fsothebys-brightspot.s3.amazonaws.com%2Fmedia-desk%2Fc6%2Fce%2F03621f9c4b4d8d94edb0986e8a08%2Fhk1507-cxdhw-cs-1-temp.jpg,https://www.sothebys.com/en/buy/auction/2025/arcade-sale-hong-kong-3/tomoo-gokita-wu-mu-tian-zhi-yang-untitled-wu-ti,,,,,sold,yes
4ca824d8-f840-480a-8458-f4e23f3be5b6,Art,Sotheby's,HK1689,2025-12-12,Hong Kong,Arcade Sale | Hong Kong ,https://www.sothebys.com/en/buy/auction/2025/arcade-sale-hong-kong-3?lotFilter=AllLots,Lot 6905,HKD,60000.0,80000.0,2000.0,1666.67,7684.49,10245.99,256.15,213.46,N/A,,,"A pair of painted pottery figures of horses, Tang dynasty",ceramics,painted pottery,,,28.0,in,no,yes,yes,,"China House of Arts, New York, prior to 2000.A New York private collection.
ä¾æºï¼China House of Artsï¼ç´ç´ï¼2000å¹´å ç´ç´ç§äººæ¶è","horses, sculptures, ceramic, figurines",,,"Height of taller 28 in., 71 cm the dating of this lot is consistent with the results of Oxford Authentication Ltd. thermoluminescence tests nos C122a11 and C122a12 Please note the illustrations on the website don't reflect the damages of the lot. Please refer to the condition reports and the detailed images . è«çæç¶²é ç§çå¹¶æªåæ è¯¥æåçæåæåµãè«ååé±æåçæ³å ±ååç´°åã",https://sothebys-md.brightspotcdn.com/dims4/default/e3d917d/2147483647/strip/true/crop/3938x3937+0+0/resize/4096x4095!/quality/90/?url=http%3A%2F%2Fsothebys-brightspot.s3.amazonaws.com%2Fmedia-desk%2F4b%2F28%2Fb5cca12f450fa475e5798b022294%2Fhk1667-c2774-t2-01.jpg,https://www.sothebys.com/en/buy/auction/2025/arcade-sale-hong-kong-3/a-pair-of-painted-pottery-figures-of-horses-tang,,,,,sold,yes
be40f69d-82ef-4c51-b1ff-5ee036859c3a,Art,Sotheby's,HK1689,2025-12-12,Hong Kong,Arcade Sale | Hong Kong ,https://www.sothebys.com/en/buy/auction/2025/arcade-sale-hong-kong-3?lotFilter=AllLots,Lot 6906,HKD,100000.0,150000.0,18000.0,15000.0,12807.49,19211.23,2305.35,1921.12,N/A,,,"A large blue and white ‘hundred deer’ jardinière, Ming dynasty, Wanli period 明萬曆 青花百鹿缸",ceramics,porcelain,,43.0,34.5,cm,no,yes,yes,,"Sotheby's Hong Kong, 25th May 2022, lot 457.
ä¾æºï¼é¦æ¸¯èå¯æ¯2022å¹´5æ25æ¥ï¼ç·¨è457","jardinière, blue, white, deer, trees, mountains, clouds, landscape, Ming dynasty, Wanli period",,,"A large blue and white âhundred deerâ jardiniÃ¨re, Ming dynasty, Wanli period æè¬æ éè±ç¾é¹¿ç¼¸ w. 43 cm, h. 34.5 cm",https://sothebys-md.brightspotcdn.com/dims4/default/b6717c6/2147483647/strip/true/crop/5359x5359+0+0/resize/4096x4096!/quality/90/?url=http%3A%2F%2Fsothebys-brightspot.s3.amazonaws.com%2Fmedia-desk%2F34%2Feb%2F312779d84893a23953371bd08e32%2Fhk1667-c5kf3-1-bi.jpg,https://www.sothebys.com/en/buy/auction/2025/arcade-sale-hong-kong-3/a-large-blue-and-white-hundred-deer-jardiniere,,,,,sold,yes
1374a7c6-3a26-47f2-9f8a-da77bd3d3538,Art,Sotheby's,HK1689,2025-12-12,Hong Kong,Arcade Sale | Hong Kong ,https://www.sothebys.com/en/buy/auction/2025/arcade-sale-hong-kong-3?lotFilter=AllLots,Lot 6907,HKD,50000.0,70000.0,1.0,0.8300000000000001,6403.74,8965.24,0.13,0.11,N/A,,,"A pair of yumu horseshoe-back low armchairs, quanyi",furniture,yumu (elm wood),87.3,66.4,71.5,cm,no,yes,yes,,"A Hong Kong private collection.Sotheby's Hong Kong, 1st June 2023, lot 484.
ä¾æºï¼é¦æ¸¯ç§äººæ¶èé¦æ¸¯èå¯æ¯2023å¹´6æ1æ¥ï¼ç·¨è484","pair, chairs, wooden, armchairs, horseshoe-back, furniture, antique, Chinese, low armchairs, design",,,"A pair of yumu horseshoe-back low armchairs, æ¦æ¨ç®åæ¤ä¸å° each 71.5 by 66.4 by 87.3 cm",https://sothebys-md.brightspotcdn.com/dims4/default/7c423cf/2147483647/strip/true/crop/9840x8652+0+0/resize/4096x3601!/quality/90/?url=http%3A%2F%2Fsothebys-brightspot.s3.amazonaws.com%2Fmedia-desk%2F7d%2F8d%2Fe43f0b1a43888120a5abae4bca23%2Fhk1330-c9sby-t3-01.jpg,https://www.sothebys.com/en/buy/auction/2025/arcade-sale-hong-kong-3/a-pair-of-yumu-horseshoe-back-low-armchairs-quanyi,,,,,sold,yes
467bc8dc-dae2-49bb-8196-ba8c2158578c,Artwork,Sotheby's,N11752,2025-10-22,New York,Prints & Photographs Part I,https://www.sothebys.com/en/buy/auction/2025/prints-photographs-part-i,Lot 52,USD,150000.0,280000.0,317500.0,264583.33,150000.0,280000.0,317500.0,264583.33,Andy Warhol,1928.0,1987.0,Marilyn Monroe (Marilyn) (Feldman & Schellmann II.28),prints,screenprint in colors on wove paper,,38.0,38.0,in,yes,yes,yes,,,"Marilyn Monroe, screenprint, colorful, portrait, pop art, women's face, vivid colors, lip markings, blond hair, 1960s",,,"Andy Warhol1928 - 1987Marilyn Monroe (Marilyn) (Feldman & Schellmann II.28)
signed in pencil on the verso and stamp-numbered 222/250screenprint in colors on wove papersheet: 38 by 38 in. (91.4 by 91.4 cm.)Executed in 1967, this impression is number 222 from the edition of 250 plus 26 artist's proofs lettered A-Z, published by Factory Additions.",https://sothebys-md.brightspotcdn.com/dims4/default/7f736e0/2147483647/strip/true/crop/2000x1995+0+0/resize/1024x1021!/quality/90/?url=http%3A%2F%2Fsothebys-brightspot.s3.amazonaws.com%2Fmedia-desk%2Fwebnative%2Fimages%2Fbc%2F65%2F1b396e694e5b95b76efbb6178ee4%2Fn11752-dfw8d-t1-02-a.jpg,https://www.sothebys.com/en/buy/auction/2025/prints-photographs-part-i/marilyn-monroe-marilyn-feldman-schellmann-ii-28,1.0,1960.0,1969.0,original,sold,yes
b8d5ff4c-f99e-4d43-8c3b-11b20225d2a9,Artwork,Sotheby's,N11752,2025-10-22,New York,Prints & Photographs Part I,https://www.sothebys.com/en/buy/auction/2025/prints-photographs-part-i,Lot 53,USD,250000.0,350000.0,355600.0,296333.33,250000.0,350000.0,355600.0,296333.33,Andy Warhol,1928.0,1987.0,Marilyn Monroe (Marilyn) (Feldman & Schellmann II.31),prints,screenprint in colors on wove paper,,36.0,36.0,in,yes,yes,yes,,,"Marilyn Monroe,pop art,screenprint,color,portrait,face,blonde hair,pink background,yellow,makeup",,,"Andy Warhol1928 - 1987Marilyn Monroe (Marilyn) (Feldman & Schellmann II.31)
signed in pencil on the verso and stamp-numbered 222/250screenprint in colors on wove papersheet: 36 by 36 in. (91.4 by 91.4 cm.)Executed in 1967, this impression is number 222 from the edition of 250 plus 26 artist's proofs lettered A-Z, published by Factory Additions.",https://sothebys-md.brightspotcdn.com/dims4/default/cec245d/2147483647/strip/true/crop/2000x1998+0+0/resize/1024x1023!/quality/90/?url=http%3A%2F%2Fsothebys-brightspot.s3.amazonaws.com%2Fmedia-desk%2Fwebnative%2Fimages%2Fea%2F3f%2Fbfd9013743d6b5ba74e103d9312d%2Fn11752-dfw8g-bi-t1-10-a.jpg,https://www.sothebys.com/en/buy/auction/2025/prints-photographs-part-i/marilyn-monroe-marilyn-feldman-schellmann-ii-31,1.0,1967.0,1967.0,original,sold,yes
cfaeabf8-9c72-4554-bfec-e61e166b4249,Artwork,Sotheby's,N11752,2025-10-22,New York,Prints & Photographs Part I,https://www.sothebys.com/en/buy/auction/2025/prints-photographs-part-i,Lot 54,USD,200000.0,300000.0,444500.0,370416.67,200000.0,300000.0,444500.0,370416.67,Andy Warhol,1928.0,1987.0,"Superman, from Myths (Feldman & Shellmann II.260)",prints,screenprint in colors with diamond dust on Lenox Museum Board,,38.0,38.0,in,yes,yes,yes,,,"Superman, comic book characters, blue color, red color, action, muscular figures, graphic design, screenprint, diamond dust, pop art",,,"Andy Warhol1928 - 1987Superman, from Myths (Feldman & Shellmann II.260)
signed in pencil and inscribed PP 2/5screenprint in colors with diamond dust on Lenox Museum Boardsheet: 38 by 38 in. (96.5 by 96.5 cm.)Executed in 1981, this impression is one of five printer's proofs aside from the numbered edition of 200 plus 30 artist's proofs, with the blindstamp of the printer, Rupert Jasen Smith, published by Ronald Feldman Fine Arts, Inc., and with their inkstamp on the verso.",https://sothebys-md.brightspotcdn.com/dims4/default/b88665e/2147483647/strip/true/crop/4646x4640+0+0/resize/1024x1023!/quality/90/?url=http%3A%2F%2Fsothebys-brightspot.s3.amazonaws.com%2Fmedia-desk%2F7d%2F8e%2Fb54274ba4eb3ae2b51000689b9b8%2Fn11752-dftpm-bi-t1-08-a.jpg,https://www.sothebys.com/en/buy/auction/2025/prints-photographs-part-i/superman-from-myths-feldman-shellmann-ii-260,1.0,1981.0,1981.0,original,sold,yes
f3eccd2f-2dda-4912-a625-02d3a9b14213,Artwork,Sotheby's,N11752,2025-10-22,New York,Prints & Photographs Part I,https://www.sothebys.com/en/buy/auction/2025/prints-photographs-part-i,Lot 55,USD,180000.0,250000.0,241300.0,201083.33,180000.0,250000.0,241300.0,201083.33,Andy Warhol,1928.0,1987.0,"Mickey Mouse, from Myths (Feldman & Schellmann II.265)",prints,screenprint in colors with diamond dust on Lenox Museum Board,,38.0,38.0,in,yes,yes,yes,,,"Mickey Mouse, cartoon character, screenprint, colors, diamond dust, black background, smiling face, signature, artist's proof, pop art",,,"Andy Warhol1928 - 1987Mickey Mouse, from Myths (Feldman & Schellmann II.265)
signed in pencil and inscribed AP 22/30screenprint in colors with diamond dust on Lenox Museum Boardsheet: 38 by 38 in. (96.5 by 96.5 cm.)Executed in 1981, this impression is one of 30 artist's proofs aside from the numbered edition of 200, with the blindstamp of the printer, Rupert Jasen Smith, published by Ronald Feldman.",https://sothebys-md.brightspotcdn.com/dims4/default/27be683/2147483647/strip/true/crop/2000x1996+0+0/resize/1024x1022!/quality/90/?url=http%3A%2F%2Fsothebys-brightspot.s3.amazonaws.com%2Fmedia-desk%2Fwebnative%2Fimages%2F1f%2F63%2F364625034d69b850590f0497fd46%2Fn11752-dftr2-bi-t1-11-a.jpg,https://www.sothebys.com/en/buy/auction/2025/prints-photographs-part-i/mickey-mouse-from-myths-feldman-schellmann-ii-265,1.0,1980.0,1989.0,original,sold,yes
